000000
000000
000000
000000
000000
000000
000000
000000
000000
000000
000000
000000
000000
000000
000000
000000
000000
000000
000000
000000
000000
000000
000000
000000
000000
000000
000000
000000
000000
000000
000000
000000
000000
000000
000000
000000
000000
000000
000000
000000
000000
000000
000000
000000
000000
000000
000000
000000
000000
000000
000000
000000
000000
000000
000000
000000
000000
000000
000000
000000
000000
000000
000000
000000
000000
000000
000000
000000
000000
000000
000000
000000
000000
000000
000000
000000
000000
000000
000000
000000
000000
000000
000000
000000
000000
000000
000000
000000
000000
000000
000000
000000
000000
000000
000000
000000
000000
000000
000000
000000
000000
000000
000000
000000
000000
000000
000000
000000
000000
000000
000000
000000
000000
000000
000000
000000
000000
000000
000000
000000
000000
000000
000000
000000
000000
000000
000000
000000
000000
000000
000000
000000
000000
000000
000000
000000
000000
000000
000000
000000
000000
000000
000000
000000
000000
000000
000000
000000
000000
000000
000000
000000
000000
000000
000000
000000
000000
000000
000000
000000
000000
000000
000000
000000
000000
000000
000000
000000
000000
000000
000000
000000
000000
000000
000000
000000
000000
000000
000000
000000
000000
000000
000000
000000
000000
000000
000000
000000
000000
000000
000000
000000
000000
000000
000000
000000
000000
000000
000000
000000
000000
000000
000000
000000
000000
000000
000000
000000
000000
000000
000000
000000
000000
000000
000000
000000
000000
000000
000000
000000
000000
000000
000000
000000
000000
000000
000000
000000
000000
000000
000000
000000
000000
000000
000000
000000
000000
000000
000000
000000
000000
000000
000000
000000
000000
000000
000000
000000
000000
000000
000000
000000
000000
000000
000000
000000
000000
000000
000000
000000
000000
000000
000000
000000
000000
000000
000000
000000
000000
000000
000000
000000
000000
000000
000000
000000
000000
000000
000000
000000
000000
000000
000000
000000
000000
000000
000000
000000
000000
000000
000000
000000
000000
000000
000000
000000
000000
000000
000000
000000
000000
000000
000000
000000
000000
000000
000000
000000
000000
000000
000000
000000
000000
000000
000000
000000
000000
000000
000000
000000
000000
000000
000000
000000
000000
000000
000000
000000
000000
000000
000000
000000
000000
000000
000000
000000
000000
000000
000000
000000
000000
000000
000000
000000
000000
000000
000000
000000
000000
000000
000000
000000
000000
000000
000000
000000
000000
000000
000000
000000
000000
000000
000000
000000
000000
000000
000000
000000
000000
000000
000000
000000
000000
000000
000000
000000
000000
000000
000000
000000
000000
000000
000000
000000
000000
000000
000000
000000
000000
000000
000000
000000
000000
000000
000000
000000
000000
000000
000000
000000
000000
000000
000000
000000
000000
000000
000000
000000
000000
000000
000000
000000
000000
000000
000000
000000
000000
000000
000000
000000
000000
000000
000000
000000
000000
000000
000000
000000
000000
000000
000000
000000
000000
000000
000000
000000
000000
000000
000000
000000
000000
000000
000000
000000
000000
000000
000000
000000
000000
000000
000000
000000
000000
000000
000000
000000
000000
000000
000000
000000
000000
000000
000000
000000
000000
000000
000000
000000
000000
000000
000000
000000
000000
000000
000000
000000
000000
000000
000000
000000
000000
000000
000000
000000
000000
000000
000000
000000
000000
000000
000000
000000
000000
000000
000000
000000
000000
000000
000000
000000
000000
000000
000000
000000
000000
000000
000000
000000
000000
000000
000000
000000
000000
000000
000000
000000
000000
000000
000000
000000
000000
000000
000000
000000
000000
000000
000000
000000
000000
000000
000000
000000
000000
000000
000000
000000
000000
000000
000000
000000
000000
000000
000000
000000
000000
000000
000000
000000
000000
000000
000000
000000
000000
000000
000000
000000
000000
000000
000000
000000
000000
000000
000000
000000
000000
000000
000000
000000
000000
000000
000000
000000
000000
000000
000000
000000
000000
000000
000000
000000
000000
000000
000000
000000
000000
000000
000000
000000
000000
000000
000000
000000
000000
000000
000000
000000
000000
000000
000000
000000
000000
000000
000000
000000
000000
000000
000000
000000
000000
000000
000000
000000
000000
000000
000000
000000
000000
000000
000000
000000
000000
000000
000000
000000
000000
000000
000000
000000
000000
000000
000000
000000
000000
000000
000000
000000
000000
000000
000000
000000
000000
000000
000000
000000
000000
000000
000000
000000
000000
000000
000000
000000
000000
000000
000000
000000
000000
000000
000000
000000
000000
000000
000000
000000
000000
000000
000000
000000
000000
000000
000000
000000
000000
000000
000000
000000
000000
000000
000000
000000
000000
000000
000000
000000
000000
000000
000000
000000
000000
000000
000000
000000
000000
000000
000000
000000
000000
000000
000000
000000
000000
000000
000000
000000
000000
000000
000000
000000
000000
000000
000000
000000
000000
000000
000000
000000
000000
000000
000000
000000
000000
000000
000000
000000
000000
000000
000000
000000
000000
000000
000000
000000
000000
000000
000000
000000
000000
000000
000000
000000
000000
000000
000000
000000
000000
000000
000000
000000
000000
000000
000000
000000
000000
000000
000000
000000
000000
000000
000000
000000
000000
000000
000000
000000
000000
000000
000000
000000
000000
000000
000000
000000
000000
000000
000000
000000
000000
000000
000000
000000
000000
000000
000000
000000
000000
000000
000000
000000
000000
000000
000000
000000
000000
000000
000000
000000
000000
000000
000000
000000
000000
000000
000000
000000
000000
000000
000000
000000
000000
000000
000000
000000
000000
000000
000000
000000
000000
000000
000000
000000
000000
000000
000000
000000
000000
000000
000000
000000
000000
000000
000000
000000
000000
000000
000000
000000
000000
000000
000000
000000
000000
000000
000000
000000
000000
000000
000000
000000
000000
000000
000000
000000
000000
000000
000000
000000
000000
000000
000000
000000
000000
000000
000000
000000
000000
000000
000000
000000
000000
000000
000000
000000
000000
000000
000000
000000
000000
000000
000000
000000
000000
000000
000000
000000
000000
000000
000000
000000
000000
000000
000000
000000
000000
000000
000000
000000
000000
000000
000000
000000
000000
000000
000000
000000
000000
000000
000000
000000
000000
000000
000000
000000
000000
000000
000000
000000
000000
000000
000000
000000
000000
000000
000000
000000
000000
000000
000000
000000
000000
000000
000000
000000
000000
000000
000000
000000
000000
000000
000000
000000
000000
000000
000000
000000
000000
000000
000000
000000
000000
000000
000000
000000
000000
000000
000000
000000
000000
000000
000000
000000
000000
000000
000000
000000
000000
000000
000000
000000
000000
000000
000000
000000
000000
000000
000000
000000
000000
000000
000000
000000
000000
000000
000000
000000
000000
000000
000000
000000
000000
000000
000000
000000
000000
000000
000000
000000
000000
000000
000000
000000
000000
000000
000000
000000
000000
000000
000000
000000
000000
000000
000000
000000
000000
000000
000000
000000
000000
000000
000000
000000
000000
000000
000000
000000
000000
000000
000000
000000
000000
000000
000000
000000
000000
000000
000000
000000
000000
000000
000000
000000
000000
000000
000000
000000
000000
000000
000000
000000
000000
000000
000000
000000
000000
000000
000000
000000
000000
000000
000000
000000
000000
000000
000000
000000
000000
000000
000000
000000
000000
000000
000000
000000
000000
000000
000000
000000
000000
000000
000000
000000
000000
000000
000000
000000
000000
000000
000000
000000
000000
000000
000000
000000
000000
000000
000000
000000
000000
000000
000000
000000
000000
000000
000000
000000
000000
000000
000000
000000
000000
000000
000000
000000
000000
000000
000000
000000
000000
000000
000000
000000
000000
000000
000000
000000
000000
000000
000000
000000
000000
000000
000000
000000
000000
000000
000000
000000
000000
000000
000000
000000
000000
000000
000000
000000
000000
000000
000000
000000
000000
000000
000000
000000
000000
000000
000000
000000
000000
000000
000000
000000
000000
000000
000000
000000
000000
000000
000000
000000
000000
000000
000000
000000
000000
000000
000000
000000
000000
000000
000000
000000
000000
000000
000000
000000
000000
000000
000000
000000
000000
000000
000000
000000
000000
000000
000000
000000
000000
000000
000000
000000
000000
000000
000000
000000
000000
000000
000000
000000
000000
000000
000000
000000
000000
000000
000000
000000
000000
000000
000000
000000
000000
000000
000000
000000
000000
000000
000000
000000
000000
000000
000000
000000
000000
000000
000000
000000
000000
000000
000000
000000
000000
000000
000000
000000
000000
000000
000000
000000
000000
000000
000000
000000
000000
000000
000000
000000
000000
000000
000000
000000
000000
000000
000000
000000
000000
000000
000000
000000
000000
000000
000000
000000
000000
000000
000000
000000
000000
000000
000000
000000
000000
000000
000000
000000
020201
030201
040202
050202
060203
070203
080204
090204
0a0205
0b0205
0c0206
0d0206
0e0207
0f0207
100208
110208
120209
130209
14020a
15020a
16020b
17020b
18020c
19020c
1a020d
1b020d
1c020e
1d020e
1e020f
1f020f
200210
210210
220211
230211
240212
250212
260213
270213
280214
290214
2a0215
2b0215
2c0216
2d0216
2e0217
2f0217
300218
310218
320219
330219
34021a
35021a
36021b
37021b
38021c
39021c
3a021d
3b021d
3c021e
3d021e
3e021f
3f021f
400220
410220
420221
430221
440222
450222
460223
470223
480224
490224
4a0225
4b0225
4c0226
4d0226
4e0227
4f0227
500228
510228
520229
530229
54022a
55022a
56022b
57022b
58022c
59022c
5a022d
5b022d
5c022e
5d022e
5e022f
5f022f
600230
610230
620231
630231
640232
650232
660233
670233
680234
690234
6a0235
6b0235
6c0236
6d0236
6e0237
6f0237
700238
710238
720239
730239
74023a
75023a
76023b
77023b
78023c
79023c
7a023d
7b023d
7c023e
7d023e
7e023f
7f023f
800240
810240
820241
830241
840242
850242
860243
870243
880244
890244
8a0245
8b0245
8c0246
8d0246
8e0247
8f0247
900248
910248
920249
930249
94024a
95024a
96024b
97024b
98024c
99024c
9a024d
9b024d
9c024e
9d024e
9e024f
9f024f
a00250
a10250
a20251
a30251
a40252
a50252
a60253
a70253
a80254
a90254
aa0255
ab0255
ac0256
ad0256
ae0257
af0257
b00258
b10258
b20259
b30259
b4025a
b5025a
b6025b
b7025b
b8025c
b9025c
ba025d
bb025d
bc025e
bd025e
be025f
bf025f
c00260
c10260
c20261
c30261
c40262
c50262
c60263
c70263
c80264
c90264
ca0265
cb0265
cc0266
cd0266
ce0267
cf0267
d00268
d10268
d20269
d30269
d4026a
d5026a
d6026b
d7026b
d8026c
d9026c
da026d
db026d
dc026e
dd026e
de026f
df026f
e00270
e10270
e20271
e30271
e40272
e50272
e60273
e70273
e80274
e90274
ea0275
eb0275
ec0276
ed0276
ee0277
ef0277
f00278
f10278
f20279
f30279
f4027a
f5027a
f6027b
f7027b
f8027c
f9027c
fa027d
fb027d
fc027e
fd027e
ee027f
af027f
500280
110280
020281
030281
040282
050282
060283
070283
080284
090284
0a0285
0b0285
0c0286
0d0286
0e0287
0f0287
100288
110288
120289
130289
14028a
15028a
16028b
17028b
18028c
19028c
1a028d
1b028d
1c028e
1d028e
1e028f
1f028f
200290
210290
220291
230291
240292
250292
260293
270293
280294
290294
2a0295
2b0295
2c0296
2d0296
2e0297
2f0297
300298
310298
320299
330299
34029a
35029a
36029b
37029b
38029c
39029c
3a029d
3b029d
3c029e
3d029e
000000
000000
000000
000000
020301
030301
040302
050302
060303
070303
080304
090304
0a0305
0b0305
0c0306
0d0306
0e0307
0f0307
100308
110308
120309
130309
14030a
15030a
16030b
17030b
18030c
19030c
1a030d
1b030d
1c030e
1d030e
1e030f
1f030f
200310
210310
220311
230311
240312
250312
260313
270313
280314
290314
2a0315
2b0315
2c0316
2d0316
2e0317
2f0317
300318
310318
320319
330319
34031a
35031a
36031b
37031b
38031c
39031c
3a031d
3b031d
3c031e
3d031e
3e031f
3f031f
400320
410320
420321
430321
440322
450322
460323
470323
480324
490324
4a0325
4b0325
4c0326
4d0326
4e0327
4f0327
500328
510328
520329
530329
54032a
55032a
56032b
57032b
58032c
59032c
5a032d
5b032d
5c032e
5d032e
5e032f
5f032f
600330
610330
620331
630331
640332
650332
660333
670333
680334
690334
6a0335
6b0335
6c0336
6d0336
6e0337
6f0337
700338
710338
720339
730339
74033a
75033a
76033b
77033b
78033c
79033c
7a033d
7b033d
7c033e
7d033e
7e033f
7f033f
800340
810340
820341
830341
840342
850342
860343
870343
880344
890344
8a0345
8b0345
8c0346
8d0346
8e0347
8f0347
900348
910348
920349
930349
94034a
95034a
96034b
97034b
98034c
99034c
9a034d
9b034d
9c034e
9d034e
9e034f
9f034f
a00350
a10350
a20351
a30351
a40352
a50352
a60353
a70353
a80354
a90354
aa0355
ab0355
ac0356
ad0356
ae0357
af0357
b00358
b10358
b20359
b30359
b4035a
b5035a
b6035b
b7035b
b8035c
b9035c
ba035d
bb035d
bc035e
bd035e
be035f
bf035f
c00360
c10360
c20361
c30361
c40362
c50362
c60363
c70363
c80364
c90364
ca0365
cb0365
cc0366
cd0366
ce0367
cf0367
d00368
d10368
d20369
d30369
d4036a
d5036a
d6036b
d7036b
d8036c
d9036c
da036d
db036d
dc036e
dd036e
de036f
df036f
e00370
e10370
e20371
e30371
e40372
e50372
e60373
e70373
e80374
e90374
ea0375
eb0375
ec0376
ed0376
ee0377
ef0377
f00378
f10378
f20379
f30379
f4037a
f5037a
f6037b
f7037b
f8037c
f9037c
fa037d
fb037d
fc037e
fd037e
ee037f
af037f
500380
110380
020381
030381
040382
050382
060383
070383
080384
090384
0a0385
0b0385
0c0386
0d0386
0e0387
0f0387
100388
110388
120389
130389
14038a
15038a
16038b
17038b
18038c
19038c
1a038d
1b038d
1c038e
1d038e
1e038f
1f038f
200390
210390
220391
230391
240392
250392
260393
270393
280394
290394
2a0395
2b0395
2c0396
2d0396
2e0397
2f0397
300398
310398
320399
330399
34039a
35039a
36039b
37039b
38039c
39039c
3a039d
3b039d
3c039e
3d039e
000000
000000
000000
000000
020401
030402
040402
050403
060403
070404
080404
090405
0a0405
0b0406
0c0406
0d0407
0e0407
0f0408
100408
110409
120409
13040a
14040a
15040b
16040b
17040c
18040c
19040d
1a040d
1b040e
1c040e
1d040f
1e040f
1f0410
200410
210411
220411
230412
240412
250413
260413
270414
280414
290415
2a0415
2b0416
2c0416
2d0417
2e0417
2f0418
300418
310419
320419
33041a
34041a
35041b
36041b
37041c
38041c
39041d
3a041d
3b041e
3c041e
3d041f
3e041f
3f0420
400420
410421
420421
430422
440422
450423
460423
470424
480424
490425
4a0425
4b0426
4c0426
4d0427
4e0427
4f0428
500428
510429
520429
53042a
54042a
55042b
56042b
57042c
58042c
59042d
5a042d
5b042e
5c042e
5d042f
5e042f
5f0430
600430
610431
620431
630432
640432
650433
660433
670434
680434
690435
6a0435
6b0436
6c0436
6d0437
6e0437
6f0438
700438
710439
720439
73043a
74043a
75043b
76043b
77043c
78043c
79043d
7a043d
7b043e
7c043e
7d043f
7e043f
7f0440
800440
810441
820441
830442
840442
850443
860443
870444
880444
890445
8a0445
8b0446
8c0446
8d0447
8e0447
8f0448
900448
910449
920449
93044a
94044a
95044b
96044b
97044c
98044c
99044d
9a044d
9b044e
9c044e
9d044f
9e044f
9f0450
a00450
a10451
a20451
a30452
a40452
a50453
a60453
a70454
a80454
a90455
aa0455
ab0456
ac0456
ad0457
ae0457
af0458
b00458
b10459
b20459
b3045a
b4045a
b5045b
b6045b
b7045c
b8045c
b9045d
ba045d
bb045e
bc045e
bd045f
be045f
bf0460
c00460
c10461
c20461
c30462
c40462
c50463
c60463
c70464
c80464
c90465
ca0465
cb0466
cc0466
cd0467
ce0467
cf0468
d00468
d10469
d20469
d3046a
d4046a
d5046b
d6046b
d7046c
d8046c
d9046d
da046d
db046e
dc046e
dd046f
de046f
df0470
e00470
e10471
e20471
e30472
e40472
e50473
e60473
e70474
e80474
e90475
ea0475
eb0476
ec0476
ed0477
ee0477
ef0478
f00478
f10479
f20479
f3047a
f4047a
f5047b
f6047b
f7047c
f8047c
f9047d
fa047d
fb047e
fc047e
fd047f
ee047f
af0480
500480
110481
020481
030482
040482
050483
060483
070484
080484
090485
0a0485
0b0486
0c0486
0d0487
0e0487
0f0488
100488
110489
120489
13048a
14048a
15048b
16048b
17048c
18048c
19048d
1a048d
1b048e
1c048e
1d048f
1e048f
1f0490
200490
210491
220491
230492
240492
250493
260493
270494
280494
290495
2a0495
2b0496
2c0496
2d0497
2e0497
2f0498
300498
310499
320499
33049a
34049a
35049b
36049b
37049c
38049c
39049d
3a049d
3b049e
3c049e
3d049f
000000
000000
000000
000000
020502
030502
040503
050503
060504
070504
080505
090505
0a0506
0b0506
0c0507
0d0507
0e0508
0f0508
100509
110509
12050a
13050a
14050b
15050b
16050c
17050c
18050d
19050d
1a050e
1b050e
1c050f
1d050f
1e0510
1f0510
200511
210511
220512
230512
240513
250513
260514
270514
280515
290515
2a0516
2b0516
2c0517
2d0517
2e0518
2f0518
300519
310519
32051a
33051a
34051b
35051b
36051c
37051c
38051d
39051d
3a051e
3b051e
3c051f
3d051f
3e0520
3f0520
400521
410521
420522
430522
440523
450523
460524
470524
480525
490525
4a0526
4b0526
4c0527
4d0527
4e0528
4f0528
500529
510529
52052a
53052a
54052b
55052b
56052c
57052c
58052d
59052d
5a052e
5b052e
5c052f
5d052f
5e0530
5f0530
600531
610531
620532
630532
640533
650533
660534
670534
680535
690535
6a0536
6b0536
6c0537
6d0537
6e0538
6f0538
700539
710539
72053a
73053a
74053b
75053b
76053c
77053c
78053d
79053d
7a053e
7b053e
7c053f
7d053f
7e0540
7f0540
800541
810541
820542
830542
840543
850543
860544
870544
880545
890545
8a0546
8b0546
8c0547
8d0547
8e0548
8f0548
900549
910549
92054a
93054a
94054b
95054b
96054c
97054c
98054d
99054d
9a054e
9b054e
9c054f
9d054f
9e0550
9f0550
a00551
a10551
a20552
a30552
a40553
a50553
a60554
a70554
a80555
a90555
aa0556
ab0556
ac0557
ad0557
ae0558
af0558
b00559
b10559
b2055a
b3055a
b4055b
b5055b
b6055c
b7055c
b8055d
b9055d
ba055e
bb055e
bc055f
bd055f
be0560
bf0560
c00561
c10561
c20562
c30562
c40563
c50563
c60564
c70564
c80565
c90565
ca0566
cb0566
cc0567
cd0567
ce0568
cf0568
d00569
d10569
d2056a
d3056a
d4056b
d5056b
d6056c
d7056c
d8056d
d9056d
da056e
db056e
dc056f
dd056f
de0570
df0570
e00571
e10571
e20572
e30572
e40573
e50573
e60574
e70574
e80575
e90575
ea0576
eb0576
ec0577
ed0577
ee0578
ef0578
f00579
f10579
f2057a
f3057a
f4057b
f5057b
f6057c
f7057c
f8057d
f9057d
fa057e
fb057e
fc057f
fd057f
ee0580
af0580
500581
110581
020582
030582
040583
050583
060584
070584
080585
090585
0a0586
0b0586
0c0587
0d0587
0e0588
0f0588
100589
110589
12058a
13058a
14058b
15058b
16058c
17058c
18058d
19058d
1a058e
1b058e
1c058f
1d058f
1e0590
1f0590
200591
210591
220592
230592
240593
250593
260594
270594
280595
290595
2a0596
2b0596
2c0597
2d0597
2e0598
2f0598
300599
310599
32059a
33059a
34059b
35059b
36059c
37059c
38059d
39059d
3a059e
3b059e
3c059f
3d059f
000000
000000
000000
000000
020602
030602
040603
050603
060604
070604
080605
090605
0a0606
0b0606
0c0607
0d0607
0e0608
0f0608
100609
110609
12060a
13060a
14060b
15060b
16060c
17060c
18060d
19060d
1a060e
1b060e
1c060f
1d060f
1e0610
1f0610
200611
210611
220612
230612
240613
250613
260614
270614
280615
290615
2a0616
2b0616
2c0617
2d0617
2e0618
2f0618
300619
310619
32061a
33061a
34061b
35061b
36061c
37061c
38061d
39061d
3a061e
3b061e
3c061f
3d061f
3e0620
3f0620
400621
410621
420622
430622
440623
450623
460624
470624
480625
490625
4a0626
4b0626
4c0627
4d0627
4e0628
4f0628
500629
510629
52062a
53062a
54062b
55062b
56062c
57062c
58062d
59062d
5a062e
5b062e
5c062f
5d062f
5e0630
5f0630
600631
610631
620632
630632
640633
650633
660634
670634
680635
690635
6a0636
6b0636
6c0637
6d0637
6e0638
6f0638
700639
710639
72063a
73063a
74063b
75063b
76063c
77063c
78063d
79063d
7a063e
7b063e
7c063f
7d063f
7e0640
7f0640
800641
810641
820642
830642
840643
850643
860644
870644
880645
890645
8a0646
8b0646
8c0647
8d0647
8e0648
8f0648
900649
910649
92064a
93064a
94064b
95064b
96064c
97064c
98064d
99064d
9a064e
9b064e
9c064f
9d064f
9e0650
9f0650
a00651
a10651
a20652
a30652
a40653
a50653
a60654
a70654
a80655
a90655
aa0656
ab0656
ac0657
ad0657
ae0658
af0658
b00659
b10659
b2065a
b3065a
b4065b
b5065b
b6065c
b7065c
b8065d
b9065d
ba065e
bb065e
bc065f
bd065f
be0660
bf0660
c00661
c10661
c20662
c30662
c40663
c50663
c60664
c70664
c80665
c90665
ca0666
cb0666
cc0667
cd0667
ce0668
cf0668
d00669
d10669
d2066a
d3066a
d4066b
d5066b
d6066c
d7066c
d8066d
d9066d
da066e
db066e
dc066f
dd066f
de0670
df0670
e00671
e10671
e20672
e30672
e40673
e50673
e60674
e70674
e80675
e90675
ea0676
eb0676
ec0677
ed0677
ee0678
ef0678
f00679
f10679
f2067a
f3067a
f4067b
f5067b
f6067c
f7067c
f8067d
f9067d
fa067e
fb067e
fc067f
fd067f
ee0680
af0680
500681
110681
020682
030682
040683
050683
060684
070684
080685
090685
0a0686
0b0686
0c0687
0d0687
0e0688
0f0688
100689
110689
12068a
13068a
14068b
15068b
16068c
17068c
18068d
19068d
1a068e
1b068e
1c068f
1d068f
1e0690
1f0690
200691
210691
220692
230692
240693
250693
260694
270694
280695
290695
2a0696
2b0696
2c0697
2d0697
2e0698
2f0698
300699
310699
32069a
33069a
34069b
35069b
36069c
37069c
38069d
39069d
3a069e
3b069e
3c069f
3d069f
000000
000000
000000
000000
020702
030703
040703
050704
060704
070705
080705
090706
0a0706
0b0707
0c0707
0d0708
0e0708
0f0709
100709
11070a
12070a
13070b
14070b
15070c
16070c
17070d
18070d
19070e
1a070e
1b070f
1c070f
1d0710
1e0710
1f0711
200711
210712
220712
230713
240713
250714
260714
270715
280715
290716
2a0716
2b0717
2c0717
2d0718
2e0718
2f0719
300719
31071a
32071a
33071b
34071b
35071c
36071c
37071d
38071d
39071e
3a071e
3b071f
3c071f
3d0720
3e0720
3f0721
400721
410722
420722
430723
440723
450724
460724
470725
480725
490726
4a0726
4b0727
4c0727
4d0728
4e0728
4f0729
500729
51072a
52072a
53072b
54072b
55072c
56072c
57072d
58072d
59072e
5a072e
5b072f
5c072f
5d0730
5e0730
5f0731
600731
610732
620732
630733
640733
650734
660734
670735
680735
690736
6a0736
6b0737
6c0737
6d0738
6e0738
6f0739
700739
71073a
72073a
73073b
74073b
75073c
76073c
77073d
78073d
79073e
7a073e
7b073f
7c073f
7d0740
7e0740
7f0741
800741
810742
820742
830743
840743
850744
860744
870745
880745
890746
8a0746
8b0747
8c0747
8d0748
8e0748
8f0749
900749
91074a
92074a
93074b
94074b
95074c
96074c
97074d
98074d
99074e
9a074e
9b074f
9c074f
9d0750
9e0750
9f0751
a00751
a10752
a20752
a30753
a40753
a50754
a60754
a70755
a80755
a90756
aa0756
ab0757
ac0757
ad0758
ae0758
af0759
b00759
b1075a
b2075a
b3075b
b4075b
b5075c
b6075c
b7075d
b8075d
b9075e
ba075e
bb075f
bc075f
bd0760
be0760
bf0761
c00761
c10762
c20762
c30763
c40763
c50764
c60764
c70765
c80765
c90766
ca0766
cb0767
cc0767
cd0768
ce0768
cf0769
d00769
d1076a
d2076a
d3076b
d4076b
d5076c
d6076c
d7076d
d8076d
d9076e
da076e
db076f
dc076f
dd0770
de0770
df0771
e00771
e10772
e20772
e30773
e40773
e50774
e60774
e70775
e80775
e90776
ea0776
eb0777
ec0777
ed0778
ee0778
ef0779
f00779
f1077a
f2077a
f3077b
f4077b
f5077c
f6077c
f7077d
f8077d
f9077e
fa077e
fb077f
fc077f
fd0780
ee0780
af0781
500781
110782
020782
030783
040783
050784
060784
070785
080785
090786
0a0786
0b0787
0c0787
0d0788
0e0788
0f0789
100789
11078a
12078a
13078b
14078b
15078c
16078c
17078d
18078d
19078e
1a078e
1b078f
1c078f
1d0790
1e0790
1f0791
200791
210792
220792
230793
240793
250794
260794
270795
280795
290796
2a0796
2b0797
2c0797
2d0798
2e0798
2f0799
300799
31079a
32079a
33079b
34079b
35079c
36079c
37079d
38079d
39079e
3a079e
3b079f
3c079f
3d07a0
000000
000000
000000
000000
020803
030803
040804
050804
060805
070805
080806
090806
0a0807
0b0807
0c0808
0d0808
0e0809
0f0809
10080a
11080a
12080b
13080b
14080c
15080c
16080d
17080d
18080e
19080e
1a080f
1b080f
1c0810
1d0810
1e0811
1f0811
200812
210812
220813
230813
240814
250814
260815
270815
280816
290816
2a0817
2b0817
2c0818
2d0818
2e0819
2f0819
30081a
31081a
32081b
33081b
34081c
35081c
36081d
37081d
38081e
39081e
3a081f
3b081f
3c0820
3d0820
3e0821
3f0821
400822
410822
420823
430823
440824
450824
460825
470825
480826
490826
4a0827
4b0827
4c0828
4d0828
4e0829
4f0829
50082a
51082a
52082b
53082b
54082c
55082c
56082d
57082d
58082e
59082e
5a082f
5b082f
5c0830
5d0830
5e0831
5f0831
600832
610832
620833
630833
640834
650834
660835
670835
680836
690836
6a0837
6b0837
6c0838
6d0838
6e0839
6f0839
70083a
71083a
72083b
73083b
74083c
75083c
76083d
77083d
78083e
79083e
7a083f
7b083f
7c0840
7d0840
7e0841
7f0841
800842
810842
820843
830843
840844
850844
860845
870845
880846
890846
8a0847
8b0847
8c0848
8d0848
8e0849
8f0849
90084a
91084a
92084b
93084b
94084c
95084c
96084d
97084d
98084e
99084e
9a084f
9b084f
9c0850
9d0850
9e0851
9f0851
a00852
a10852
a20853
a30853
a40854
a50854
a60855
a70855
a80856
a90856
aa0857
ab0857
ac0858
ad0858
ae0859
af0859
b0085a
b1085a
b2085b
b3085b
b4085c
b5085c
b6085d
b7085d
b8085e
b9085e
ba085f
bb085f
bc0860
bd0860
be0861
bf0861
c00862
c10862
c20863
c30863
c40864
c50864
c60865
c70865
c80866
c90866
ca0867
cb0867
cc0868
cd0868
ce0869
cf0869
d0086a
d1086a
d2086b
d3086b
d4086c
d5086c
d6086d
d7086d
d8086e
d9086e
da086f
db086f
dc0870
dd0870
de0871
df0871
e00872
e10872
e20873
e30873
e40874
e50874
e60875
e70875
e80876
e90876
ea0877
eb0877
ec0878
ed0878
ee0879
ef0879
f0087a
f1087a
f2087b
f3087b
f4087c
f5087c
f6087d
f7087d
f8087e
f9087e
fa087f
fb087f
fc0880
fd0880
ee0881
af0881
500882
110882
020883
030883
040884
050884
060885
070885
080886
090886
0a0887
0b0887
0c0888
0d0888
0e0889
0f0889
10088a
11088a
12088b
13088b
14088c
15088c
16088d
17088d
18088e
19088e
1a088f
1b088f
1c0890
1d0890
1e0891
1f0891
200892
210892
220893
230893
240894
250894
260895
270895
280896
290896
2a0897
2b0897
2c0898
2d0898
2e0899
2f0899
30089a
31089a
32089b
33089b
34089c
35089c
36089d
37089d
38089e
39089e
3a089f
3b089f
3c08a0
3d08a0
000000
000000
000000
000000
020903
030903
040904
050904
060905
070905
080906
090906
0a0907
0b0907
0c0908
0d0908
0e0909
0f0909
10090a
11090a
12090b
13090b
14090c
15090c
16090d
17090d
18090e
19090e
1a090f
1b090f
1c0910
1d0910
1e0911
1f0911
200912
210912
220913
230913
240914
250914
260915
270915
280916
290916
2a0917
2b0917
2c0918
2d0918
2e0919
2f0919
30091a
31091a
32091b
33091b
34091c
35091c
36091d
37091d
38091e
39091e
3a091f
3b091f
3c0920
3d0920
3e0921
3f0921
400922
410922
420923
430923
440924
450924
460925
470925
480926
490926
4a0927
4b0927
4c0928
4d0928
4e0929
4f0929
50092a
51092a
52092b
53092b
54092c
55092c
56092d
57092d
58092e
59092e
5a092f
5b092f
5c0930
5d0930
5e0931
5f0931
600932
610932
620933
630933
640934
650934
660935
670935
680936
690936
6a0937
6b0937
6c0938
6d0938
6e0939
6f0939
70093a
71093a
72093b
73093b
74093c
75093c
76093d
77093d
78093e
79093e
7a093f
7b093f
7c0940
7d0940
7e0941
7f0941
800942
810942
820943
830943
840944
850944
860945
870945
880946
890946
8a0947
8b0947
8c0948
8d0948
8e0949
8f0949
90094a
91094a
92094b
93094b
94094c
95094c
96094d
97094d
98094e
99094e
9a094f
9b094f
9c0950
9d0950
9e0951
9f0951
a00952
a10952
a20953
a30953
a40954
a50954
a60955
a70955
a80956
a90956
aa0957
ab0957
ac0958
ad0958
ae0959
af0959
b0095a
b1095a
b2095b
b3095b
b4095c
b5095c
b6095d
b7095d
b8095e
b9095e
ba095f
bb095f
bc0960
bd0960
be0961
bf0961
c00962
c10962
c20963
c30963
c40964
c50964
c60965
c70965
c80966
c90966
ca0967
cb0967
cc0968
cd0968
ce0969
cf0969
d0096a
d1096a
d2096b
d3096b
d4096c
d5096c
d6096d
d7096d
d8096e
d9096e
da096f
db096f
dc0970
dd0970
de0971
df0971
e00972
e10972
e20973
e30973
e40974
e50974
e60975
e70975
e80976
e90976
ea0977
eb0977
ec0978
ed0978
ee0979
ef0979
f0097a
f1097a
f2097b
f3097b
f4097c
f5097c
f6097d
f7097d
f8097e
f9097e
fa097f
fb097f
fc0980
fd0980
ee0981
af0981
500982
110982
020983
030983
040984
050984
060985
070985
080986
090986
0a0987
0b0987
0c0988
0d0988
0e0989
0f0989
10098a
11098a
12098b
13098b
14098c
15098c
16098d
17098d
18098e
19098e
1a098f
1b098f
1c0990
1d0990
1e0991
1f0991
200992
210992
220993
230993
240994
250994
260995
270995
280996
290996
2a0997
2b0997
2c0998
2d0998
2e0999
2f0999
30099a
31099a
32099b
33099b
34099c
35099c
36099d
37099d
38099e
39099e
3a099f
3b099f
3c09a0
3d09a0
000000
000000
000000
000000
020a03
030a04
040a04
050a05
060a05
070a06
080a06
090a07
0a0a07
0b0a08
0c0a08
0d0a09
0e0a09
0f0a0a
100a0a
110a0b
120a0b
130a0c
140a0c
150a0d
160a0d
170a0e
180a0e
190a0f
1a0a0f
1b0a10
1c0a10
1d0a11
1e0a11
1f0a12
200a12
210a13
220a13
230a14
240a14
250a15
260a15
270a16
280a16
290a17
2a0a17
2b0a18
2c0a18
2d0a19
2e0a19
2f0a1a
300a1a
310a1b
320a1b
330a1c
340a1c
350a1d
360a1d
370a1e
380a1e
390a1f
3a0a1f
3b0a20
3c0a20
3d0a21
3e0a21
3f0a22
400a22
410a23
420a23
430a24
440a24
450a25
460a25
470a26
480a26
490a27
4a0a27
4b0a28
4c0a28
4d0a29
4e0a29
4f0a2a
500a2a
510a2b
520a2b
530a2c
540a2c
550a2d
560a2d
570a2e
580a2e
590a2f
5a0a2f
5b0a30
5c0a30
5d0a31
5e0a31
5f0a32
600a32
610a33
620a33
630a34
640a34
650a35
660a35
670a36
680a36
690a37
6a0a37
6b0a38
6c0a38
6d0a39
6e0a39
6f0a3a
700a3a
710a3b
720a3b
730a3c
740a3c
750a3d
760a3d
770a3e
780a3e
790a3f
7a0a3f
7b0a40
7c0a40
7d0a41
7e0a41
7f0a42
800a42
810a43
820a43
830a44
840a44
850a45
860a45
870a46
880a46
890a47
8a0a47
8b0a48
8c0a48
8d0a49
8e0a49
8f0a4a
900a4a
910a4b
920a4b
930a4c
940a4c
950a4d
960a4d
970a4e
980a4e
990a4f
9a0a4f
9b0a50
9c0a50
9d0a51
9e0a51
9f0a52
a00a52
a10a53
a20a53
a30a54
a40a54
a50a55
a60a55
a70a56
a80a56
a90a57
aa0a57
ab0a58
ac0a58
ad0a59
ae0a59
af0a5a
b00a5a
b10a5b
b20a5b
b30a5c
b40a5c
b50a5d
b60a5d
b70a5e
b80a5e
b90a5f
ba0a5f
bb0a60
bc0a60
bd0a61
be0a61
bf0a62
c00a62
c10a63
c20a63
c30a64
c40a64
c50a65
c60a65
c70a66
c80a66
c90a67
ca0a67
cb0a68
cc0a68
cd0a69
ce0a69
cf0a6a
d00a6a
d10a6b
d20a6b
d30a6c
d40a6c
d50a6d
d60a6d
d70a6e
d80a6e
d90a6f
da0a6f
db0a70
dc0a70
dd0a71
de0a71
df0a72
e00a72
e10a73
e20a73
e30a74
e40a74
e50a75
e60a75
e70a76
e80a76
e90a77
ea0a77
eb0a78
ec0a78
ed0a79
ee0a79
ef0a7a
f00a7a
f10a7b
f20a7b
f30a7c
f40a7c
f50a7d
f60a7d
f70a7e
f80a7e
f90a7f
fa0a7f
fb0a80
fc0a80
fd0a81
ee0a81
af0a82
500a82
110a83
020a83
030a84
040a84
050a85
060a85
070a86
080a86
090a87
0a0a87
0b0a88
0c0a88
0d0a89
0e0a89
0f0a8a
100a8a
110a8b
120a8b
130a8c
140a8c
150a8d
160a8d
170a8e
180a8e
190a8f
1a0a8f
1b0a90
1c0a90
1d0a91
1e0a91
1f0a92
200a92
210a93
220a93
230a94
240a94
250a95
260a95
270a96
280a96
290a97
2a0a97
2b0a98
2c0a98
2d0a99
2e0a99
2f0a9a
300a9a
310a9b
320a9b
330a9c
340a9c
350a9d
360a9d
370a9e
380a9e
390a9f
3a0a9f
3b0aa0
3c0aa0
3d0aa1
000000
000000
000000
000000
020b04
030b04
040b05
050b05
060b06
070b06
080b07
090b07
0a0b08
0b0b08
0c0b09
0d0b09
0e0b0a
0f0b0a
100b0b
110b0b
120b0c
130b0c
140b0d
150b0d
160b0e
170b0e
180b0f
190b0f
1a0b10
1b0b10
1c0b11
1d0b11
1e0b12
1f0b12
200b13
210b13
220b14
230b14
240b15
250b15
260b16
270b16
280b17
290b17
2a0b18
2b0b18
2c0b19
2d0b19
2e0b1a
2f0b1a
300b1b
310b1b
320b1c
330b1c
340b1d
350b1d
360b1e
370b1e
380b1f
390b1f
3a0b20
3b0b20
3c0b21
3d0b21
3e0b22
3f0b22
400b23
410b23
420b24
430b24
440b25
450b25
460b26
470b26
480b27
490b27
4a0b28
4b0b28
4c0b29
4d0b29
4e0b2a
4f0b2a
500b2b
510b2b
520b2c
530b2c
540b2d
550b2d
560b2e
570b2e
580b2f
590b2f
5a0b30
5b0b30
5c0b31
5d0b31
5e0b32
5f0b32
600b33
610b33
620b34
630b34
640b35
650b35
660b36
670b36
680b37
690b37
6a0b38
6b0b38
6c0b39
6d0b39
6e0b3a
6f0b3a
700b3b
710b3b
720b3c
730b3c
740b3d
750b3d
760b3e
770b3e
780b3f
790b3f
7a0b40
7b0b40
7c0b41
7d0b41
7e0b42
7f0b42
800b43
810b43
820b44
830b44
840b45
850b45
860b46
870b46
880b47
890b47
8a0b48
8b0b48
8c0b49
8d0b49
8e0b4a
8f0b4a
900b4b
910b4b
920b4c
930b4c
940b4d
950b4d
960b4e
970b4e
980b4f
990b4f
9a0b50
9b0b50
9c0b51
9d0b51
9e0b52
9f0b52
a00b53
a10b53
a20b54
a30b54
a40b55
a50b55
a60b56
a70b56
a80b57
a90b57
aa0b58
ab0b58
ac0b59
ad0b59
ae0b5a
af0b5a
b00b5b
b10b5b
b20b5c
b30b5c
b40b5d
b50b5d
b60b5e
b70b5e
b80b5f
b90b5f
ba0b60
bb0b60
bc0b61
bd0b61
be0b62
bf0b62
c00b63
c10b63
c20b64
c30b64
c40b65
c50b65
c60b66
c70b66
c80b67
c90b67
ca0b68
cb0b68
cc0b69
cd0b69
ce0b6a
cf0b6a
d00b6b
d10b6b
d20b6c
d30b6c
d40b6d
d50b6d
d60b6e
d70b6e
d80b6f
d90b6f
da0b70
db0b70
dc0b71
dd0b71
de0b72
df0b72
e00b73
e10b73
e20b74
e30b74
e40b75
e50b75
e60b76
e70b76
e80b77
e90b77
ea0b78
eb0b78
ec0b79
ed0b79
ee0b7a
ef0b7a
f00b7b
f10b7b
f20b7c
f30b7c
f40b7d
f50b7d
f60b7e
f70b7e
f80b7f
f90b7f
fa0b80
fb0b80
fc0b81
fd0b81
ee0b82
af0b82
500b83
110b83
020b84
030b84
040b85
050b85
060b86
070b86
080b87
090b87
0a0b88
0b0b88
0c0b89
0d0b89
0e0b8a
0f0b8a
100b8b
110b8b
120b8c
130b8c
140b8d
150b8d
160b8e
170b8e
180b8f
190b8f
1a0b90
1b0b90
1c0b91
1d0b91
1e0b92
1f0b92
200b93
210b93
220b94
230b94
240b95
250b95
260b96
270b96
280b97
290b97
2a0b98
2b0b98
2c0b99
2d0b99
2e0b9a
2f0b9a
300b9b
310b9b
320b9c
330b9c
340b9d
350b9d
360b9e
370b9e
380b9f
390b9f
3a0ba0
3b0ba0
3c0ba1
3d0ba1
000000
000000
000000
000000
020c04
030c04
040c05
050c05
060c06
070c06
080c07
090c07
0a0c08
0b0c08
0c0c09
0d0c09
0e0c0a
0f0c0a
100c0b
110c0b
120c0c
130c0c
140c0d
150c0d
160c0e
170c0e
180c0f
190c0f
1a0c10
1b0c10
1c0c11
1d0c11
1e0c12
1f0c12
200c13
210c13
220c14
230c14
240c15
250c15
260c16
270c16
280c17
290c17
2a0c18
2b0c18
2c0c19
2d0c19
2e0c1a
2f0c1a
300c1b
310c1b
320c1c
330c1c
340c1d
350c1d
360c1e
370c1e
380c1f
390c1f
3a0c20
3b0c20
3c0c21
3d0c21
3e0c22
3f0c22
400c23
410c23
420c24
430c24
440c25
450c25
460c26
470c26
480c27
490c27
4a0c28
4b0c28
4c0c29
4d0c29
4e0c2a
4f0c2a
500c2b
510c2b
520c2c
530c2c
540c2d
550c2d
560c2e
570c2e
580c2f
590c2f
5a0c30
5b0c30
5c0c31
5d0c31
5e0c32
5f0c32
600c33
610c33
620c34
630c34
640c35
650c35
660c36
670c36
680c37
690c37
6a0c38
6b0c38
6c0c39
6d0c39
6e0c3a
6f0c3a
700c3b
710c3b
720c3c
730c3c
740c3d
750c3d
760c3e
770c3e
780c3f
790c3f
7a0c40
7b0c40
7c0c41
7d0c41
7e0c42
7f0c42
800c43
810c43
820c44
830c44
840c45
850c45
860c46
870c46
880c47
890c47
8a0c48
8b0c48
8c0c49
8d0c49
8e0c4a
8f0c4a
900c4b
910c4b
920c4c
930c4c
940c4d
950c4d
960c4e
970c4e
980c4f
990c4f
9a0c50
9b0c50
9c0c51
9d0c51
9e0c52
9f0c52
a00c53
a10c53
a20c54
a30c54
a40c55
a50c55
a60c56
a70c56
a80c57
a90c57
aa0c58
ab0c58
ac0c59
ad0c59
ae0c5a
af0c5a
b00c5b
b10c5b
b20c5c
b30c5c
b40c5d
b50c5d
b60c5e
b70c5e
b80c5f
b90c5f
ba0c60
bb0c60
bc0c61
bd0c61
be0c62
bf0c62
c00c63
c10c63
c20c64
c30c64
c40c65
c50c65
c60c66
c70c66
c80c67
c90c67
ca0c68
cb0c68
cc0c69
cd0c69
ce0c6a
cf0c6a
d00c6b
d10c6b
d20c6c
d30c6c
d40c6d
d50c6d
d60c6e
d70c6e
d80c6f
d90c6f
da0c70
db0c70
dc0c71
dd0c71
de0c72
df0c72
e00c73
e10c73
e20c74
e30c74
e40c75
e50c75
e60c76
e70c76
e80c77
e90c77
ea0c78
eb0c78
ec0c79
ed0c79
ee0c7a
ef0c7a
f00c7b
f10c7b
f20c7c
f30c7c
f40c7d
f50c7d
f60c7e
f70c7e
f80c7f
f90c7f
fa0c80
fb0c80
fc0c81
fd0c81
ee0c82
af0c82
500c83
110c83
020c84
030c84
040c85
050c85
060c86
070c86
080c87
090c87
0a0c88
0b0c88
0c0c89
0d0c89
0e0c8a
0f0c8a
100c8b
110c8b
120c8c
130c8c
140c8d
150c8d
160c8e
170c8e
180c8f
190c8f
1a0c90
1b0c90
1c0c91
1d0c91
1e0c92
1f0c92
200c93
210c93
220c94
230c94
240c95
250c95
260c96
270c96
280c97
290c97
2a0c98
2b0c98
2c0c99
2d0c99
2e0c9a
2f0c9a
300c9b
310c9b
320c9c
330c9c
340c9d
350c9d
360c9e
370c9e
380c9f
390c9f
3a0ca0
3b0ca0
3c0ca1
3d0ca1
000000
000000
000000
000000
020d04
030d05
040d05
050d06
060d06
070d07
080d07
090d08
0a0d08
0b0d09
0c0d09
0d0d0a
0e0d0a
0f0d0b
100d0b
110d0c
120d0c
130d0d
140d0d
150d0e
160d0e
170d0f
180d0f
190d10
1a0d10
1b0d11
1c0d11
1d0d12
1e0d12
1f0d13
200d13
210d14
220d14
230d15
240d15
250d16
260d16
270d17
280d17
290d18
2a0d18
2b0d19
2c0d19
2d0d1a
2e0d1a
2f0d1b
300d1b
310d1c
320d1c
330d1d
340d1d
350d1e
360d1e
370d1f
380d1f
390d20
3a0d20
3b0d21
3c0d21
3d0d22
3e0d22
3f0d23
400d23
410d24
420d24
430d25
440d25
450d26
460d26
470d27
480d27
490d28
4a0d28
4b0d29
4c0d29
4d0d2a
4e0d2a
4f0d2b
500d2b
510d2c
520d2c
530d2d
540d2d
550d2e
560d2e
570d2f
580d2f
590d30
5a0d30
5b0d31
5c0d31
5d0d32
5e0d32
5f0d33
600d33
610d34
620d34
630d35
640d35
650d36
660d36
670d37
680d37
690d38
6a0d38
6b0d39
6c0d39
6d0d3a
6e0d3a
6f0d3b
700d3b
710d3c
720d3c
730d3d
740d3d
750d3e
760d3e
770d3f
780d3f
790d40
7a0d40
7b0d41
7c0d41
7d0d42
7e0d42
7f0d43
800d43
810d44
820d44
830d45
840d45
850d46
860d46
870d47
880d47
890d48
8a0d48
8b0d49
8c0d49
8d0d4a
8e0d4a
8f0d4b
900d4b
910d4c
920d4c
930d4d
940d4d
950d4e
960d4e
970d4f
980d4f
990d50
9a0d50
9b0d51
9c0d51
9d0d52
9e0d52
9f0d53
a00d53
a10d54
a20d54
a30d55
a40d55
a50d56
a60d56
a70d57
a80d57
a90d58
aa0d58
ab0d59
ac0d59
ad0d5a
ae0d5a
af0d5b
b00d5b
b10d5c
b20d5c
b30d5d
b40d5d
b50d5e
b60d5e
b70d5f
b80d5f
b90d60
ba0d60
bb0d61
bc0d61
bd0d62
be0d62
bf0d63
c00d63
c10d64
c20d64
c30d65
c40d65
c50d66
c60d66
c70d67
c80d67
c90d68
ca0d68
cb0d69
cc0d69
cd0d6a
ce0d6a
cf0d6b
d00d6b
d10d6c
d20d6c
d30d6d
d40d6d
d50d6e
d60d6e
d70d6f
d80d6f
d90d70
da0d70
db0d71
dc0d71
dd0d72
de0d72
df0d73
e00d73
e10d74
e20d74
e30d75
e40d75
e50d76
e60d76
e70d77
e80d77
e90d78
ea0d78
eb0d79
ec0d79
ed0d7a
ee0d7a
ef0d7b
f00d7b
f10d7c
f20d7c
f30d7d
f40d7d
f50d7e
f60d7e
f70d7f
f80d7f
f90d80
fa0d80
fb0d81
fc0d81
fd0d82
ee0d82
af0d83
500d83
110d84
020d84
030d85
040d85
050d86
060d86
070d87
080d87
090d88
0a0d88
0b0d89
0c0d89
0d0d8a
0e0d8a
0f0d8b
100d8b
110d8c
120d8c
130d8d
140d8d
150d8e
160d8e
170d8f
180d8f
190d90
1a0d90
1b0d91
1c0d91
1d0d92
1e0d92
1f0d93
200d93
210d94
220d94
230d95
240d95
250d96
260d96
270d97
280d97
290d98
2a0d98
2b0d99
2c0d99
2d0d9a
2e0d9a
2f0d9b
300d9b
310d9c
320d9c
330d9d
340d9d
350d9e
360d9e
370d9f
380d9f
390da0
3a0da0
3b0da1
3c0da1
3d0da2
000000
000000
000000
000000
020e05
030e05
040e06
050e06
060e07
070e07
080e08
090e08
0a0e09
0b0e09
0c0e0a
0d0e0a
0e0e0b
0f0e0b
100e0c
110e0c
120e0d
130e0d
140e0e
150e0e
160e0f
170e0f
180e10
190e10
1a0e11
1b0e11
1c0e12
1d0e12
1e0e13
1f0e13
200e14
210e14
220e15
230e15
240e16
250e16
260e17
270e17
280e18
290e18
2a0e19
2b0e19
2c0e1a
2d0e1a
2e0e1b
2f0e1b
300e1c
310e1c
320e1d
330e1d
340e1e
350e1e
360e1f
370e1f
380e20
390e20
3a0e21
3b0e21
3c0e22
3d0e22
3e0e23
3f0e23
400e24
410e24
420e25
430e25
440e26
450e26
460e27
470e27
480e28
490e28
4a0e29
4b0e29
4c0e2a
4d0e2a
4e0e2b
4f0e2b
500e2c
510e2c
520e2d
530e2d
540e2e
550e2e
560e2f
570e2f
580e30
590e30
5a0e31
5b0e31
5c0e32
5d0e32
5e0e33
5f0e33
600e34
610e34
620e35
630e35
640e36
650e36
660e37
670e37
680e38
690e38
6a0e39
6b0e39
6c0e3a
6d0e3a
6e0e3b
6f0e3b
700e3c
710e3c
720e3d
730e3d
740e3e
750e3e
760e3f
770e3f
780e40
790e40
7a0e41
7b0e41
7c0e42
7d0e42
7e0e43
7f0e43
800e44
810e44
820e45
830e45
840e46
850e46
860e47
870e47
880e48
890e48
8a0e49
8b0e49
8c0e4a
8d0e4a
8e0e4b
8f0e4b
900e4c
910e4c
920e4d
930e4d
940e4e
950e4e
960e4f
970e4f
980e50
990e50
9a0e51
9b0e51
9c0e52
9d0e52
9e0e53
9f0e53
a00e54
a10e54
a20e55
a30e55
a40e56
a50e56
a60e57
a70e57
a80e58
a90e58
aa0e59
ab0e59
ac0e5a
ad0e5a
ae0e5b
af0e5b
b00e5c
b10e5c
b20e5d
b30e5d
b40e5e
b50e5e
b60e5f
b70e5f
b80e60
b90e60
ba0e61
bb0e61
bc0e62
bd0e62
be0e63
bf0e63
c00e64
c10e64
c20e65
c30e65
c40e66
c50e66
c60e67
c70e67
c80e68
c90e68
ca0e69
cb0e69
cc0e6a
cd0e6a
ce0e6b
cf0e6b
d00e6c
d10e6c
d20e6d
d30e6d
d40e6e
d50e6e
d60e6f
d70e6f
d80e70
d90e70
da0e71
db0e71
dc0e72
dd0e72
de0e73
df0e73
e00e74
e10e74
e20e75
e30e75
e40e76
e50e76
e60e77
e70e77
e80e78
e90e78
ea0e79
eb0e79
ec0e7a
ed0e7a
ee0e7b
ef0e7b
f00e7c
f10e7c
f20e7d
f30e7d
f40e7e
f50e7e
f60e7f
f70e7f
f80e80
f90e80
fa0e81
fb0e81
fc0e82
fd0e82
ee0e83
af0e83
500e84
110e84
020e85
030e85
040e86
050e86
060e87
070e87
080e88
090e88
0a0e89
0b0e89
0c0e8a
0d0e8a
0e0e8b
0f0e8b
100e8c
110e8c
120e8d
130e8d
140e8e
150e8e
160e8f
170e8f
180e90
190e90
1a0e91
1b0e91
1c0e92
1d0e92
1e0e93
1f0e93
200e94
210e94
220e95
230e95
240e96
250e96
260e97
270e97
280e98
290e98
2a0e99
2b0e99
2c0e9a
2d0e9a
2e0e9b
2f0e9b
300e9c
310e9c
320e9d
330e9d
340e9e
350e9e
360e9f
370e9f
380ea0
390ea0
3a0ea1
3b0ea1
3c0ea2
3d0ea2
000000
000000
000000
000000
020f05
030f05
040f06
050f06
060f07
070f07
080f08
090f08
0a0f09
0b0f09
0c0f0a
0d0f0a
0e0f0b
0f0f0b
100f0c
110f0c
120f0d
130f0d
140f0e
150f0e
160f0f
170f0f
180f10
190f10
1a0f11
1b0f11
1c0f12
1d0f12
1e0f13
1f0f13
200f14
210f14
220f15
230f15
240f16
250f16
260f17
270f17
280f18
290f18
2a0f19
2b0f19
2c0f1a
2d0f1a
2e0f1b
2f0f1b
300f1c
310f1c
320f1d
330f1d
340f1e
350f1e
360f1f
370f1f
380f20
390f20
3a0f21
3b0f21
3c0f22
3d0f22
3e0f23
3f0f23
400f24
410f24
420f25
430f25
440f26
450f26
460f27
470f27
480f28
490f28
4a0f29
4b0f29
4c0f2a
4d0f2a
4e0f2b
4f0f2b
500f2c
510f2c
520f2d
530f2d
540f2e
550f2e
560f2f
570f2f
580f30
590f30
5a0f31
5b0f31
5c0f32
5d0f32
5e0f33
5f0f33
600f34
610f34
620f35
630f35
640f36
650f36
660f37
670f37
680f38
690f38
6a0f39
6b0f39
6c0f3a
6d0f3a
6e0f3b
6f0f3b
700f3c
710f3c
720f3d
730f3d
740f3e
750f3e
760f3f
770f3f
780f40
790f40
7a0f41
7b0f41
7c0f42
7d0f42
7e0f43
7f0f43
800f44
810f44
820f45
830f45
840f46
850f46
860f47
870f47
880f48
890f48
8a0f49
8b0f49
8c0f4a
8d0f4a
8e0f4b
8f0f4b
900f4c
910f4c
920f4d
930f4d
940f4e
950f4e
960f4f
970f4f
980f50
990f50
9a0f51
9b0f51
9c0f52
9d0f52
9e0f53
9f0f53
a00f54
a10f54
a20f55
a30f55
a40f56
a50f56
a60f57
a70f57
a80f58
a90f58
aa0f59
ab0f59
ac0f5a
ad0f5a
ae0f5b
af0f5b
b00f5c
b10f5c
b20f5d
b30f5d
b40f5e
b50f5e
b60f5f
b70f5f
b80f60
b90f60
ba0f61
bb0f61
bc0f62
bd0f62
be0f63
bf0f63
c00f64
c10f64
c20f65
c30f65
c40f66
c50f66
c60f67
c70f67
c80f68
c90f68
ca0f69
cb0f69
cc0f6a
cd0f6a
ce0f6b
cf0f6b
d00f6c
d10f6c
d20f6d
d30f6d
d40f6e
d50f6e
d60f6f
d70f6f
d80f70
d90f70
da0f71
db0f71
dc0f72
dd0f72
de0f73
df0f73
e00f74
e10f74
e20f75
e30f75
e40f76
e50f76
e60f77
e70f77
e80f78
e90f78
ea0f79
eb0f79
ec0f7a
ed0f7a
ee0f7b
ef0f7b
f00f7c
f10f7c
f20f7d
f30f7d
f40f7e
f50f7e
f60f7f
f70f7f
f80f80
f90f80
fa0f81
fb0f81
fc0f82
fd0f82
ee0f83
af0f83
500f84
110f84
020f85
030f85
040f86
050f86
060f87
070f87
080f88
090f88
0a0f89
0b0f89
0c0f8a
0d0f8a
0e0f8b
0f0f8b
100f8c
110f8c
120f8d
130f8d
140f8e
150f8e
160f8f
170f8f
180f90
190f90
1a0f91
1b0f91
1c0f92
1d0f92
1e0f93
1f0f93
200f94
210f94
220f95
230f95
240f96
250f96
260f97
270f97
280f98
290f98
2a0f99
2b0f99
2c0f9a
2d0f9a
2e0f9b
2f0f9b
300f9c
310f9c
320f9d
330f9d
340f9e
350f9e
360f9f
370f9f
380fa0
390fa0
3a0fa1
3b0fa1
3c0fa2
3d0fa2
000000
000000
000000
000000
021005
031006
041006
051007
061007
071008
081008
091009
0a1009
0b100a
0c100a
0d100b
0e100b
0f100c
10100c
11100d
12100d
13100e
14100e
15100f
16100f
171010
181010
191011
1a1011
1b1012
1c1012
1d1013
1e1013
1f1014
201014
211015
221015
231016
241016
251017
261017
271018
281018
291019
2a1019
2b101a
2c101a
2d101b
2e101b
2f101c
30101c
31101d
32101d
33101e
34101e
35101f
36101f
371020
381020
391021
3a1021
3b1022
3c1022
3d1023
3e1023
3f1024
401024
411025
421025
431026
441026
451027
461027
471028
481028
491029
4a1029
4b102a
4c102a
4d102b
4e102b
4f102c
50102c
51102d
52102d
53102e
54102e
55102f
56102f
571030
581030
591031
5a1031
5b1032
5c1032
5d1033
5e1033
5f1034
601034
611035
621035
631036
641036
651037
661037
671038
681038
691039
6a1039
6b103a
6c103a
6d103b
6e103b
6f103c
70103c
71103d
72103d
73103e
74103e
75103f
76103f
771040
781040
791041
7a1041
7b1042
7c1042
7d1043
7e1043
7f1044
801044
811045
821045
831046
841046
851047
861047
871048
881048
891049
8a1049
8b104a
8c104a
8d104b
8e104b
8f104c
90104c
91104d
92104d
93104e
94104e
95104f
96104f
971050
981050
991051
9a1051
9b1052
9c1052
9d1053
9e1053
9f1054
a01054
a11055
a21055
a31056
a41056
a51057
a61057
a71058
a81058
a91059
aa1059
ab105a
ac105a
ad105b
ae105b
af105c
b0105c
b1105d
b2105d
b3105e
b4105e
b5105f
b6105f
b71060
b81060
b91061
ba1061
bb1062
bc1062
bd1063
be1063
bf1064
c01064
c11065
c21065
c31066
c41066
c51067
c61067
c71068
c81068
c91069
ca1069
cb106a
cc106a
cd106b
ce106b
cf106c
d0106c
d1106d
d2106d
d3106e
d4106e
d5106f
d6106f
d71070
d81070
d91071
da1071
db1072
dc1072
dd1073
de1073
df1074
e01074
e11075
e21075
e31076
e41076
e51077
e61077
e71078
e81078
e91079
ea1079
eb107a
ec107a
ed107b
ee107b
ef107c
f0107c
f1107d
f2107d
f3107e
f4107e
f5107f
f6107f
f71080
f81080
f91081
fa1081
fb1082
fc1082
fd1083
ee1083
af1084
501084
111085
021085
031086
041086
051087
061087
071088
081088
091089
0a1089
0b108a
0c108a
0d108b
0e108b
0f108c
10108c
11108d
12108d
13108e
14108e
15108f
16108f
171090
181090
191091
1a1091
1b1092
1c1092
1d1093
1e1093
1f1094
201094
211095
221095
231096
241096
251097
261097
271098
281098
291099
2a1099
2b109a
2c109a
2d109b
2e109b
2f109c
30109c
31109d
32109d
33109e
34109e
35109f
36109f
3710a0
3810a0
3910a1
3a10a1
3b10a2
3c10a2
3d10a3
000000
000000
000000
000000
021106
031106
041107
051107
061108
071108
081109
091109
0a110a
0b110a
0c110b
0d110b
0e110c
0f110c
10110d
11110d
12110e
13110e
14110f
15110f
161110
171110
181111
191111
1a1112
1b1112
1c1113
1d1113
1e1114
1f1114
201115
211115
221116
231116
241117
251117
261118
271118
281119
291119
2a111a
2b111a
2c111b
2d111b
2e111c
2f111c
30111d
31111d
32111e
33111e
34111f
35111f
361120
371120
381121
391121
3a1122
3b1122
3c1123
3d1123
3e1124
3f1124
401125
411125
421126
431126
441127
451127
461128
471128
481129
491129
4a112a
4b112a
4c112b
4d112b
4e112c
4f112c
50112d
51112d
52112e
53112e
54112f
55112f
561130
571130
581131
591131
5a1132
5b1132
5c1133
5d1133
5e1134
5f1134
601135
611135
621136
631136
641137
651137
661138
671138
681139
691139
6a113a
6b113a
6c113b
6d113b
6e113c
6f113c
70113d
71113d
72113e
73113e
74113f
75113f
761140
771140
781141
791141
7a1142
7b1142
7c1143
7d1143
7e1144
7f1144
801145
811145
821146
831146
841147
851147
861148
871148
881149
891149
8a114a
8b114a
8c114b
8d114b
8e114c
8f114c
90114d
91114d
92114e
93114e
94114f
95114f
961150
971150
981151
991151
9a1152
9b1152
9c1153
9d1153
9e1154
9f1154
a01155
a11155
a21156
a31156
a41157
a51157
a61158
a71158
a81159
a91159
aa115a
ab115a
ac115b
ad115b
ae115c
af115c
b0115d
b1115d
b2115e
b3115e
b4115f
b5115f
b61160
b71160
b81161
b91161
ba1162
bb1162
bc1163
bd1163
be1164
bf1164
c01165
c11165
c21166
c31166
c41167
c51167
c61168
c71168
c81169
c91169
ca116a
cb116a
cc116b
cd116b
ce116c
cf116c
d0116d
d1116d
d2116e
d3116e
d4116f
d5116f
d61170
d71170
d81171
d91171
da1172
db1172
dc1173
dd1173
de1174
df1174
e01175
e11175
e21176
e31176
e41177
e51177
e61178
e71178
e81179
e91179
ea117a
eb117a
ec117b
ed117b
ee117c
ef117c
f0117d
f1117d
f2117e
f3117e
f4117f
f5117f
f61180
f71180
f81181
f91181
fa1182
fb1182
fc1183
fd1183
ee1184
af1184
501185
111185
021186
031186
041187
051187
061188
071188
081189
091189
0a118a
0b118a
0c118b
0d118b
0e118c
0f118c
10118d
11118d
12118e
13118e
14118f
15118f
161190
171190
181191
191191
1a1192
1b1192
1c1193
1d1193
1e1194
1f1194
201195
211195
221196
231196
241197
251197
261198
271198
281199
291199
2a119a
2b119a
2c119b
2d119b
2e119c
2f119c
30119d
31119d
32119e
33119e
34119f
35119f
3611a0
3711a0
3811a1
3911a1
3a11a2
3b11a2
3c11a3
3d11a3
000000
000000
000000
000000
021206
031206
041207
051207
061208
071208
081209
091209
0a120a
0b120a
0c120b
0d120b
0e120c
0f120c
10120d
11120d
12120e
13120e
14120f
15120f
161210
171210
181211
191211
1a1212
1b1212
1c1213
1d1213
1e1214
1f1214
201215
211215
221216
231216
241217
251217
261218
271218
281219
291219
2a121a
2b121a
2c121b
2d121b
2e121c
2f121c
30121d
31121d
32121e
33121e
34121f
35121f
361220
371220
381221
391221
3a1222
3b1222
3c1223
3d1223
3e1224
3f1224
401225
411225
421226
431226
441227
451227
461228
471228
481229
491229
4a122a
4b122a
4c122b
4d122b
4e122c
4f122c
50122d
51122d
52122e
53122e
54122f
55122f
561230
571230
581231
591231
5a1232
5b1232
5c1233
5d1233
5e1234
5f1234
601235
611235
621236
631236
641237
651237
661238
671238
681239
691239
6a123a
6b123a
6c123b
6d123b
6e123c
6f123c
70123d
71123d
72123e
73123e
74123f
75123f
761240
771240
781241
791241
7a1242
7b1242
7c1243
7d1243
7e1244
7f1244
801245
811245
821246
831246
841247
851247
861248
871248
881249
891249
8a124a
8b124a
8c124b
8d124b
8e124c
8f124c
90124d
91124d
92124e
93124e
94124f
95124f
961250
971250
981251
991251
9a1252
9b1252
9c1253
9d1253
9e1254
9f1254
a01255
a11255
a21256
a31256
a41257
a51257
a61258
a71258
a81259
a91259
aa125a
ab125a
ac125b
ad125b
ae125c
af125c
b0125d
b1125d
b2125e
b3125e
b4125f
b5125f
b61260
b71260
b81261
b91261
ba1262
bb1262
bc1263
bd1263
be1264
bf1264
c01265
c11265
c21266
c31266
c41267
c51267
c61268
c71268
c81269
c91269
ca126a
cb126a
cc126b
cd126b
ce126c
cf126c
d0126d
d1126d
d2126e
d3126e
d4126f
d5126f
d61270
d71270
d81271
d91271
da1272
db1272
dc1273
dd1273
de1274
df1274
e01275
e11275
e21276
e31276
e41277
e51277
e61278
e71278
e81279
e91279
ea127a
eb127a
ec127b
ed127b
ee127c
ef127c
f0127d
f1127d
f2127e
f3127e
f4127f
f5127f
f61280
f71280
f81281
f91281
fa1282
fb1282
fc1283
fd1283
ee1284
af1284
501285
111285
021286
031286
041287
051287
061288
071288
081289
091289
0a128a
0b128a
0c128b
0d128b
0e128c
0f128c
10128d
11128d
12128e
13128e
14128f
15128f
161290
171290
181291
191291
1a1292
1b1292
1c1293
1d1293
1e1294
1f1294
201295
211295
221296
231296
241297
251297
261298
271298
281299
291299
2a129a
2b129a
2c129b
2d129b
2e129c
2f129c
30129d
31129d
32129e
33129e
34129f
35129f
3612a0
3712a0
3812a1
3912a1
3a12a2
3b12a2
3c12a3
3d12a3
000000
000000
000000
000000
021306
031307
041307
051308
061308
071309
081309
09130a
0a130a
0b130b
0c130b
0d130c
0e130c
0f130d
10130d
11130e
12130e
13130f
14130f
151310
161310
171311
181311
191312
1a1312
1b1313
1c1313
1d1314
1e1314
1f1315
201315
211316
221316
231317
241317
251318
261318
271319
281319
29131a
2a131a
2b131b
2c131b
2d131c
2e131c
2f131d
30131d
31131e
32131e
33131f
34131f
351320
361320
371321
381321
391322
3a1322
3b1323
3c1323
3d1324
3e1324
3f1325
401325
411326
421326
431327
441327
451328
461328
471329
481329
49132a
4a132a
4b132b
4c132b
4d132c
4e132c
4f132d
50132d
51132e
52132e
53132f
54132f
551330
561330
571331
581331
591332
5a1332
5b1333
5c1333
5d1334
5e1334
5f1335
601335
611336
621336
631337
641337
651338
661338
671339
681339
69133a
6a133a
6b133b
6c133b
6d133c
6e133c
6f133d
70133d
71133e
72133e
73133f
74133f
751340
761340
771341
781341
791342
7a1342
7b1343
7c1343
7d1344
7e1344
7f1345
801345
811346
821346
831347
841347
851348
861348
871349
881349
89134a
8a134a
8b134b
8c134b
8d134c
8e134c
8f134d
90134d
91134e
92134e
93134f
94134f
951350
961350
971351
981351
991352
9a1352
9b1353
9c1353
9d1354
9e1354
9f1355
a01355
a11356
a21356
a31357
a41357
a51358
a61358
a71359
a81359
a9135a
aa135a
ab135b
ac135b
ad135c
ae135c
af135d
b0135d
b1135e
b2135e
b3135f
b4135f
b51360
b61360
b71361
b81361
b91362
ba1362
bb1363
bc1363
bd1364
be1364
bf1365
c01365
c11366
c21366
c31367
c41367
c51368
c61368
c71369
c81369
c9136a
ca136a
cb136b
cc136b
cd136c
ce136c
cf136d
d0136d
d1136e
d2136e
d3136f
d4136f
d51370
d61370
d71371
d81371
d91372
da1372
db1373
dc1373
dd1374
de1374
df1375
e01375
e11376
e21376
e31377
e41377
e51378
e61378
e71379
e81379
e9137a
ea137a
eb137b
ec137b
ed137c
ee137c
ef137d
f0137d
f1137e
f2137e
f3137f
f4137f
f51380
f61380
f71381
f81381
f91382
fa1382
fb1383
fc1383
fd1384
ee1384
af1385
501385
111386
021386
031387
041387
051388
061388
071389
081389
09138a
0a138a
0b138b
0c138b
0d138c
0e138c
0f138d
10138d
11138e
12138e
13138f
14138f
151390
161390
171391
181391
191392
1a1392
1b1393
1c1393
1d1394
1e1394
1f1395
201395
211396
221396
231397
241397
251398
261398
271399
281399
29139a
2a139a
2b139b
2c139b
2d139c
2e139c
2f139d
30139d
31139e
32139e
33139f
34139f
3513a0
3613a0
3713a1
3813a1
3913a2
3a13a2
3b13a3
3c13a3
3d13a4
000000
000000
000000
000000
021407
031407
041408
051408
061409
071409
08140a
09140a
0a140b
0b140b
0c140c
0d140c
0e140d
0f140d
10140e
11140e
12140f
13140f
141410
151410
161411
171411
181412
191412
1a1413
1b1413
1c1414
1d1414
1e1415
1f1415
201416
211416
221417
231417
241418
251418
261419
271419
28141a
29141a
2a141b
2b141b
2c141c
2d141c
2e141d
2f141d
30141e
31141e
32141f
33141f
341420
351420
361421
371421
381422
391422
3a1423
3b1423
3c1424
3d1424
3e1425
3f1425
401426
411426
421427
431427
441428
451428
461429
471429
48142a
49142a
4a142b
4b142b
4c142c
4d142c
4e142d
4f142d
50142e
51142e
52142f
53142f
541430
551430
561431
571431
581432
591432
5a1433
5b1433
5c1434
5d1434
5e1435
5f1435
601436
611436
621437
631437
641438
651438
661439
671439
68143a
69143a
6a143b
6b143b
6c143c
6d143c
6e143d
6f143d
70143e
71143e
72143f
73143f
741440
751440
761441
771441
781442
791442
7a1443
7b1443
7c1444
7d1444
7e1445
7f1445
801446
811446
821447
831447
841448
851448
861449
871449
88144a
89144a
8a144b
8b144b
8c144c
8d144c
8e144d
8f144d
90144e
91144e
92144f
93144f
941450
951450
961451
971451
981452
991452
9a1453
9b1453
9c1454
9d1454
9e1455
9f1455
a01456
a11456
a21457
a31457
a41458
a51458
a61459
a71459
a8145a
a9145a
aa145b
ab145b
ac145c
ad145c
ae145d
af145d
b0145e
b1145e
b2145f
b3145f
b41460
b51460
b61461
b71461
b81462
b91462
ba1463
bb1463
bc1464
bd1464
be1465
bf1465
c01466
c11466
c21467
c31467
c41468
c51468
c61469
c71469
c8146a
c9146a
ca146b
cb146b
cc146c
cd146c
ce146d
cf146d
d0146e
d1146e
d2146f
d3146f
d41470
d51470
d61471
d71471
d81472
d91472
da1473
db1473
dc1474
dd1474
de1475
df1475
e01476
e11476
e21477
e31477
e41478
e51478
e61479
e71479
e8147a
e9147a
ea147b
eb147b
ec147c
ed147c
ee147d
ef147d
f0147e
f1147e
f2147f
f3147f
f41480
f51480
f61481
f71481
f81482
f91482
fa1483
fb1483
fc1484
fd1484
ee1485
af1485
501486
111486
021487
031487
041488
051488
061489
071489
08148a
09148a
0a148b
0b148b
0c148c
0d148c
0e148d
0f148d
10148e
11148e
12148f
13148f
141490
151490
161491
171491
181492
191492
1a1493
1b1493
1c1494
1d1494
1e1495
1f1495
201496
211496
221497
231497
241498
251498
261499
271499
28149a
29149a
2a149b
2b149b
2c149c
2d149c
2e149d
2f149d
30149e
31149e
32149f
33149f
3414a0
3514a0
3614a1
3714a1
3814a2
3914a2
3a14a3
3b14a3
3c14a4
3d14a4
000000
000000
000000
000000
021507
031507
041508
051508
061509
071509
08150a
09150a
0a150b
0b150b
0c150c
0d150c
0e150d
0f150d
10150e
11150e
12150f
13150f
141510
151510
161511
171511
181512
191512
1a1513
1b1513
1c1514
1d1514
1e1515
1f1515
201516
211516
221517
231517
241518
251518
261519
271519
28151a
29151a
2a151b
2b151b
2c151c
2d151c
2e151d
2f151d
30151e
31151e
32151f
33151f
341520
351520
361521
371521
381522
391522
3a1523
3b1523
3c1524
3d1524
3e1525
3f1525
401526
411526
421527
431527
441528
451528
461529
471529
48152a
49152a
4a152b
4b152b
4c152c
4d152c
4e152d
4f152d
50152e
51152e
52152f
53152f
541530
551530
561531
571531
581532
591532
5a1533
5b1533
5c1534
5d1534
5e1535
5f1535
601536
611536
621537
631537
641538
651538
661539
671539
68153a
69153a
6a153b
6b153b
6c153c
6d153c
6e153d
6f153d
70153e
71153e
72153f
73153f
741540
751540
761541
771541
781542
791542
7a1543
7b1543
7c1544
7d1544
7e1545
7f1545
801546
811546
821547
831547
841548
851548
861549
871549
88154a
89154a
8a154b
8b154b
8c154c
8d154c
8e154d
8f154d
90154e
91154e
92154f
93154f
941550
951550
961551
971551
981552
991552
9a1553
9b1553
9c1554
9d1554
9e1555
9f1555
a01556
a11556
a21557
a31557
a41558
a51558
a61559
a71559
a8155a
a9155a
aa155b
ab155b
ac155c
ad155c
ae155d
af155d
b0155e
b1155e
b2155f
b3155f
b41560
b51560
b61561
b71561
b81562
b91562
ba1563
bb1563
bc1564
bd1564
be1565
bf1565
c01566
c11566
c21567
c31567
c41568
c51568
c61569
c71569
c8156a
c9156a
ca156b
cb156b
cc156c
cd156c
ce156d
cf156d
d0156e
d1156e
d2156f
d3156f
d41570
d51570
d61571
d71571
d81572
d91572
da1573
db1573
dc1574
dd1574
de1575
df1575
e01576
e11576
e21577
e31577
e41578
e51578
e61579
e71579
e8157a
e9157a
ea157b
eb157b
ec157c
ed157c
ee157d
ef157d
f0157e
f1157e
f2157f
f3157f
f41580
f51580
f61581
f71581
f81582
f91582
fa1583
fb1583
fc1584
fd1584
ee1585
af1585
501586
111586
021587
031587
041588
051588
061589
071589
08158a
09158a
0a158b
0b158b
0c158c
0d158c
0e158d
0f158d
10158e
11158e
12158f
13158f
141590
151590
161591
171591
181592
191592
1a1593
1b1593
1c1594
1d1594
1e1595
1f1595
201596
211596
221597
231597
241598
251598
261599
271599
28159a
29159a
2a159b
2b159b
2c159c
2d159c
2e159d
2f159d
30159e
31159e
32159f
33159f
3415a0
3515a0
3615a1
3715a1
3815a2
3915a2
3a15a3
3b15a3
3c15a4
3d15a4
000000
000000
000000
000000
021607
031608
041608
051609
061609
07160a
08160a
09160b
0a160b
0b160c
0c160c
0d160d
0e160d
0f160e
10160e
11160f
12160f
131610
141610
151611
161611
171612
181612
191613
1a1613
1b1614
1c1614
1d1615
1e1615
1f1616
201616
211617
221617
231618
241618
251619
261619
27161a
28161a
29161b
2a161b
2b161c
2c161c
2d161d
2e161d
2f161e
30161e
31161f
32161f
331620
341620
351621
361621
371622
381622
391623
3a1623
3b1624
3c1624
3d1625
3e1625
3f1626
401626
411627
421627
431628
441628
451629
461629
47162a
48162a
49162b
4a162b
4b162c
4c162c
4d162d
4e162d
4f162e
50162e
51162f
52162f
531630
541630
551631
561631
571632
581632
591633
5a1633
5b1634
5c1634
5d1635
5e1635
5f1636
601636
611637
621637
631638
641638
651639
661639
67163a
68163a
69163b
6a163b
6b163c
6c163c
6d163d
6e163d
6f163e
70163e
71163f
72163f
731640
741640
751641
761641
771642
781642
791643
7a1643
7b1644
7c1644
7d1645
7e1645
7f1646
801646
811647
821647
831648
841648
851649
861649
87164a
88164a
89164b
8a164b
8b164c
8c164c
8d164d
8e164d
8f164e
90164e
91164f
92164f
931650
941650
951651
961651
971652
981652
991653
9a1653
9b1654
9c1654
9d1655
9e1655
9f1656
a01656
a11657
a21657
a31658
a41658
a51659
a61659
a7165a
a8165a
a9165b
aa165b
ab165c
ac165c
ad165d
ae165d
af165e
b0165e
b1165f
b2165f
b31660
b41660
b51661
b61661
b71662
b81662
b91663
ba1663
bb1664
bc1664
bd1665
be1665
bf1666
c01666
c11667
c21667
c31668
c41668
c51669
c61669
c7166a
c8166a
c9166b
ca166b
cb166c
cc166c
cd166d
ce166d
cf166e
d0166e
d1166f
d2166f
d31670
d41670
d51671
d61671
d71672
d81672
d91673
da1673
db1674
dc1674
dd1675
de1675
df1676
e01676
e11677
e21677
e31678
e41678
e51679
e61679
e7167a
e8167a
e9167b
ea167b
eb167c
ec167c
ed167d
ee167d
ef167e
f0167e
f1167f
f2167f
f31680
f41680
f51681
f61681
f71682
f81682
f91683
fa1683
fb1684
fc1684
fd1685
ee1685
af1686
501686
111687
021687
031688
041688
051689
061689
07168a
08168a
09168b
0a168b
0b168c
0c168c
0d168d
0e168d
0f168e
10168e
11168f
12168f
131690
141690
151691
161691
171692
181692
191693
1a1693
1b1694
1c1694
1d1695
1e1695
1f1696
201696
211697
221697
231698
241698
251699
261699
27169a
28169a
29169b
2a169b
2b169c
2c169c
2d169d
2e169d
2f169e
30169e
31169f
32169f
3316a0
3416a0
3516a1
3616a1
3716a2
3816a2
3916a3
3a16a3
3b16a4
3c16a4
3d16a5
000000
000000
000000
000000
021708
031708
041709
051709
06170a
07170a
08170b
09170b
0a170c
0b170c
0c170d
0d170d
0e170e
0f170e
10170f
11170f
121710
131710
141711
151711
161712
171712
181713
191713
1a1714
1b1714
1c1715
1d1715
1e1716
1f1716
201717
211717
221718
231718
241719
251719
26171a
27171a
28171b
29171b
2a171c
2b171c
2c171d
2d171d
2e171e
2f171e
30171f
31171f
321720
331720
341721
351721
361722
371722
381723
391723
3a1724
3b1724
3c1725
3d1725
3e1726
3f1726
401727
411727
421728
431728
441729
451729
46172a
47172a
48172b
49172b
4a172c
4b172c
4c172d
4d172d
4e172e
4f172e
50172f
51172f
521730
531730
541731
551731
561732
571732
581733
591733
5a1734
5b1734
5c1735
5d1735
5e1736
5f1736
601737
611737
621738
631738
641739
651739
66173a
67173a
68173b
69173b
6a173c
6b173c
6c173d
6d173d
6e173e
6f173e
70173f
71173f
721740
731740
741741
751741
761742
771742
781743
791743
7a1744
7b1744
7c1745
7d1745
7e1746
7f1746
801747
811747
821748
831748
841749
851749
86174a
87174a
88174b
89174b
8a174c
8b174c
8c174d
8d174d
8e174e
8f174e
90174f
91174f
921750
931750
941751
951751
961752
971752
981753
991753
9a1754
9b1754
9c1755
9d1755
9e1756
9f1756
a01757
a11757
a21758
a31758
a41759
a51759
a6175a
a7175a
a8175b
a9175b
aa175c
ab175c
ac175d
ad175d
ae175e
af175e
b0175f
b1175f
b21760
b31760
b41761
b51761
b61762
b71762
b81763
b91763
ba1764
bb1764
bc1765
bd1765
be1766
bf1766
c01767
c11767
c21768
c31768
c41769
c51769
c6176a
c7176a
c8176b
c9176b
ca176c
cb176c
cc176d
cd176d
ce176e
cf176e
d0176f
d1176f
d21770
d31770
d41771
d51771
d61772
d71772
d81773
d91773
da1774
db1774
dc1775
dd1775
de1776
df1776
e01777
e11777
e21778
e31778
e41779
e51779
e6177a
e7177a
e8177b
e9177b
ea177c
eb177c
ec177d
ed177d
ee177e
ef177e
f0177f
f1177f
f21780
f31780
f41781
f51781
f61782
f71782
f81783
f91783
fa1784
fb1784
fc1785
fd1785
ee1786
af1786
501787
111787
021788
031788
041789
051789
06178a
07178a
08178b
09178b
0a178c
0b178c
0c178d
0d178d
0e178e
0f178e
10178f
11178f
121790
131790
141791
151791
161792
171792
181793
191793
1a1794
1b1794
1c1795
1d1795
1e1796
1f1796
201797
211797
221798
231798
241799
251799
26179a
27179a
28179b
29179b
2a179c
2b179c
2c179d
2d179d
2e179e
2f179e
30179f
31179f
3217a0
3317a0
3417a1
3517a1
3617a2
3717a2
3817a3
3917a3
3a17a4
3b17a4
3c17a5
3d17a5
000000
000000
000000
000000
021808
031808
041809
051809
06180a
07180a
08180b
09180b
0a180c
0b180c
0c180d
0d180d
0e180e
0f180e
10180f
11180f
121810
131810
141811
151811
161812
171812
181813
191813
1a1814
1b1814
1c1815
1d1815
1e1816
1f1816
201817
211817
221818
231818
241819
251819
26181a
27181a
28181b
29181b
2a181c
2b181c
2c181d
2d181d
2e181e
2f181e
30181f
31181f
321820
331820
341821
351821
361822
371822
381823
391823
3a1824
3b1824
3c1825
3d1825
3e1826
3f1826
401827
411827
421828
431828
441829
451829
46182a
47182a
48182b
49182b
4a182c
4b182c
4c182d
4d182d
4e182e
4f182e
50182f
51182f
521830
531830
541831
551831
561832
571832
581833
591833
5a1834
5b1834
5c1835
5d1835
5e1836
5f1836
601837
611837
621838
631838
641839
651839
66183a
67183a
68183b
69183b
6a183c
6b183c
6c183d
6d183d
6e183e
6f183e
70183f
71183f
721840
731840
741841
751841
761842
771842
781843
791843
7a1844
7b1844
7c1845
7d1845
7e1846
7f1846
801847
811847
821848
831848
841849
851849
86184a
87184a
88184b
89184b
8a184c
8b184c
8c184d
8d184d
8e184e
8f184e
90184f
91184f
921850
931850
941851
951851
961852
971852
981853
991853
9a1854
9b1854
9c1855
9d1855
9e1856
9f1856
a01857
a11857
a21858
a31858
a41859
a51859
a6185a
a7185a
a8185b
a9185b
aa185c
ab185c
ac185d
ad185d
ae185e
af185e
b0185f
b1185f
b21860
b31860
b41861
b51861
b61862
b71862
b81863
b91863
ba1864
bb1864
bc1865
bd1865
be1866
bf1866
c01867
c11867
c21868
c31868
c41869
c51869
c6186a
c7186a
c8186b
c9186b
ca186c
cb186c
cc186d
cd186d
ce186e
cf186e
d0186f
d1186f
d21870
d31870
d41871
d51871
d61872
d71872
d81873
d91873
da1874
db1874
dc1875
dd1875
de1876
df1876
e01877
e11877
e21878
e31878
e41879
e51879
e6187a
e7187a
e8187b
e9187b
ea187c
eb187c
ec187d
ed187d
ee187e
ef187e
f0187f
f1187f
f21880
f31880
f41881
f51881
f61882
f71882
f81883
f91883
fa1884
fb1884
fc1885
fd1885
ee1886
af1886
501887
111887
021888
031888
041889
051889
06188a
07188a
08188b
09188b
0a188c
0b188c
0c188d
0d188d
0e188e
0f188e
10188f
11188f
121890
131890
141891
151891
161892
171892
181893
191893
1a1894
1b1894
1c1895
1d1895
1e1896
1f1896
201897
211897
221898
231898
241899
251899
26189a
27189a
28189b
29189b
2a189c
2b189c
2c189d
2d189d
2e189e
2f189e
30189f
31189f
3218a0
3318a0
3418a1
3518a1
3618a2
3718a2
3818a3
3918a3
3a18a4
3b18a4
3c18a5
3d18a5
000000
000000
000000
000000
021908
031909
041909
05190a
06190a
07190b
08190b
09190c
0a190c
0b190d
0c190d
0d190e
0e190e
0f190f
10190f
111910
121910
131911
141911
151912
161912
171913
181913
191914
1a1914
1b1915
1c1915
1d1916
1e1916
1f1917
201917
211918
221918
231919
241919
25191a
26191a
27191b
28191b
29191c
2a191c
2b191d
2c191d
2d191e
2e191e
2f191f
30191f
311920
321920
331921
341921
351922
361922
371923
381923
391924
3a1924
3b1925
3c1925
3d1926
3e1926
3f1927
401927
411928
421928
431929
441929
45192a
46192a
47192b
48192b
49192c
4a192c
4b192d
4c192d
4d192e
4e192e
4f192f
50192f
511930
521930
531931
541931
551932
561932
571933
581933
591934
5a1934
5b1935
5c1935
5d1936
5e1936
5f1937
601937
611938
621938
631939
641939
65193a
66193a
67193b
68193b
69193c
6a193c
6b193d
6c193d
6d193e
6e193e
6f193f
70193f
711940
721940
731941
741941
751942
761942
771943
781943
791944
7a1944
7b1945
7c1945
7d1946
7e1946
7f1947
801947
811948
821948
831949
841949
85194a
86194a
87194b
88194b
89194c
8a194c
8b194d
8c194d
8d194e
8e194e
8f194f
90194f
911950
921950
931951
941951
951952
961952
971953
981953
991954
9a1954
9b1955
9c1955
9d1956
9e1956
9f1957
a01957
a11958
a21958
a31959
a41959
a5195a
a6195a
a7195b
a8195b
a9195c
aa195c
ab195d
ac195d
ad195e
ae195e
af195f
b0195f
b11960
b21960
b31961
b41961
b51962
b61962
b71963
b81963
b91964
ba1964
bb1965
bc1965
bd1966
be1966
bf1967
c01967
c11968
c21968
c31969
c41969
c5196a
c6196a
c7196b
c8196b
c9196c
ca196c
cb196d
cc196d
cd196e
ce196e
cf196f
d0196f
d11970
d21970
d31971
d41971
d51972
d61972
d71973
d81973
d91974
da1974
db1975
dc1975
dd1976
de1976
df1977
e01977
e11978
e21978
e31979
e41979
e5197a
e6197a
e7197b
e8197b
e9197c
ea197c
eb197d
ec197d
ed197e
ee197e
ef197f
f0197f
f11980
f21980
f31981
f41981
f51982
f61982
f71983
f81983
f91984
fa1984
fb1985
fc1985
fd1986
ee1986
af1987
501987
111988
021988
031989
041989
05198a
06198a
07198b
08198b
09198c
0a198c
0b198d
0c198d
0d198e
0e198e
0f198f
10198f
111990
121990
131991
141991
151992
161992
171993
181993
191994
1a1994
1b1995
1c1995
1d1996
1e1996
1f1997
201997
211998
221998
231999
241999
25199a
26199a
27199b
28199b
29199c
2a199c
2b199d
2c199d
2d199e
2e199e
2f199f
30199f
3119a0
3219a0
3319a1
3419a1
3519a2
3619a2
3719a3
3819a3
3919a4
3a19a4
3b19a5
3c19a5
3d19a6
000000
000000
000000
000000
021a09
031a09
041a0a
051a0a
061a0b
071a0b
081a0c
091a0c
0a1a0d
0b1a0d
0c1a0e
0d1a0e
0e1a0f
0f1a0f
101a10
111a10
121a11
131a11
141a12
151a12
161a13
171a13
181a14
191a14
1a1a15
1b1a15
1c1a16
1d1a16
1e1a17
1f1a17
201a18
211a18
221a19
231a19
241a1a
251a1a
261a1b
271a1b
281a1c
291a1c
2a1a1d
2b1a1d
2c1a1e
2d1a1e
2e1a1f
2f1a1f
301a20
311a20
321a21
331a21
341a22
351a22
361a23
371a23
381a24
391a24
3a1a25
3b1a25
3c1a26
3d1a26
3e1a27
3f1a27
401a28
411a28
421a29
431a29
441a2a
451a2a
461a2b
471a2b
481a2c
491a2c
4a1a2d
4b1a2d
4c1a2e
4d1a2e
4e1a2f
4f1a2f
501a30
511a30
521a31
531a31
541a32
551a32
561a33
571a33
581a34
591a34
5a1a35
5b1a35
5c1a36
5d1a36
5e1a37
5f1a37
601a38
611a38
621a39
631a39
641a3a
651a3a
661a3b
671a3b
681a3c
691a3c
6a1a3d
6b1a3d
6c1a3e
6d1a3e
6e1a3f
6f1a3f
701a40
711a40
721a41
731a41
741a42
751a42
761a43
771a43
781a44
791a44
7a1a45
7b1a45
7c1a46
7d1a46
7e1a47
7f1a47
801a48
811a48
821a49
831a49
841a4a
851a4a
861a4b
871a4b
881a4c
891a4c
8a1a4d
8b1a4d
8c1a4e
8d1a4e
8e1a4f
8f1a4f
901a50
911a50
921a51
931a51
941a52
951a52
961a53
971a53
981a54
991a54
9a1a55
9b1a55
9c1a56
9d1a56
9e1a57
9f1a57
a01a58
a11a58
a21a59
a31a59
a41a5a
a51a5a
a61a5b
a71a5b
a81a5c
a91a5c
aa1a5d
ab1a5d
ac1a5e
ad1a5e
ae1a5f
af1a5f
b01a60
b11a60
b21a61
b31a61
b41a62
b51a62
b61a63
b71a63
b81a64
b91a64
ba1a65
bb1a65
bc1a66
bd1a66
be1a67
bf1a67
c01a68
c11a68
c21a69
c31a69
c41a6a
c51a6a
c61a6b
c71a6b
c81a6c
c91a6c
ca1a6d
cb1a6d
cc1a6e
cd1a6e
ce1a6f
cf1a6f
d01a70
d11a70
d21a71
d31a71
d41a72
d51a72
d61a73
d71a73
d81a74
d91a74
da1a75
db1a75
dc1a76
dd1a76
de1a77
df1a77
e01a78
e11a78
e21a79
e31a79
e41a7a
e51a7a
e61a7b
e71a7b
e81a7c
e91a7c
ea1a7d
eb1a7d
ec1a7e
ed1a7e
ee1a7f
ef1a7f
f01a80
f11a80
f21a81
f31a81
f41a82
f51a82
f61a83
f71a83
f81a84
f91a84
fa1a85
fb1a85
fc1a86
fd1a86
ee1a87
af1a87
501a88
111a88
021a89
031a89
041a8a
051a8a
061a8b
071a8b
081a8c
091a8c
0a1a8d
0b1a8d
0c1a8e
0d1a8e
0e1a8f
0f1a8f
101a90
111a90
121a91
131a91
141a92
151a92
161a93
171a93
181a94
191a94
1a1a95
1b1a95
1c1a96
1d1a96
1e1a97
1f1a97
201a98
211a98
221a99
231a99
241a9a
251a9a
261a9b
271a9b
281a9c
291a9c
2a1a9d
2b1a9d
2c1a9e
2d1a9e
2e1a9f
2f1a9f
301aa0
311aa0
321aa1
331aa1
341aa2
351aa2
361aa3
371aa3
381aa4
391aa4
3a1aa5
3b1aa5
3c1aa6
3d1aa6
000000
000000
000000
000000
021b09
031b09
041b0a
051b0a
061b0b
071b0b
081b0c
091b0c
0a1b0d
0b1b0d
0c1b0e
0d1b0e
0e1b0f
0f1b0f
101b10
111b10
121b11
131b11
141b12
151b12
161b13
171b13
181b14
191b14
1a1b15
1b1b15
1c1b16
1d1b16
1e1b17
1f1b17
201b18
211b18
221b19
231b19
241b1a
251b1a
261b1b
271b1b
281b1c
291b1c
2a1b1d
2b1b1d
2c1b1e
2d1b1e
2e1b1f
2f1b1f
301b20
311b20
321b21
331b21
341b22
351b22
361b23
371b23
381b24
391b24
3a1b25
3b1b25
3c1b26
3d1b26
3e1b27
3f1b27
401b28
411b28
421b29
431b29
441b2a
451b2a
461b2b
471b2b
481b2c
491b2c
4a1b2d
4b1b2d
4c1b2e
4d1b2e
4e1b2f
4f1b2f
501b30
511b30
521b31
531b31
541b32
551b32
561b33
571b33
581b34
591b34
5a1b35
5b1b35
5c1b36
5d1b36
5e1b37
5f1b37
601b38
611b38
621b39
631b39
641b3a
651b3a
661b3b
671b3b
681b3c
691b3c
6a1b3d
6b1b3d
6c1b3e
6d1b3e
6e1b3f
6f1b3f
701b40
711b40
721b41
731b41
741b42
751b42
761b43
771b43
781b44
791b44
7a1b45
7b1b45
7c1b46
7d1b46
7e1b47
7f1b47
801b48
811b48
821b49
831b49
841b4a
851b4a
861b4b
871b4b
881b4c
891b4c
8a1b4d
8b1b4d
8c1b4e
8d1b4e
8e1b4f
8f1b4f
901b50
911b50
921b51
931b51
941b52
951b52
961b53
971b53
981b54
991b54
9a1b55
9b1b55
9c1b56
9d1b56
9e1b57
9f1b57
a01b58
a11b58
a21b59
a31b59
a41b5a
a51b5a
a61b5b
a71b5b
a81b5c
a91b5c
aa1b5d
ab1b5d
ac1b5e
ad1b5e
ae1b5f
af1b5f
b01b60
b11b60
b21b61
b31b61
b41b62
b51b62
b61b63
b71b63
b81b64
b91b64
ba1b65
bb1b65
bc1b66
bd1b66
be1b67
bf1b67
c01b68
c11b68
c21b69
c31b69
c41b6a
c51b6a
c61b6b
c71b6b
c81b6c
c91b6c
ca1b6d
cb1b6d
cc1b6e
cd1b6e
ce1b6f
cf1b6f
d01b70
d11b70
d21b71
d31b71
d41b72
d51b72
d61b73
d71b73
d81b74
d91b74
da1b75
db1b75
dc1b76
dd1b76
de1b77
df1b77
e01b78
e11b78
e21b79
e31b79
e41b7a
e51b7a
e61b7b
e71b7b
e81b7c
e91b7c
ea1b7d
eb1b7d
ec1b7e
ed1b7e
ee1b7f
ef1b7f
f01b80
f11b80
f21b81
f31b81
f41b82
f51b82
f61b83
f71b83
f81b84
f91b84
fa1b85
fb1b85
fc1b86
fd1b86
ee1b87
af1b87
501b88
111b88
021b89
031b89
041b8a
051b8a
061b8b
071b8b
081b8c
091b8c
0a1b8d
0b1b8d
0c1b8e
0d1b8e
0e1b8f
0f1b8f
101b90
111b90
121b91
131b91
141b92
151b92
161b93
171b93
181b94
191b94
1a1b95
1b1b95
1c1b96
1d1b96
1e1b97
1f1b97
201b98
211b98
221b99
231b99
241b9a
251b9a
261b9b
271b9b
281b9c
291b9c
2a1b9d
2b1b9d
2c1b9e
2d1b9e
2e1b9f
2f1b9f
301ba0
311ba0
321ba1
331ba1
341ba2
351ba2
361ba3
371ba3
381ba4
391ba4
3a1ba5
3b1ba5
3c1ba6
3d1ba6
000000
000000
000000
000000
021c09
031c0a
041c0a
051c0b
061c0b
071c0c
081c0c
091c0d
0a1c0d
0b1c0e
0c1c0e
0d1c0f
0e1c0f
0f1c10
101c10
111c11
121c11
131c12
141c12
151c13
161c13
171c14
181c14
191c15
1a1c15
1b1c16
1c1c16
1d1c17
1e1c17
1f1c18
201c18
211c19
221c19
231c1a
241c1a
251c1b
261c1b
271c1c
281c1c
291c1d
2a1c1d
2b1c1e
2c1c1e
2d1c1f
2e1c1f
2f1c20
301c20
311c21
321c21
331c22
341c22
351c23
361c23
371c24
381c24
391c25
3a1c25
3b1c26
3c1c26
3d1c27
3e1c27
3f1c28
401c28
411c29
421c29
431c2a
441c2a
451c2b
461c2b
471c2c
481c2c
491c2d
4a1c2d
4b1c2e
4c1c2e
4d1c2f
4e1c2f
4f1c30
501c30
511c31
521c31
531c32
541c32
551c33
561c33
571c34
581c34
591c35
5a1c35
5b1c36
5c1c36
5d1c37
5e1c37
5f1c38
601c38
611c39
621c39
631c3a
641c3a
651c3b
661c3b
671c3c
681c3c
691c3d
6a1c3d
6b1c3e
6c1c3e
6d1c3f
6e1c3f
6f1c40
701c40
711c41
721c41
731c42
741c42
751c43
761c43
771c44
781c44
791c45
7a1c45
7b1c46
7c1c46
7d1c47
7e1c47
7f1c48
801c48
811c49
821c49
831c4a
841c4a
851c4b
861c4b
871c4c
881c4c
891c4d
8a1c4d
8b1c4e
8c1c4e
8d1c4f
8e1c4f
8f1c50
901c50
911c51
921c51
931c52
941c52
951c53
961c53
971c54
981c54
991c55
9a1c55
9b1c56
9c1c56
9d1c57
9e1c57
9f1c58
a01c58
a11c59
a21c59
a31c5a
a41c5a
a51c5b
a61c5b
a71c5c
a81c5c
a91c5d
aa1c5d
ab1c5e
ac1c5e
ad1c5f
ae1c5f
af1c60
b01c60
b11c61
b21c61
b31c62
b41c62
b51c63
b61c63
b71c64
b81c64
b91c65
ba1c65
bb1c66
bc1c66
bd1c67
be1c67
bf1c68
c01c68
c11c69
c21c69
c31c6a
c41c6a
c51c6b
c61c6b
c71c6c
c81c6c
c91c6d
ca1c6d
cb1c6e
cc1c6e
cd1c6f
ce1c6f
cf1c70
d01c70
d11c71
d21c71
d31c72
d41c72
d51c73
d61c73
d71c74
d81c74
d91c75
da1c75
db1c76
dc1c76
dd1c77
de1c77
df1c78
e01c78
e11c79
e21c79
e31c7a
e41c7a
e51c7b
e61c7b
e71c7c
e81c7c
e91c7d
ea1c7d
eb1c7e
ec1c7e
ed1c7f
ee1c7f
ef1c80
f01c80
f11c81
f21c81
f31c82
f41c82
f51c83
f61c83
f71c84
f81c84
f91c85
fa1c85
fb1c86
fc1c86
fd1c87
ee1c87
af1c88
501c88
111c89
021c89
031c8a
041c8a
051c8b
061c8b
071c8c
081c8c
091c8d
0a1c8d
0b1c8e
0c1c8e
0d1c8f
0e1c8f
0f1c90
101c90
111c91
121c91
131c92
141c92
151c93
161c93
171c94
181c94
191c95
1a1c95
1b1c96
1c1c96
1d1c97
1e1c97
1f1c98
201c98
211c99
221c99
231c9a
241c9a
251c9b
261c9b
271c9c
281c9c
291c9d
2a1c9d
2b1c9e
2c1c9e
2d1c9f
2e1c9f
2f1ca0
301ca0
311ca1
321ca1
331ca2
341ca2
351ca3
361ca3
371ca4
381ca4
391ca5
3a1ca5
3b1ca6
3c1ca6
3d1ca7
000000
000000
000000
000000
021d0a
031d0a
041d0b
051d0b
061d0c
071d0c
081d0d
091d0d
0a1d0e
0b1d0e
0c1d0f
0d1d0f
0e1d10
0f1d10
101d11
111d11
121d12
131d12
141d13
151d13
161d14
171d14
181d15
191d15
1a1d16
1b1d16
1c1d17
1d1d17
1e1d18
1f1d18
201d19
211d19
221d1a
231d1a
241d1b
251d1b
261d1c
271d1c
281d1d
291d1d
2a1d1e
2b1d1e
2c1d1f
2d1d1f
2e1d20
2f1d20
301d21
311d21
321d22
331d22
341d23
351d23
361d24
371d24
381d25
391d25
3a1d26
3b1d26
3c1d27
3d1d27
3e1d28
3f1d28
401d29
411d29
421d2a
431d2a
441d2b
451d2b
461d2c
471d2c
481d2d
491d2d
4a1d2e
4b1d2e
4c1d2f
4d1d2f
4e1d30
4f1d30
501d31
511d31
521d32
531d32
541d33
551d33
561d34
571d34
581d35
591d35
5a1d36
5b1d36
5c1d37
5d1d37
5e1d38
5f1d38
601d39
611d39
621d3a
631d3a
641d3b
651d3b
661d3c
671d3c
681d3d
691d3d
6a1d3e
6b1d3e
6c1d3f
6d1d3f
6e1d40
6f1d40
701d41
711d41
721d42
731d42
741d43
751d43
761d44
771d44
781d45
791d45
7a1d46
7b1d46
7c1d47
7d1d47
7e1d48
7f1d48
801d49
811d49
821d4a
831d4a
841d4b
851d4b
861d4c
871d4c
881d4d
891d4d
8a1d4e
8b1d4e
8c1d4f
8d1d4f
8e1d50
8f1d50
901d51
911d51
921d52
931d52
941d53
951d53
961d54
971d54
981d55
991d55
9a1d56
9b1d56
9c1d57
9d1d57
9e1d58
9f1d58
a01d59
a11d59
a21d5a
a31d5a
a41d5b
a51d5b
a61d5c
a71d5c
a81d5d
a91d5d
aa1d5e
ab1d5e
ac1d5f
ad1d5f
ae1d60
af1d60
b01d61
b11d61
b21d62
b31d62
b41d63
b51d63
b61d64
b71d64
b81d65
b91d65
ba1d66
bb1d66
bc1d67
bd1d67
be1d68
bf1d68
c01d69
c11d69
c21d6a
c31d6a
c41d6b
c51d6b
c61d6c
c71d6c
c81d6d
c91d6d
ca1d6e
cb1d6e
cc1d6f
cd1d6f
ce1d70
cf1d70
d01d71
d11d71
d21d72
d31d72
d41d73
d51d73
d61d74
d71d74
d81d75
d91d75
da1d76
db1d76
dc1d77
dd1d77
de1d78
df1d78
e01d79
e11d79
e21d7a
e31d7a
e41d7b
e51d7b
e61d7c
e71d7c
e81d7d
e91d7d
ea1d7e
eb1d7e
ec1d7f
ed1d7f
ee1d80
ef1d80
f01d81
f11d81
f21d82
f31d82
f41d83
f51d83
f61d84
f71d84
f81d85
f91d85
fa1d86
fb1d86
fc1d87
fd1d87
ee1d88
af1d88
501d89
111d89
021d8a
031d8a
041d8b
051d8b
061d8c
071d8c
081d8d
091d8d
0a1d8e
0b1d8e
0c1d8f
0d1d8f
0e1d90
0f1d90
101d91
111d91
121d92
131d92
141d93
151d93
161d94
171d94
181d95
191d95
1a1d96
1b1d96
1c1d97
1d1d97
1e1d98
1f1d98
201d99
211d99
221d9a
231d9a
241d9b
251d9b
261d9c
271d9c
281d9d
291d9d
2a1d9e
2b1d9e
2c1d9f
2d1d9f
2e1da0
2f1da0
301da1
311da1
321da2
331da2
341da3
351da3
361da4
371da4
381da5
391da5
3a1da6
3b1da6
3c1da7
3d1da7
000000
000000
000000
000000
021e0a
031e0a
041e0b
051e0b
061e0c
071e0c
081e0d
091e0d
0a1e0e
0b1e0e
0c1e0f
0d1e0f
0e1e10
0f1e10
101e11
111e11
121e12
131e12
141e13
151e13
161e14
171e14
181e15
191e15
1a1e16
1b1e16
1c1e17
1d1e17
1e1e18
1f1e18
201e19
211e19
221e1a
231e1a
241e1b
251e1b
261e1c
271e1c
281e1d
291e1d
2a1e1e
2b1e1e
2c1e1f
2d1e1f
2e1e20
2f1e20
301e21
311e21
321e22
331e22
341e23
351e23
361e24
371e24
381e25
391e25
3a1e26
3b1e26
3c1e27
3d1e27
3e1e28
3f1e28
401e29
411e29
421e2a
431e2a
441e2b
451e2b
461e2c
471e2c
481e2d
491e2d
4a1e2e
4b1e2e
4c1e2f
4d1e2f
4e1e30
4f1e30
501e31
511e31
521e32
531e32
541e33
551e33
561e34
571e34
581e35
591e35
5a1e36
5b1e36
5c1e37
5d1e37
5e1e38
5f1e38
601e39
611e39
621e3a
631e3a
641e3b
651e3b
661e3c
671e3c
681e3d
691e3d
6a1e3e
6b1e3e
6c1e3f
6d1e3f
6e1e40
6f1e40
701e41
711e41
721e42
731e42
741e43
751e43
761e44
771e44
781e45
791e45
7a1e46
7b1e46
7c1e47
7d1e47
7e1e48
7f1e48
801e49
811e49
821e4a
831e4a
841e4b
851e4b
861e4c
871e4c
881e4d
891e4d
8a1e4e
8b1e4e
8c1e4f
8d1e4f
8e1e50
8f1e50
901e51
911e51
921e52
931e52
941e53
951e53
961e54
971e54
981e55
991e55
9a1e56
9b1e56
9c1e57
9d1e57
9e1e58
9f1e58
a01e59
a11e59
a21e5a
a31e5a
a41e5b
a51e5b
a61e5c
a71e5c
a81e5d
a91e5d
aa1e5e
ab1e5e
ac1e5f
ad1e5f
ae1e60
af1e60
b01e61
b11e61
b21e62
b31e62
b41e63
b51e63
b61e64
b71e64
b81e65
b91e65
ba1e66
bb1e66
bc1e67
bd1e67
be1e68
bf1e68
c01e69
c11e69
c21e6a
c31e6a
c41e6b
c51e6b
c61e6c
c71e6c
c81e6d
c91e6d
ca1e6e
cb1e6e
cc1e6f
cd1e6f
ce1e70
cf1e70
d01e71
d11e71
d21e72
d31e72
d41e73
d51e73
d61e74
d71e74
d81e75
d91e75
da1e76
db1e76
dc1e77
dd1e77
de1e78
df1e78
e01e79
e11e79
e21e7a
e31e7a
e41e7b
e51e7b
e61e7c
e71e7c
e81e7d
e91e7d
ea1e7e
eb1e7e
ec1e7f
ed1e7f
ee1e80
ef1e80
f01e81
f11e81
f21e82
f31e82
f41e83
f51e83
f61e84
f71e84
f81e85
f91e85
fa1e86
fb1e86
fc1e87
fd1e87
ee1e88
af1e88
501e89
111e89
021e8a
031e8a
041e8b
051e8b
061e8c
071e8c
081e8d
091e8d
0a1e8e
0b1e8e
0c1e8f
0d1e8f
0e1e90
0f1e90
101e91
111e91
121e92
131e92
141e93
151e93
161e94
171e94
181e95
191e95
1a1e96
1b1e96
1c1e97
1d1e97
1e1e98
1f1e98
201e99
211e99
221e9a
231e9a
241e9b
251e9b
261e9c
271e9c
281e9d
291e9d
2a1e9e
2b1e9e
2c1e9f
2d1e9f
2e1ea0
2f1ea0
301ea1
311ea1
321ea2
331ea2
341ea3
351ea3
361ea4
371ea4
381ea5
391ea5
3a1ea6
3b1ea6
3c1ea7
3d1ea7
000000
000000
000000
000000
021f0a
031f0b
041f0b
051f0c
061f0c
071f0d
081f0d
091f0e
0a1f0e
0b1f0f
0c1f0f
0d1f10
0e1f10
0f1f11
101f11
111f12
121f12
131f13
141f13
151f14
161f14
171f15
181f15
191f16
1a1f16
1b1f17
1c1f17
1d1f18
1e1f18
1f1f19
201f19
211f1a
221f1a
231f1b
241f1b
251f1c
261f1c
271f1d
281f1d
291f1e
2a1f1e
2b1f1f
2c1f1f
2d1f20
2e1f20
2f1f21
301f21
311f22
321f22
331f23
341f23
351f24
361f24
371f25
381f25
391f26
3a1f26
3b1f27
3c1f27
3d1f28
3e1f28
3f1f29
401f29
411f2a
421f2a
431f2b
441f2b
451f2c
461f2c
471f2d
481f2d
491f2e
4a1f2e
4b1f2f
4c1f2f
4d1f30
4e1f30
4f1f31
501f31
511f32
521f32
531f33
541f33
551f34
561f34
571f35
581f35
591f36
5a1f36
5b1f37
5c1f37
5d1f38
5e1f38
5f1f39
601f39
611f3a
621f3a
631f3b
641f3b
651f3c
661f3c
671f3d
681f3d
691f3e
6a1f3e
6b1f3f
6c1f3f
6d1f40
6e1f40
6f1f41
701f41
711f42
721f42
731f43
741f43
751f44
761f44
771f45
781f45
791f46
7a1f46
7b1f47
7c1f47
7d1f48
7e1f48
7f1f49
801f49
811f4a
821f4a
831f4b
841f4b
851f4c
861f4c
871f4d
881f4d
891f4e
8a1f4e
8b1f4f
8c1f4f
8d1f50
8e1f50
8f1f51
901f51
911f52
921f52
931f53
941f53
951f54
961f54
971f55
981f55
991f56
9a1f56
9b1f57
9c1f57
9d1f58
9e1f58
9f1f59
a01f59
a11f5a
a21f5a
a31f5b
a41f5b
a51f5c
a61f5c
a71f5d
a81f5d
a91f5e
aa1f5e
ab1f5f
ac1f5f
ad1f60
ae1f60
af1f61
b01f61
b11f62
b21f62
b31f63
b41f63
b51f64
b61f64
b71f65
b81f65
b91f66
ba1f66
bb1f67
bc1f67
bd1f68
be1f68
bf1f69
c01f69
c11f6a
c21f6a
c31f6b
c41f6b
c51f6c
c61f6c
c71f6d
c81f6d
c91f6e
ca1f6e
cb1f6f
cc1f6f
cd1f70
ce1f70
cf1f71
d01f71
d11f72
d21f72
d31f73
d41f73
d51f74
d61f74
d71f75
d81f75
d91f76
da1f76
db1f77
dc1f77
dd1f78
de1f78
df1f79
e01f79
e11f7a
e21f7a
e31f7b
e41f7b
e51f7c
e61f7c
e71f7d
e81f7d
e91f7e
ea1f7e
eb1f7f
ec1f7f
ed1f80
ee1f80
ef1f81
f01f81
f11f82
f21f82
f31f83
f41f83
f51f84
f61f84
f71f85
f81f85
f91f86
fa1f86
fb1f87
fc1f87
fd1f88
ee1f88
af1f89
501f89
111f8a
021f8a
031f8b
041f8b
051f8c
061f8c
071f8d
081f8d
091f8e
0a1f8e
0b1f8f
0c1f8f
0d1f90
0e1f90
0f1f91
101f91
111f92
121f92
131f93
141f93
151f94
161f94
171f95
181f95
191f96
1a1f96
1b1f97
1c1f97
1d1f98
1e1f98
1f1f99
201f99
211f9a
221f9a
231f9b
241f9b
251f9c
261f9c
271f9d
281f9d
291f9e
2a1f9e
2b1f9f
2c1f9f
2d1fa0
2e1fa0
2f1fa1
301fa1
311fa2
321fa2
331fa3
341fa3
351fa4
361fa4
371fa5
381fa5
391fa6
3a1fa6
3b1fa7
3c1fa7
3d1fa8
000000
000000
000000
000000
02200b
03200b
04200c
05200c
06200d
07200d
08200e
09200e
0a200f
0b200f
0c2010
0d2010
0e2011
0f2011
102012
112012
122013
132013
142014
152014
162015
172015
182016
192016
1a2017
1b2017
1c2018
1d2018
1e2019
1f2019
20201a
21201a
22201b
23201b
24201c
25201c
26201d
27201d
28201e
29201e
2a201f
2b201f
2c2020
2d2020
2e2021
2f2021
302022
312022
322023
332023
342024
352024
362025
372025
382026
392026
3a2027
3b2027
3c2028
3d2028
3e2029
3f2029
40202a
41202a
42202b
43202b
44202c
45202c
46202d
47202d
48202e
49202e
4a202f
4b202f
4c2030
4d2030
4e2031
4f2031
502032
512032
522033
532033
542034
552034
562035
572035
582036
592036
5a2037
5b2037
5c2038
5d2038
5e2039
5f2039
60203a
61203a
62203b
63203b
64203c
65203c
66203d
67203d
68203e
69203e
6a203f
6b203f
6c2040
6d2040
6e2041
6f2041
702042
712042
722043
732043
742044
752044
762045
772045
782046
792046
7a2047
7b2047
7c2048
7d2048
7e2049
7f2049
80204a
81204a
82204b
83204b
84204c
85204c
86204d
87204d
88204e
89204e
8a204f
8b204f
8c2050
8d2050
8e2051
8f2051
902052
912052
922053
932053
942054
952054
962055
972055
982056
992056
9a2057
9b2057
9c2058
9d2058
9e2059
9f2059
a0205a
a1205a
a2205b
a3205b
a4205c
a5205c
a6205d
a7205d
a8205e
a9205e
aa205f
ab205f
ac2060
ad2060
ae2061
af2061
b02062
b12062
b22063
b32063
b42064
b52064
b62065
b72065
b82066
b92066
ba2067
bb2067
bc2068
bd2068
be2069
bf2069
c0206a
c1206a
c2206b
c3206b
c4206c
c5206c
c6206d
c7206d
c8206e
c9206e
ca206f
cb206f
cc2070
cd2070
ce2071
cf2071
d02072
d12072
d22073
d32073
d42074
d52074
d62075
d72075
d82076
d92076
da2077
db2077
dc2078
dd2078
de2079
df2079
e0207a
e1207a
e2207b
e3207b
e4207c
e5207c
e6207d
e7207d
e8207e
e9207e
ea207f
eb207f
ec2080
ed2080
ee2081
ef2081
f02082
f12082
f22083
f32083
f42084
f52084
f62085
f72085
f82086
f92086
fa2087
fb2087
fc2088
fd2088
ee2089
af2089
50208a
11208a
02208b
03208b
04208c
05208c
06208d
07208d
08208e
09208e
0a208f
0b208f
0c2090
0d2090
0e2091
0f2091
102092
112092
122093
132093
142094
152094
162095
172095
182096
192096
1a2097
1b2097
1c2098
1d2098
1e2099
1f2099
20209a
21209a
22209b
23209b
24209c
25209c
26209d
27209d
28209e
29209e
2a209f
2b209f
2c20a0
2d20a0
2e20a1
2f20a1
3020a2
3120a2
3220a3
3320a3
3420a4
3520a4
3620a5
3720a5
3820a6
3920a6
3a20a7
3b20a7
3c20a8
3d20a8
000000
000000
000000
000000
02210b
03210b
04210c
05210c
06210d
07210d
08210e
09210e
0a210f
0b210f
0c2110
0d2110
0e2111
0f2111
102112
112112
122113
132113
142114
152114
162115
172115
182116
192116
1a2117
1b2117
1c2118
1d2118
1e2119
1f2119
20211a
21211a
22211b
23211b
24211c
25211c
26211d
27211d
28211e
29211e
2a211f
2b211f
2c2120
2d2120
2e2121
2f2121
302122
312122
322123
332123
342124
352124
362125
372125
382126
392126
3a2127
3b2127
3c2128
3d2128
3e2129
3f2129
40212a
41212a
42212b
43212b
44212c
45212c
46212d
47212d
48212e
49212e
4a212f
4b212f
4c2130
4d2130
4e2131
4f2131
502132
512132
522133
532133
542134
552134
562135
572135
582136
592136
5a2137
5b2137
5c2138
5d2138
5e2139
5f2139
60213a
61213a
62213b
63213b
64213c
65213c
66213d
67213d
68213e
69213e
6a213f
6b213f
6c2140
6d2140
6e2141
6f2141
702142
712142
722143
732143
742144
752144
762145
772145
782146
792146
7a2147
7b2147
7c2148
7d2148
7e2149
7f2149
80214a
81214a
82214b
83214b
84214c
85214c
86214d
87214d
88214e
89214e
8a214f
8b214f
8c2150
8d2150
8e2151
8f2151
902152
912152
922153
932153
942154
952154
962155
972155
982156
992156
9a2157
9b2157
9c2158
9d2158
9e2159
9f2159
a0215a
a1215a
a2215b
a3215b
a4215c
a5215c
a6215d
a7215d
a8215e
a9215e
aa215f
ab215f
ac2160
ad2160
ae2161
af2161
b02162
b12162
b22163
b32163
b42164
b52164
b62165
b72165
b82166
b92166
ba2167
bb2167
bc2168
bd2168
be2169
bf2169
c0216a
c1216a
c2216b
c3216b
c4216c
c5216c
c6216d
c7216d
c8216e
c9216e
ca216f
cb216f
cc2170
cd2170
ce2171
cf2171
d02172
d12172
d22173
d32173
d42174
d52174
d62175
d72175
d82176
d92176
da2177
db2177
dc2178
dd2178
de2179
df2179
e0217a
e1217a
e2217b
e3217b
e4217c
e5217c
e6217d
e7217d
e8217e
e9217e
ea217f
eb217f
ec2180
ed2180
ee2181
ef2181
f02182
f12182
f22183
f32183
f42184
f52184
f62185
f72185
f82186
f92186
fa2187
fb2187
fc2188
fd2188
ee2189
af2189
50218a
11218a
02218b
03218b
04218c
05218c
06218d
07218d
08218e
09218e
0a218f
0b218f
0c2190
0d2190
0e2191
0f2191
102192
112192
122193
132193
142194
152194
162195
172195
182196
192196
1a2197
1b2197
1c2198
1d2198
1e2199
1f2199
20219a
21219a
22219b
23219b
24219c
25219c
26219d
27219d
28219e
29219e
2a219f
2b219f
2c21a0
2d21a0
2e21a1
2f21a1
3021a2
3121a2
3221a3
3321a3
3421a4
3521a4
3621a5
3721a5
3821a6
3921a6
3a21a7
3b21a7
3c21a8
3d21a8
000000
000000
000000
000000
02220b
03220c
04220c
05220d
06220d
07220e
08220e
09220f
0a220f
0b2210
0c2210
0d2211
0e2211
0f2212
102212
112213
122213
132214
142214
152215
162215
172216
182216
192217
1a2217
1b2218
1c2218
1d2219
1e2219
1f221a
20221a
21221b
22221b
23221c
24221c
25221d
26221d
27221e
28221e
29221f
2a221f
2b2220
2c2220
2d2221
2e2221
2f2222
302222
312223
322223
332224
342224
352225
362225
372226
382226
392227
3a2227
3b2228
3c2228
3d2229
3e2229
3f222a
40222a
41222b
42222b
43222c
44222c
45222d
46222d
47222e
48222e
49222f
4a222f
4b2230
4c2230
4d2231
4e2231
4f2232
502232
512233
522233
532234
542234
552235
562235
572236
582236
592237
5a2237
5b2238
5c2238
5d2239
5e2239
5f223a
60223a
61223b
62223b
63223c
64223c
65223d
66223d
67223e
68223e
69223f
6a223f
6b2240
6c2240
6d2241
6e2241
6f2242
702242
712243
722243
732244
742244
752245
762245
772246
782246
792247
7a2247
7b2248
7c2248
7d2249
7e2249
7f224a
80224a
81224b
82224b
83224c
84224c
85224d
86224d
87224e
88224e
89224f
8a224f
8b2250
8c2250
8d2251
8e2251
8f2252
902252
912253
922253
932254
942254
952255
962255
972256
982256
992257
9a2257
9b2258
9c2258
9d2259
9e2259
9f225a
a0225a
a1225b
a2225b
a3225c
a4225c
a5225d
a6225d
a7225e
a8225e
a9225f
aa225f
ab2260
ac2260
ad2261
ae2261
af2262
b02262
b12263
b22263
b32264
b42264
b52265
b62265
b72266
b82266
b92267
ba2267
bb2268
bc2268
bd2269
be2269
bf226a
c0226a
c1226b
c2226b
c3226c
c4226c
c5226d
c6226d
c7226e
c8226e
c9226f
ca226f
cb2270
cc2270
cd2271
ce2271
cf2272
d02272
d12273
d22273
d32274
d42274
d52275
d62275
d72276
d82276
d92277
da2277
db2278
dc2278
dd2279
de2279
df227a
e0227a
e1227b
e2227b
e3227c
e4227c
e5227d
e6227d
e7227e
e8227e
e9227f
ea227f
eb2280
ec2280
ed2281
ee2281
ef2282
f02282
f12283
f22283
f32284
f42284
f52285
f62285
f72286
f82286
f92287
fa2287
fb2288
fc2288
fd2289
ee2289
af228a
50228a
11228b
02228b
03228c
04228c
05228d
06228d
07228e
08228e
09228f
0a228f
0b2290
0c2290
0d2291
0e2291
0f2292
102292
112293
122293
132294
142294
152295
162295
172296
182296
192297
1a2297
1b2298
1c2298
1d2299
1e2299
1f229a
20229a
21229b
22229b
23229c
24229c
25229d
26229d
27229e
28229e
29229f
2a229f
2b22a0
2c22a0
2d22a1
2e22a1
2f22a2
3022a2
3122a3
3222a3
3322a4
3422a4
3522a5
3622a5
3722a6
3822a6
3922a7
3a22a7
3b22a8
3c22a8
3d22a9
000000
000000
000000
000000
02230c
03230c
04230d
05230d
06230e
07230e
08230f
09230f
0a2310
0b2310
0c2311
0d2311
0e2312
0f2312
102313
112313
122314
132314
142315
152315
162316
172316
182317
192317
1a2318
1b2318
1c2319
1d2319
1e231a
1f231a
20231b
21231b
22231c
23231c
24231d
25231d
26231e
27231e
28231f
29231f
2a2320
2b2320
2c2321
2d2321
2e2322
2f2322
302323
312323
322324
332324
342325
352325
362326
372326
382327
392327
3a2328
3b2328
3c2329
3d2329
3e232a
3f232a
40232b
41232b
42232c
43232c
44232d
45232d
46232e
47232e
48232f
49232f
4a2330
4b2330
4c2331
4d2331
4e2332
4f2332
502333
512333
522334
532334
542335
552335
562336
572336
582337
592337
5a2338
5b2338
5c2339
5d2339
5e233a
5f233a
60233b
61233b
62233c
63233c
64233d
65233d
66233e
67233e
68233f
69233f
6a2340
6b2340
6c2341
6d2341
6e2342
6f2342
702343
712343
722344
732344
742345
752345
762346
772346
782347
792347
7a2348
7b2348
7c2349
7d2349
7e234a
7f234a
80234b
81234b
82234c
83234c
84234d
85234d
86234e
87234e
88234f
89234f
8a2350
8b2350
8c2351
8d2351
8e2352
8f2352
902353
912353
922354
932354
942355
952355
962356
972356
982357
992357
9a2358
9b2358
9c2359
9d2359
9e235a
9f235a
a0235b
a1235b
a2235c
a3235c
a4235d
a5235d
a6235e
a7235e
a8235f
a9235f
aa2360
ab2360
ac2361
ad2361
ae2362
af2362
b02363
b12363
b22364
b32364
b42365
b52365
b62366
b72366
b82367
b92367
ba2368
bb2368
bc2369
bd2369
be236a
bf236a
c0236b
c1236b
c2236c
c3236c
c4236d
c5236d
c6236e
c7236e
c8236f
c9236f
ca2370
cb2370
cc2371
cd2371
ce2372
cf2372
d02373
d12373
d22374
d32374
d42375
d52375
d62376
d72376
d82377
d92377
da2378
db2378
dc2379
dd2379
de237a
df237a
e0237b
e1237b
e2237c
e3237c
e4237d
e5237d
e6237e
e7237e
e8237f
e9237f
ea2380
eb2380
ec2381
ed2381
ee2382
ef2382
f02383
f12383
f22384
f32384
f42385
f52385
f62386
f72386
f82387
f92387
fa2388
fb2388
fc2389
fd2389
ee238a
af238a
50238b
11238b
02238c
03238c
04238d
05238d
06238e
07238e
08238f
09238f
0a2390
0b2390
0c2391
0d2391
0e2392
0f2392
102393
112393
122394
132394
142395
152395
162396
172396
182397
192397
1a2398
1b2398
1c2399
1d2399
1e239a
1f239a
20239b
21239b
22239c
23239c
24239d
25239d
26239e
27239e
28239f
29239f
2a23a0
2b23a0
2c23a1
2d23a1
2e23a2
2f23a2
3023a3
3123a3
3223a4
3323a4
3423a5
3523a5
3623a6
3723a6
3823a7
3923a7
3a23a8
3b23a8
3c23a9
3d23a9
000000
000000
000000
000000
02240c
03240c
04240d
05240d
06240e
07240e
08240f
09240f
0a2410
0b2410
0c2411
0d2411
0e2412
0f2412
102413
112413
122414
132414
142415
152415
162416
172416
182417
192417
1a2418
1b2418
1c2419
1d2419
1e241a
1f241a
20241b
21241b
22241c
23241c
24241d
25241d
26241e
27241e
28241f
29241f
2a2420
2b2420
2c2421
2d2421
2e2422
2f2422
302423
312423
322424
332424
342425
352425
362426
372426
382427
392427
3a2428
3b2428
3c2429
3d2429
3e242a
3f242a
40242b
41242b
42242c
43242c
44242d
45242d
46242e
47242e
48242f
49242f
4a2430
4b2430
4c2431
4d2431
4e2432
4f2432
502433
512433
522434
532434
542435
552435
562436
572436
582437
592437
5a2438
5b2438
5c2439
5d2439
5e243a
5f243a
60243b
61243b
62243c
63243c
64243d
65243d
66243e
67243e
68243f
69243f
6a2440
6b2440
6c2441
6d2441
6e2442
6f2442
702443
712443
722444
732444
742445
752445
762446
772446
782447
792447
7a2448
7b2448
7c2449
7d2449
7e244a
7f244a
80244b
81244b
82244c
83244c
84244d
85244d
86244e
87244e
88244f
89244f
8a2450
8b2450
8c2451
8d2451
8e2452
8f2452
902453
912453
922454
932454
942455
952455
962456
972456
982457
992457
9a2458
9b2458
9c2459
9d2459
9e245a
9f245a
a0245b
a1245b
a2245c
a3245c
a4245d
a5245d
a6245e
a7245e
a8245f
a9245f
aa2460
ab2460
ac2461
ad2461
ae2462
af2462
b02463
b12463
b22464
b32464
b42465
b52465
b62466
b72466
b82467
b92467
ba2468
bb2468
bc2469
bd2469
be246a
bf246a
c0246b
c1246b
c2246c
c3246c
c4246d
c5246d
c6246e
c7246e
c8246f
c9246f
ca2470
cb2470
cc2471
cd2471
ce2472
cf2472
d02473
d12473
d22474
d32474
d42475
d52475
d62476
d72476
d82477
d92477
da2478
db2478
dc2479
dd2479
de247a
df247a
e0247b
e1247b
e2247c
e3247c
e4247d
e5247d
e6247e
e7247e
e8247f
e9247f
ea2480
eb2480
ec2481
ed2481
ee2482
ef2482
f02483
f12483
f22484
f32484
f42485
f52485
f62486
f72486
f82487
f92487
fa2488
fb2488
fc2489
fd2489
ee248a
af248a
50248b
11248b
02248c
03248c
04248d
05248d
06248e
07248e
08248f
09248f
0a2490
0b2490
0c2491
0d2491
0e2492
0f2492
102493
112493
122494
132494
142495
152495
162496
172496
182497
192497
1a2498
1b2498
1c2499
1d2499
1e249a
1f249a
20249b
21249b
22249c
23249c
24249d
25249d
26249e
27249e
28249f
29249f
2a24a0
2b24a0
2c24a1
2d24a1
2e24a2
2f24a2
3024a3
3124a3
3224a4
3324a4
3424a5
3524a5
3624a6
3724a6
3824a7
3924a7
3a24a8
3b24a8
3c24a9
3d24a9
000000
000000
000000
000000
02250c
03250d
04250d
05250e
06250e
07250f
08250f
092510
0a2510
0b2511
0c2511
0d2512
0e2512
0f2513
102513
112514
122514
132515
142515
152516
162516
172517
182517
192518
1a2518
1b2519
1c2519
1d251a
1e251a
1f251b
20251b
21251c
22251c
23251d
24251d
25251e
26251e
27251f
28251f
292520
2a2520
2b2521
2c2521
2d2522
2e2522
2f2523
302523
312524
322524
332525
342525
352526
362526
372527
382527
392528
3a2528
3b2529
3c2529
3d252a
3e252a
3f252b
40252b
41252c
42252c
43252d
44252d
45252e
46252e
47252f
48252f
492530
4a2530
4b2531
4c2531
4d2532
4e2532
4f2533
502533
512534
522534
532535
542535
552536
562536
572537
582537
592538
5a2538
5b2539
5c2539
5d253a
5e253a
5f253b
60253b
61253c
62253c
63253d
64253d
65253e
66253e
67253f
68253f
692540
6a2540
6b2541
6c2541
6d2542
6e2542
6f2543
702543
712544
722544
732545
742545
752546
762546
772547
782547
792548
7a2548
7b2549
7c2549
7d254a
7e254a
7f254b
80254b
81254c
82254c
83254d
84254d
85254e
86254e
87254f
88254f
892550
8a2550
8b2551
8c2551
8d2552
8e2552
8f2553
902553
912554
922554
932555
942555
952556
962556
972557
982557
992558
9a2558
9b2559
9c2559
9d255a
9e255a
9f255b
a0255b
a1255c
a2255c
a3255d
a4255d
a5255e
a6255e
a7255f
a8255f
a92560
aa2560
ab2561
ac2561
ad2562
ae2562
af2563
b02563
b12564
b22564
b32565
b42565
b52566
b62566
b72567
b82567
b92568
ba2568
bb2569
bc2569
bd256a
be256a
bf256b
c0256b
c1256c
c2256c
c3256d
c4256d
c5256e
c6256e
c7256f
c8256f
c92570
ca2570
cb2571
cc2571
cd2572
ce2572
cf2573
d02573
d12574
d22574
d32575
d42575
d52576
d62576
d72577
d82577
d92578
da2578
db2579
dc2579
dd257a
de257a
df257b
e0257b
e1257c
e2257c
e3257d
e4257d
e5257e
e6257e
e7257f
e8257f
e92580
ea2580
eb2581
ec2581
ed2582
ee2582
ef2583
f02583
f12584
f22584
f32585
f42585
f52586
f62586
f72587
f82587
f92588
fa2588
fb2589
fc2589
fd258a
ee258a
af258b
50258b
11258c
02258c
03258d
04258d
05258e
06258e
07258f
08258f
092590
0a2590
0b2591
0c2591
0d2592
0e2592
0f2593
102593
112594
122594
132595
142595
152596
162596
172597
182597
192598
1a2598
1b2599
1c2599
1d259a
1e259a
1f259b
20259b
21259c
22259c
23259d
24259d
25259e
26259e
27259f
28259f
2925a0
2a25a0
2b25a1
2c25a1
2d25a2
2e25a2
2f25a3
3025a3
3125a4
3225a4
3325a5
3425a5
3525a6
3625a6
3725a7
3825a7
3925a8
3a25a8
3b25a9
3c25a9
3d25aa
000000
000000
000000
000000
02260d
03260d
04260e
05260e
06260f
07260f
082610
092610
0a2611
0b2611
0c2612
0d2612
0e2613
0f2613
102614
112614
122615
132615
142616
152616
162617
172617
182618
192618
1a2619
1b2619
1c261a
1d261a
1e261b
1f261b
20261c
21261c
22261d
23261d
24261e
25261e
26261f
27261f
282620
292620
2a2621
2b2621
2c2622
2d2622
2e2623
2f2623
302624
312624
322625
332625
342626
352626
362627
372627
382628
392628
3a2629
3b2629
3c262a
3d262a
3e262b
3f262b
40262c
41262c
42262d
43262d
44262e
45262e
46262f
47262f
482630
492630
4a2631
4b2631
4c2632
4d2632
4e2633
4f2633
502634
512634
522635
532635
542636
552636
562637
572637
582638
592638
5a2639
5b2639
5c263a
5d263a
5e263b
5f263b
60263c
61263c
62263d
63263d
64263e
65263e
66263f
67263f
682640
692640
6a2641
6b2641
6c2642
6d2642
6e2643
6f2643
702644
712644
722645
732645
742646
752646
762647
772647
782648
792648
7a2649
7b2649
7c264a
7d264a
7e264b
7f264b
80264c
81264c
82264d
83264d
84264e
85264e
86264f
87264f
882650
892650
8a2651
8b2651
8c2652
8d2652
8e2653
8f2653
902654
912654
922655
932655
942656
952656
962657
972657
982658
992658
9a2659
9b2659
9c265a
9d265a
9e265b
9f265b
a0265c
a1265c
a2265d
a3265d
a4265e
a5265e
a6265f
a7265f
a82660
a92660
aa2661
ab2661
ac2662
ad2662
ae2663
af2663
b02664
b12664
b22665
b32665
b42666
b52666
b62667
b72667
b82668
b92668
ba2669
bb2669
bc266a
bd266a
be266b
bf266b
c0266c
c1266c
c2266d
c3266d
c4266e
c5266e
c6266f
c7266f
c82670
c92670
ca2671
cb2671
cc2672
cd2672
ce2673
cf2673
d02674
d12674
d22675
d32675
d42676
d52676
d62677
d72677
d82678
d92678
da2679
db2679
dc267a
dd267a
de267b
df267b
e0267c
e1267c
e2267d
e3267d
e4267e
e5267e
e6267f
e7267f
e82680
e92680
ea2681
eb2681
ec2682
ed2682
ee2683
ef2683
f02684
f12684
f22685
f32685
f42686
f52686
f62687
f72687
f82688
f92688
fa2689
fb2689
fc268a
fd268a
ee268b
af268b
50268c
11268c
02268d
03268d
04268e
05268e
06268f
07268f
082690
092690
0a2691
0b2691
0c2692
0d2692
0e2693
0f2693
102694
112694
122695
132695
142696
152696
162697
172697
182698
192698
1a2699
1b2699
1c269a
1d269a
1e269b
1f269b
20269c
21269c
22269d
23269d
24269e
25269e
26269f
27269f
2826a0
2926a0
2a26a1
2b26a1
2c26a2
2d26a2
2e26a3
2f26a3
3026a4
3126a4
3226a5
3326a5
3426a6
3526a6
3626a7
3726a7
3826a8
3926a8
3a26a9
3b26a9
3c26aa
3d26aa
000000
000000
000000
000000
02270d
03270d
04270e
05270e
06270f
07270f
082710
092710
0a2711
0b2711
0c2712
0d2712
0e2713
0f2713
102714
112714
122715
132715
142716
152716
162717
172717
182718
192718
1a2719
1b2719
1c271a
1d271a
1e271b
1f271b
20271c
21271c
22271d
23271d
24271e
25271e
26271f
27271f
282720
292720
2a2721
2b2721
2c2722
2d2722
2e2723
2f2723
302724
312724
322725
332725
342726
352726
362727
372727
382728
392728
3a2729
3b2729
3c272a
3d272a
3e272b
3f272b
40272c
41272c
42272d
43272d
44272e
45272e
46272f
47272f
482730
492730
4a2731
4b2731
4c2732
4d2732
4e2733
4f2733
502734
512734
522735
532735
542736
552736
562737
572737
582738
592738
5a2739
5b2739
5c273a
5d273a
5e273b
5f273b
60273c
61273c
62273d
63273d
64273e
65273e
66273f
67273f
682740
692740
6a2741
6b2741
6c2742
6d2742
6e2743
6f2743
702744
712744
722745
732745
742746
752746
762747
772747
782748
792748
7a2749
7b2749
7c274a
7d274a
7e274b
7f274b
80274c
81274c
82274d
83274d
84274e
85274e
86274f
87274f
882750
892750
8a2751
8b2751
8c2752
8d2752
8e2753
8f2753
902754
912754
922755
932755
942756
952756
962757
972757
982758
992758
9a2759
9b2759
9c275a
9d275a
9e275b
9f275b
a0275c
a1275c
a2275d
a3275d
a4275e
a5275e
a6275f
a7275f
a82760
a92760
aa2761
ab2761
ac2762
ad2762
ae2763
af2763
b02764
b12764
b22765
b32765
b42766
b52766
b62767
b72767
b82768
b92768
ba2769
bb2769
bc276a
bd276a
be276b
bf276b
c0276c
c1276c
c2276d
c3276d
c4276e
c5276e
c6276f
c7276f
c82770
c92770
ca2771
cb2771
cc2772
cd2772
ce2773
cf2773
d02774
d12774
d22775
d32775
d42776
d52776
d62777
d72777
d82778
d92778
da2779
db2779
dc277a
dd277a
de277b
df277b
e0277c
e1277c
e2277d
e3277d
e4277e
e5277e
e6277f
e7277f
e82780
e92780
ea2781
eb2781
ec2782
ed2782
ee2783
ef2783
f02784
f12784
f22785
f32785
f42786
f52786
f62787
f72787
f82788
f92788
fa2789
fb2789
fc278a
fd278a
ee278b
af278b
50278c
11278c
02278d
03278d
04278e
05278e
06278f
07278f
082790
092790
0a2791
0b2791
0c2792
0d2792
0e2793
0f2793
102794
112794
122795
132795
142796
152796
162797
172797
182798
192798
1a2799
1b2799
1c279a
1d279a
1e279b
1f279b
20279c
21279c
22279d
23279d
24279e
25279e
26279f
27279f
2827a0
2927a0
2a27a1
2b27a1
2c27a2
2d27a2
2e27a3
2f27a3
3027a4
3127a4
3227a5
3327a5
3427a6
3527a6
3627a7
3727a7
3827a8
3927a8
3a27a9
3b27a9
3c27aa
3d27aa
000000
000000
000000
000000
02280d
03280e
04280e
05280f
06280f
072810
082810
092811
0a2811
0b2812
0c2812
0d2813
0e2813
0f2814
102814
112815
122815
132816
142816
152817
162817
172818
182818
192819
1a2819
1b281a
1c281a
1d281b
1e281b
1f281c
20281c
21281d
22281d
23281e
24281e
25281f
26281f
272820
282820
292821
2a2821
2b2822
2c2822
2d2823
2e2823
2f2824
302824
312825
322825
332826
342826
352827
362827
372828
382828
392829
3a2829
3b282a
3c282a
3d282b
3e282b
3f282c
40282c
41282d
42282d
43282e
44282e
45282f
46282f
472830
482830
492831
4a2831
4b2832
4c2832
4d2833
4e2833
4f2834
502834
512835
522835
532836
542836
552837
562837
572838
582838
592839
5a2839
5b283a
5c283a
5d283b
5e283b
5f283c
60283c
61283d
62283d
63283e
64283e
65283f
66283f
672840
682840
692841
6a2841
6b2842
6c2842
6d2843
6e2843
6f2844
702844
712845
722845
732846
742846
752847
762847
772848
782848
792849
7a2849
7b284a
7c284a
7d284b
7e284b
7f284c
80284c
81284d
82284d
83284e
84284e
85284f
86284f
872850
882850
892851
8a2851
8b2852
8c2852
8d2853
8e2853
8f2854
902854
912855
922855
932856
942856
952857
962857
972858
982858
992859
9a2859
9b285a
9c285a
9d285b
9e285b
9f285c
a0285c
a1285d
a2285d
a3285e
a4285e
a5285f
a6285f
a72860
a82860
a92861
aa2861
ab2862
ac2862
ad2863
ae2863
af2864
b02864
b12865
b22865
b32866
b42866
b52867
b62867
b72868
b82868
b92869
ba2869
bb286a
bc286a
bd286b
be286b
bf286c
c0286c
c1286d
c2286d
c3286e
c4286e
c5286f
c6286f
c72870
c82870
c92871
ca2871
cb2872
cc2872
cd2873
ce2873
cf2874
d02874
d12875
d22875
d32876
d42876
d52877
d62877
d72878
d82878
d92879
da2879
db287a
dc287a
dd287b
de287b
df287c
e0287c
e1287d
e2287d
e3287e
e4287e
e5287f
e6287f
e72880
e82880
e92881
ea2881
eb2882
ec2882
ed2883
ee2883
ef2884
f02884
f12885
f22885
f32886
f42886
f52887
f62887
f72888
f82888
f92889
fa2889
fb288a
fc288a
fd288b
ee288b
af288c
50288c
11288d
02288d
03288e
04288e
05288f
06288f
072890
082890
092891
0a2891
0b2892
0c2892
0d2893
0e2893
0f2894
102894
112895
122895
132896
142896
152897
162897
172898
182898
192899
1a2899
1b289a
1c289a
1d289b
1e289b
1f289c
20289c
21289d
22289d
23289e
24289e
25289f
26289f
2728a0
2828a0
2928a1
2a28a1
2b28a2
2c28a2
2d28a3
2e28a3
2f28a4
3028a4
3128a5
3228a5
3328a6
3428a6
3528a7
3628a7
3728a8
3828a8
3928a9
3a28a9
3b28aa
3c28aa
3d28ab
000000
000000
000000
000000
02290e
03290e
04290f
05290f
062910
072910
082911
092911
0a2912
0b2912
0c2913
0d2913
0e2914
0f2914
102915
112915
122916
132916
142917
152917
162918
172918
182919
192919
1a291a
1b291a
1c291b
1d291b
1e291c
1f291c
20291d
21291d
22291e
23291e
24291f
25291f
262920
272920
282921
292921
2a2922
2b2922
2c2923
2d2923
2e2924
2f2924
302925
312925
322926
332926
342927
352927
362928
372928
382929
392929
3a292a
3b292a
3c292b
3d292b
3e292c
3f292c
40292d
41292d
42292e
43292e
44292f
45292f
462930
472930
482931
492931
4a2932
4b2932
4c2933
4d2933
4e2934
4f2934
502935
512935
522936
532936
542937
552937
562938
572938
582939
592939
5a293a
5b293a
5c293b
5d293b
5e293c
5f293c
60293d
61293d
62293e
63293e
64293f
65293f
662940
672940
682941
692941
6a2942
6b2942
6c2943
6d2943
6e2944
6f2944
702945
712945
722946
732946
742947
752947
762948
772948
782949
792949
7a294a
7b294a
7c294b
7d294b
7e294c
7f294c
80294d
81294d
82294e
83294e
84294f
85294f
862950
872950
882951
892951
8a2952
8b2952
8c2953
8d2953
8e2954
8f2954
902955
912955
922956
932956
942957
952957
962958
972958
982959
992959
9a295a
9b295a
9c295b
9d295b
9e295c
9f295c
a0295d
a1295d
a2295e
a3295e
a4295f
a5295f
a62960
a72960
a82961
a92961
aa2962
ab2962
ac2963
ad2963
ae2964
af2964
b02965
b12965
b22966
b32966
b42967
b52967
b62968
b72968
b82969
b92969
ba296a
bb296a
bc296b
bd296b
be296c
bf296c
c0296d
c1296d
c2296e
c3296e
c4296f
c5296f
c62970
c72970
c82971
c92971
ca2972
cb2972
cc2973
cd2973
ce2974
cf2974
d02975
d12975
d22976
d32976
d42977
d52977
d62978
d72978
d82979
d92979
da297a
db297a
dc297b
dd297b
de297c
df297c
e0297d
e1297d
e2297e
e3297e
e4297f
e5297f
e62980
e72980
e82981
e92981
ea2982
eb2982
ec2983
ed2983
ee2984
ef2984
f02985
f12985
f22986
f32986
f42987
f52987
f62988
f72988
f82989
f92989
fa298a
fb298a
fc298b
fd298b
ee298c
af298c
50298d
11298d
02298e
03298e
04298f
05298f
062990
072990
082991
092991
0a2992
0b2992
0c2993
0d2993
0e2994
0f2994
102995
112995
122996
132996
142997
152997
162998
172998
182999
192999
1a299a
1b299a
1c299b
1d299b
1e299c
1f299c
20299d
21299d
22299e
23299e
24299f
25299f
2629a0
2729a0
2829a1
2929a1
2a29a2
2b29a2
2c29a3
2d29a3
2e29a4
2f29a4
3029a5
3129a5
3229a6
3329a6
3429a7
3529a7
3629a8
3729a8
3829a9
3929a9
3a29aa
3b29aa
3c29ab
3d29ab
000000
000000
000000
000000
022a0e
032a0e
042a0f
052a0f
062a10
072a10
082a11
092a11
0a2a12
0b2a12
0c2a13
0d2a13
0e2a14
0f2a14
102a15
112a15
122a16
132a16
142a17
152a17
162a18
172a18
182a19
192a19
1a2a1a
1b2a1a
1c2a1b
1d2a1b
1e2a1c
1f2a1c
202a1d
212a1d
222a1e
232a1e
242a1f
252a1f
262a20
272a20
282a21
292a21
2a2a22
2b2a22
2c2a23
2d2a23
2e2a24
2f2a24
302a25
312a25
322a26
332a26
342a27
352a27
362a28
372a28
382a29
392a29
3a2a2a
3b2a2a
3c2a2b
3d2a2b
3e2a2c
3f2a2c
402a2d
412a2d
422a2e
432a2e
442a2f
452a2f
462a30
472a30
482a31
492a31
4a2a32
4b2a32
4c2a33
4d2a33
4e2a34
4f2a34
502a35
512a35
522a36
532a36
542a37
552a37
562a38
572a38
582a39
592a39
5a2a3a
5b2a3a
5c2a3b
5d2a3b
5e2a3c
5f2a3c
602a3d
612a3d
622a3e
632a3e
642a3f
652a3f
662a40
672a40
682a41
692a41
6a2a42
6b2a42
6c2a43
6d2a43
6e2a44
6f2a44
702a45
712a45
722a46
732a46
742a47
752a47
762a48
772a48
782a49
792a49
7a2a4a
7b2a4a
7c2a4b
7d2a4b
7e2a4c
7f2a4c
802a4d
812a4d
822a4e
832a4e
842a4f
852a4f
862a50
872a50
882a51
892a51
8a2a52
8b2a52
8c2a53
8d2a53
8e2a54
8f2a54
902a55
912a55
922a56
932a56
942a57
952a57
962a58
972a58
982a59
992a59
9a2a5a
9b2a5a
9c2a5b
9d2a5b
9e2a5c
9f2a5c
a02a5d
a12a5d
a22a5e
a32a5e
a42a5f
a52a5f
a62a60
a72a60
a82a61
a92a61
aa2a62
ab2a62
ac2a63
ad2a63
ae2a64
af2a64
b02a65
b12a65
b22a66
b32a66
b42a67
b52a67
b62a68
b72a68
b82a69
b92a69
ba2a6a
bb2a6a
bc2a6b
bd2a6b
be2a6c
bf2a6c
c02a6d
c12a6d
c22a6e
c32a6e
c42a6f
c52a6f
c62a70
c72a70
c82a71
c92a71
ca2a72
cb2a72
cc2a73
cd2a73
ce2a74
cf2a74
d02a75
d12a75
d22a76
d32a76
d42a77
d52a77
d62a78
d72a78
d82a79
d92a79
da2a7a
db2a7a
dc2a7b
dd2a7b
de2a7c
df2a7c
e02a7d
e12a7d
e22a7e
e32a7e
e42a7f
e52a7f
e62a80
e72a80
e82a81
e92a81
ea2a82
eb2a82
ec2a83
ed2a83
ee2a84
ef2a84
f02a85
f12a85
f22a86
f32a86
f42a87
f52a87
f62a88
f72a88
f82a89
f92a89
fa2a8a
fb2a8a
fc2a8b
fd2a8b
ee2a8c
af2a8c
502a8d
112a8d
022a8e
032a8e
042a8f
052a8f
062a90
072a90
082a91
092a91
0a2a92
0b2a92
0c2a93
0d2a93
0e2a94
0f2a94
102a95
112a95
122a96
132a96
142a97
152a97
162a98
172a98
182a99
192a99
1a2a9a
1b2a9a
1c2a9b
1d2a9b
1e2a9c
1f2a9c
202a9d
212a9d
222a9e
232a9e
242a9f
252a9f
262aa0
272aa0
282aa1
292aa1
2a2aa2
2b2aa2
2c2aa3
2d2aa3
2e2aa4
2f2aa4
302aa5
312aa5
322aa6
332aa6
342aa7
352aa7
362aa8
372aa8
382aa9
392aa9
3a2aaa
3b2aaa
3c2aab
3d2aab
000000
000000
000000
000000
022b0e
032b0f
042b0f
052b10
062b10
072b11
082b11
092b12
0a2b12
0b2b13
0c2b13
0d2b14
0e2b14
0f2b15
102b15
112b16
122b16
132b17
142b17
152b18
162b18
172b19
182b19
192b1a
1a2b1a
1b2b1b
1c2b1b
1d2b1c
1e2b1c
1f2b1d
202b1d
212b1e
222b1e
232b1f
242b1f
252b20
262b20
272b21
282b21
292b22
2a2b22
2b2b23
2c2b23
2d2b24
2e2b24
2f2b25
302b25
312b26
322b26
332b27
342b27
352b28
362b28
372b29
382b29
392b2a
3a2b2a
3b2b2b
3c2b2b
3d2b2c
3e2b2c
3f2b2d
402b2d
412b2e
422b2e
432b2f
442b2f
452b30
462b30
472b31
482b31
492b32
4a2b32
4b2b33
4c2b33
4d2b34
4e2b34
4f2b35
502b35
512b36
522b36
532b37
542b37
552b38
562b38
572b39
582b39
592b3a
5a2b3a
5b2b3b
5c2b3b
5d2b3c
5e2b3c
5f2b3d
602b3d
612b3e
622b3e
632b3f
642b3f
652b40
662b40
672b41
682b41
692b42
6a2b42
6b2b43
6c2b43
6d2b44
6e2b44
6f2b45
702b45
712b46
722b46
732b47
742b47
752b48
762b48
772b49
782b49
792b4a
7a2b4a
7b2b4b
7c2b4b
7d2b4c
7e2b4c
7f2b4d
802b4d
812b4e
822b4e
832b4f
842b4f
852b50
862b50
872b51
882b51
892b52
8a2b52
8b2b53
8c2b53
8d2b54
8e2b54
8f2b55
902b55
912b56
922b56
932b57
942b57
952b58
962b58
972b59
982b59
992b5a
9a2b5a
9b2b5b
9c2b5b
9d2b5c
9e2b5c
9f2b5d
a02b5d
a12b5e
a22b5e
a32b5f
a42b5f
a52b60
a62b60
a72b61
a82b61
a92b62
aa2b62
ab2b63
ac2b63
ad2b64
ae2b64
af2b65
b02b65
b12b66
b22b66
b32b67
b42b67
b52b68
b62b68
b72b69
b82b69
b92b6a
ba2b6a
bb2b6b
bc2b6b
bd2b6c
be2b6c
bf2b6d
c02b6d
c12b6e
c22b6e
c32b6f
c42b6f
c52b70
c62b70
c72b71
c82b71
c92b72
ca2b72
cb2b73
cc2b73
cd2b74
ce2b74
cf2b75
d02b75
d12b76
d22b76
d32b77
d42b77
d52b78
d62b78
d72b79
d82b79
d92b7a
da2b7a
db2b7b
dc2b7b
dd2b7c
de2b7c
df2b7d
e02b7d
e12b7e
e22b7e
e32b7f
e42b7f
e52b80
e62b80
e72b81
e82b81
e92b82
ea2b82
eb2b83
ec2b83
ed2b84
ee2b84
ef2b85
f02b85
f12b86
f22b86
f32b87
f42b87
f52b88
f62b88
f72b89
f82b89
f92b8a
fa2b8a
fb2b8b
fc2b8b
fd2b8c
ee2b8c
af2b8d
502b8d
112b8e
022b8e
032b8f
042b8f
052b90
062b90
072b91
082b91
092b92
0a2b92
0b2b93
0c2b93
0d2b94
0e2b94
0f2b95
102b95
112b96
122b96
132b97
142b97
152b98
162b98
172b99
182b99
192b9a
1a2b9a
1b2b9b
1c2b9b
1d2b9c
1e2b9c
1f2b9d
202b9d
212b9e
222b9e
232b9f
242b9f
252ba0
262ba0
272ba1
282ba1
292ba2
2a2ba2
2b2ba3
2c2ba3
2d2ba4
2e2ba4
2f2ba5
302ba5
312ba6
322ba6
332ba7
342ba7
352ba8
362ba8
372ba9
382ba9
392baa
3a2baa
3b2bab
3c2bab
3d2bac
000000
000000
000000
000000
022c0f
032c0f
042c10
052c10
062c11
072c11
082c12
092c12
0a2c13
0b2c13
0c2c14
0d2c14
0e2c15
0f2c15
102c16
112c16
122c17
132c17
142c18
152c18
162c19
172c19
182c1a
192c1a
1a2c1b
1b2c1b
1c2c1c
1d2c1c
1e2c1d
1f2c1d
202c1e
212c1e
222c1f
232c1f
242c20
252c20
262c21
272c21
282c22
292c22
2a2c23
2b2c23
2c2c24
2d2c24
2e2c25
2f2c25
302c26
312c26
322c27
332c27
342c28
352c28
362c29
372c29
382c2a
392c2a
3a2c2b
3b2c2b
3c2c2c
3d2c2c
3e2c2d
3f2c2d
402c2e
412c2e
422c2f
432c2f
442c30
452c30
462c31
472c31
482c32
492c32
4a2c33
4b2c33
4c2c34
4d2c34
4e2c35
4f2c35
502c36
512c36
522c37
532c37
542c38
552c38
562c39
572c39
582c3a
592c3a
5a2c3b
5b2c3b
5c2c3c
5d2c3c
5e2c3d
5f2c3d
602c3e
612c3e
622c3f
632c3f
642c40
652c40
662c41
672c41
682c42
692c42
6a2c43
6b2c43
6c2c44
6d2c44
6e2c45
6f2c45
702c46
712c46
722c47
732c47
742c48
752c48
762c49
772c49
782c4a
792c4a
7a2c4b
7b2c4b
7c2c4c
7d2c4c
7e2c4d
7f2c4d
802c4e
812c4e
822c4f
832c4f
842c50
852c50
862c51
872c51
882c52
892c52
8a2c53
8b2c53
8c2c54
8d2c54
8e2c55
8f2c55
902c56
912c56
922c57
932c57
942c58
952c58
962c59
972c59
982c5a
992c5a
9a2c5b
9b2c5b
9c2c5c
9d2c5c
9e2c5d
9f2c5d
a02c5e
a12c5e
a22c5f
a32c5f
a42c60
a52c60
a62c61
a72c61
a82c62
a92c62
aa2c63
ab2c63
ac2c64
ad2c64
ae2c65
af2c65
b02c66
b12c66
b22c67
b32c67
b42c68
b52c68
b62c69
b72c69
b82c6a
b92c6a
ba2c6b
bb2c6b
bc2c6c
bd2c6c
be2c6d
bf2c6d
c02c6e
c12c6e
c22c6f
c32c6f
c42c70
c52c70
c62c71
c72c71
c82c72
c92c72
ca2c73
cb2c73
cc2c74
cd2c74
ce2c75
cf2c75
d02c76
d12c76
d22c77
d32c77
d42c78
d52c78
d62c79
d72c79
d82c7a
d92c7a
da2c7b
db2c7b
dc2c7c
dd2c7c
de2c7d
df2c7d
e02c7e
e12c7e
e22c7f
e32c7f
e42c80
e52c80
e62c81
e72c81
e82c82
e92c82
ea2c83
eb2c83
ec2c84
ed2c84
ee2c85
ef2c85
f02c86
f12c86
f22c87
f32c87
f42c88
f52c88
f62c89
f72c89
f82c8a
f92c8a
fa2c8b
fb2c8b
fc2c8c
fd2c8c
ee2c8d
af2c8d
502c8e
112c8e
022c8f
032c8f
042c90
052c90
062c91
072c91
082c92
092c92
0a2c93
0b2c93
0c2c94
0d2c94
0e2c95
0f2c95
102c96
112c96
122c97
132c97
142c98
152c98
162c99
172c99
182c9a
192c9a
1a2c9b
1b2c9b
1c2c9c
1d2c9c
1e2c9d
1f2c9d
202c9e
212c9e
222c9f
232c9f
242ca0
252ca0
262ca1
272ca1
282ca2
292ca2
2a2ca3
2b2ca3
2c2ca4
2d2ca4
2e2ca5
2f2ca5
302ca6
312ca6
322ca7
332ca7
342ca8
352ca8
362ca9
372ca9
382caa
392caa
3a2cab
3b2cab
3c2cac
3d2cac
000000
000000
000000
000000
022d0f
032d0f
042d10
052d10
062d11
072d11
082d12
092d12
0a2d13
0b2d13
0c2d14
0d2d14
0e2d15
0f2d15
102d16
112d16
122d17
132d17
142d18
152d18
162d19
172d19
182d1a
192d1a
1a2d1b
1b2d1b
1c2d1c
1d2d1c
1e2d1d
1f2d1d
202d1e
212d1e
222d1f
232d1f
242d20
252d20
262d21
272d21
282d22
292d22
2a2d23
2b2d23
2c2d24
2d2d24
2e2d25
2f2d25
302d26
312d26
322d27
332d27
342d28
352d28
362d29
372d29
382d2a
392d2a
3a2d2b
3b2d2b
3c2d2c
3d2d2c
3e2d2d
3f2d2d
402d2e
412d2e
422d2f
432d2f
442d30
452d30
462d31
472d31
482d32
492d32
4a2d33
4b2d33
4c2d34
4d2d34
4e2d35
4f2d35
502d36
512d36
522d37
532d37
542d38
552d38
562d39
572d39
582d3a
592d3a
5a2d3b
5b2d3b
5c2d3c
5d2d3c
5e2d3d
5f2d3d
602d3e
612d3e
622d3f
632d3f
642d40
652d40
662d41
672d41
682d42
692d42
6a2d43
6b2d43
6c2d44
6d2d44
6e2d45
6f2d45
702d46
712d46
722d47
732d47
742d48
752d48
762d49
772d49
782d4a
792d4a
7a2d4b
7b2d4b
7c2d4c
7d2d4c
7e2d4d
7f2d4d
802d4e
812d4e
822d4f
832d4f
842d50
852d50
862d51
872d51
882d52
892d52
8a2d53
8b2d53
8c2d54
8d2d54
8e2d55
8f2d55
902d56
912d56
922d57
932d57
942d58
952d58
962d59
972d59
982d5a
992d5a
9a2d5b
9b2d5b
9c2d5c
9d2d5c
9e2d5d
9f2d5d
a02d5e
a12d5e
a22d5f
a32d5f
a42d60
a52d60
a62d61
a72d61
a82d62
a92d62
aa2d63
ab2d63
ac2d64
ad2d64
ae2d65
af2d65
b02d66
b12d66
b22d67
b32d67
b42d68
b52d68
b62d69
b72d69
b82d6a
b92d6a
ba2d6b
bb2d6b
bc2d6c
bd2d6c
be2d6d
bf2d6d
c02d6e
c12d6e
c22d6f
c32d6f
c42d70
c52d70
c62d71
c72d71
c82d72
c92d72
ca2d73
cb2d73
cc2d74
cd2d74
ce2d75
cf2d75
d02d76
d12d76
d22d77
d32d77
d42d78
d52d78
d62d79
d72d79
d82d7a
d92d7a
da2d7b
db2d7b
dc2d7c
dd2d7c
de2d7d
df2d7d
e02d7e
e12d7e
e22d7f
e32d7f
e42d80
e52d80
e62d81
e72d81
e82d82
e92d82
ea2d83
eb2d83
ec2d84
ed2d84
ee2d85
ef2d85
f02d86
f12d86
f22d87
f32d87
f42d88
f52d88
f62d89
f72d89
f82d8a
f92d8a
fa2d8b
fb2d8b
fc2d8c
fd2d8c
ee2d8d
af2d8d
502d8e
112d8e
022d8f
032d8f
042d90
052d90
062d91
072d91
082d92
092d92
0a2d93
0b2d93
0c2d94
0d2d94
0e2d95
0f2d95
102d96
112d96
122d97
132d97
142d98
152d98
162d99
172d99
182d9a
192d9a
1a2d9b
1b2d9b
1c2d9c
1d2d9c
1e2d9d
1f2d9d
202d9e
212d9e
222d9f
232d9f
242da0
252da0
262da1
272da1
282da2
292da2
2a2da3
2b2da3
2c2da4
2d2da4
2e2da5
2f2da5
302da6
312da6
322da7
332da7
342da8
352da8
362da9
372da9
382daa
392daa
3a2dab
3b2dab
3c2dac
3d2dac
000000
000000
000000
000000
022e0f
032e10
042e10
052e11
062e11
072e12
082e12
092e13
0a2e13
0b2e14
0c2e14
0d2e15
0e2e15
0f2e16
102e16
112e17
122e17
132e18
142e18
152e19
162e19
172e1a
182e1a
192e1b
1a2e1b
1b2e1c
1c2e1c
1d2e1d
1e2e1d
1f2e1e
202e1e
212e1f
222e1f
232e20
242e20
252e21
262e21
272e22
282e22
292e23
2a2e23
2b2e24
2c2e24
2d2e25
2e2e25
2f2e26
302e26
312e27
322e27
332e28
342e28
352e29
362e29
372e2a
382e2a
392e2b
3a2e2b
3b2e2c
3c2e2c
3d2e2d
3e2e2d
3f2e2e
402e2e
412e2f
422e2f
432e30
442e30
452e31
462e31
472e32
482e32
492e33
4a2e33
4b2e34
4c2e34
4d2e35
4e2e35
4f2e36
502e36
512e37
522e37
532e38
542e38
552e39
562e39
572e3a
582e3a
592e3b
5a2e3b
5b2e3c
5c2e3c
5d2e3d
5e2e3d
5f2e3e
602e3e
612e3f
622e3f
632e40
642e40
652e41
662e41
672e42
682e42
692e43
6a2e43
6b2e44
6c2e44
6d2e45
6e2e45
6f2e46
702e46
712e47
722e47
732e48
742e48
752e49
762e49
772e4a
782e4a
792e4b
7a2e4b
7b2e4c
7c2e4c
7d2e4d
7e2e4d
7f2e4e
802e4e
812e4f
822e4f
832e50
842e50
852e51
862e51
872e52
882e52
892e53
8a2e53
8b2e54
8c2e54
8d2e55
8e2e55
8f2e56
902e56
912e57
922e57
932e58
942e58
952e59
962e59
972e5a
982e5a
992e5b
9a2e5b
9b2e5c
9c2e5c
9d2e5d
9e2e5d
9f2e5e
a02e5e
a12e5f
a22e5f
a32e60
a42e60
a52e61
a62e61
a72e62
a82e62
a92e63
aa2e63
ab2e64
ac2e64
ad2e65
ae2e65
af2e66
b02e66
b12e67
b22e67
b32e68
b42e68
b52e69
b62e69
b72e6a
b82e6a
b92e6b
ba2e6b
bb2e6c
bc2e6c
bd2e6d
be2e6d
bf2e6e
c02e6e
c12e6f
c22e6f
c32e70
c42e70
c52e71
c62e71
c72e72
c82e72
c92e73
ca2e73
cb2e74
cc2e74
cd2e75
ce2e75
cf2e76
d02e76
d12e77
d22e77
d32e78
d42e78
d52e79
d62e79
d72e7a
d82e7a
d92e7b
da2e7b
db2e7c
dc2e7c
dd2e7d
de2e7d
df2e7e
e02e7e
e12e7f
e22e7f
e32e80
e42e80
e52e81
e62e81
e72e82
e82e82
e92e83
ea2e83
eb2e84
ec2e84
ed2e85
ee2e85
ef2e86
f02e86
f12e87
f22e87
f32e88
f42e88
f52e89
f62e89
f72e8a
f82e8a
f92e8b
fa2e8b
fb2e8c
fc2e8c
fd2e8d
ee2e8d
af2e8e
502e8e
112e8f
022e8f
032e90
042e90
052e91
062e91
072e92
082e92
092e93
0a2e93
0b2e94
0c2e94
0d2e95
0e2e95
0f2e96
102e96
112e97
122e97
132e98
142e98
152e99
162e99
172e9a
182e9a
192e9b
1a2e9b
1b2e9c
1c2e9c
1d2e9d
1e2e9d
1f2e9e
202e9e
212e9f
222e9f
232ea0
242ea0
252ea1
262ea1
272ea2
282ea2
292ea3
2a2ea3
2b2ea4
2c2ea4
2d2ea5
2e2ea5
2f2ea6
302ea6
312ea7
322ea7
332ea8
342ea8
352ea9
362ea9
372eaa
382eaa
392eab
3a2eab
3b2eac
3c2eac
3d2ead
000000
000000
000000
000000
022f10
032f10
042f11
052f11
062f12
072f12
082f13
092f13
0a2f14
0b2f14
0c2f15
0d2f15
0e2f16
0f2f16
102f17
112f17
122f18
132f18
142f19
152f19
162f1a
172f1a
182f1b
192f1b
1a2f1c
1b2f1c
1c2f1d
1d2f1d
1e2f1e
1f2f1e
202f1f
212f1f
222f20
232f20
242f21
252f21
262f22
272f22
282f23
292f23
2a2f24
2b2f24
2c2f25
2d2f25
2e2f26
2f2f26
302f27
312f27
322f28
332f28
342f29
352f29
362f2a
372f2a
382f2b
392f2b
3a2f2c
3b2f2c
3c2f2d
3d2f2d
3e2f2e
3f2f2e
402f2f
412f2f
422f30
432f30
442f31
452f31
462f32
472f32
482f33
492f33
4a2f34
4b2f34
4c2f35
4d2f35
4e2f36
4f2f36
502f37
512f37
522f38
532f38
542f39
552f39
562f3a
572f3a
582f3b
592f3b
5a2f3c
5b2f3c
5c2f3d
5d2f3d
5e2f3e
5f2f3e
602f3f
612f3f
622f40
632f40
642f41
652f41
662f42
672f42
682f43
692f43
6a2f44
6b2f44
6c2f45
6d2f45
6e2f46
6f2f46
702f47
712f47
722f48
732f48
742f49
752f49
762f4a
772f4a
782f4b
792f4b
7a2f4c
7b2f4c
7c2f4d
7d2f4d
7e2f4e
7f2f4e
802f4f
812f4f
822f50
832f50
842f51
852f51
862f52
872f52
882f53
892f53
8a2f54
8b2f54
8c2f55
8d2f55
8e2f56
8f2f56
902f57
912f57
922f58
932f58
942f59
952f59
962f5a
972f5a
982f5b
992f5b
9a2f5c
9b2f5c
9c2f5d
9d2f5d
9e2f5e
9f2f5e
a02f5f
a12f5f
a22f60
a32f60
a42f61
a52f61
a62f62
a72f62
a82f63
a92f63
aa2f64
ab2f64
ac2f65
ad2f65
ae2f66
af2f66
b02f67
b12f67
b22f68
b32f68
b42f69
b52f69
b62f6a
b72f6a
b82f6b
b92f6b
ba2f6c
bb2f6c
bc2f6d
bd2f6d
be2f6e
bf2f6e
c02f6f
c12f6f
c22f70
c32f70
c42f71
c52f71
c62f72
c72f72
c82f73
c92f73
ca2f74
cb2f74
cc2f75
cd2f75
ce2f76
cf2f76
d02f77
d12f77
d22f78
d32f78
d42f79
d52f79
d62f7a
d72f7a
d82f7b
d92f7b
da2f7c
db2f7c
dc2f7d
dd2f7d
de2f7e
df2f7e
e02f7f
e12f7f
e22f80
e32f80
e42f81
e52f81
e62f82
e72f82
e82f83
e92f83
ea2f84
eb2f84
ec2f85
ed2f85
ee2f86
ef2f86
f02f87
f12f87
f22f88
f32f88
f42f89
f52f89
f62f8a
f72f8a
f82f8b
f92f8b
fa2f8c
fb2f8c
fc2f8d
fd2f8d
ee2f8e
af2f8e
502f8f
112f8f
022f90
032f90
042f91
052f91
062f92
072f92
082f93
092f93
0a2f94
0b2f94
0c2f95
0d2f95
0e2f96
0f2f96
102f97
112f97
122f98
132f98
142f99
152f99
162f9a
172f9a
182f9b
192f9b
1a2f9c
1b2f9c
1c2f9d
1d2f9d
1e2f9e
1f2f9e
202f9f
212f9f
222fa0
232fa0
242fa1
252fa1
262fa2
272fa2
282fa3
292fa3
2a2fa4
2b2fa4
2c2fa5
2d2fa5
2e2fa6
2f2fa6
302fa7
312fa7
322fa8
332fa8
342fa9
352fa9
362faa
372faa
382fab
392fab
3a2fac
3b2fac
3c2fad
3d2fad
000000
000000
000000
000000
023010
033010
043011
053011
063012
073012
083013
093013
0a3014
0b3014
0c3015
0d3015
0e3016
0f3016
103017
113017
123018
133018
143019
153019
16301a
17301a
18301b
19301b
1a301c
1b301c
1c301d
1d301d
1e301e
1f301e
20301f
21301f
223020
233020
243021
253021
263022
273022
283023
293023
2a3024
2b3024
2c3025
2d3025
2e3026
2f3026
303027
313027
323028
333028
343029
353029
36302a
37302a
38302b
39302b
3a302c
3b302c
3c302d
3d302d
3e302e
3f302e
40302f
41302f
423030
433030
443031
453031
463032
473032
483033
493033
4a3034
4b3034
4c3035
4d3035
4e3036
4f3036
503037
513037
523038
533038
543039
553039
56303a
57303a
58303b
59303b
5a303c
5b303c
5c303d
5d303d
5e303e
5f303e
60303f
61303f
623040
633040
643041
653041
663042
673042
683043
693043
6a3044
6b3044
6c3045
6d3045
6e3046
6f3046
703047
713047
723048
733048
743049
753049
76304a
77304a
78304b
79304b
7a304c
7b304c
7c304d
7d304d
7e304e
7f304e
80304f
81304f
823050
833050
843051
853051
863052
873052
883053
893053
8a3054
8b3054
8c3055
8d3055
8e3056
8f3056
903057
913057
923058
933058
943059
953059
96305a
97305a
98305b
99305b
9a305c
9b305c
9c305d
9d305d
9e305e
9f305e
a0305f
a1305f
a23060
a33060
a43061
a53061
a63062
a73062
a83063
a93063
aa3064
ab3064
ac3065
ad3065
ae3066
af3066
b03067
b13067
b23068
b33068
b43069
b53069
b6306a
b7306a
b8306b
b9306b
ba306c
bb306c
bc306d
bd306d
be306e
bf306e
c0306f
c1306f
c23070
c33070
c43071
c53071
c63072
c73072
c83073
c93073
ca3074
cb3074
cc3075
cd3075
ce3076
cf3076
d03077
d13077
d23078
d33078
d43079
d53079
d6307a
d7307a
d8307b
d9307b
da307c
db307c
dc307d
dd307d
de307e
df307e
e0307f
e1307f
e23080
e33080
e43081
e53081
e63082
e73082
e83083
e93083
ea3084
eb3084
ec3085
ed3085
ee3086
ef3086
f03087
f13087
f23088
f33088
f43089
f53089
f6308a
f7308a
f8308b
f9308b
fa308c
fb308c
fc308d
fd308d
ee308e
af308e
50308f
11308f
023090
033090
043091
053091
063092
073092
083093
093093
0a3094
0b3094
0c3095
0d3095
0e3096
0f3096
103097
113097
123098
133098
143099
153099
16309a
17309a
18309b
19309b
1a309c
1b309c
1c309d
1d309d
1e309e
1f309e
20309f
21309f
2230a0
2330a0
2430a1
2530a1
2630a2
2730a2
2830a3
2930a3
2a30a4
2b30a4
2c30a5
2d30a5
2e30a6
2f30a6
3030a7
3130a7
3230a8
3330a8
3430a9
3530a9
3630aa
3730aa
3830ab
3930ab
3a30ac
3b30ac
3c30ad
3d30ad
000000
000000
000000
000000
023110
033111
043111
053112
063112
073113
083113
093114
0a3114
0b3115
0c3115
0d3116
0e3116
0f3117
103117
113118
123118
133119
143119
15311a
16311a
17311b
18311b
19311c
1a311c
1b311d
1c311d
1d311e
1e311e
1f311f
20311f
213120
223120
233121
243121
253122
263122
273123
283123
293124
2a3124
2b3125
2c3125
2d3126
2e3126
2f3127
303127
313128
323128
333129
343129
35312a
36312a
37312b
38312b
39312c
3a312c
3b312d
3c312d
3d312e
3e312e
3f312f
40312f
413130
423130
433131
443131
453132
463132
473133
483133
493134
4a3134
4b3135
4c3135
4d3136
4e3136
4f3137
503137
513138
523138
533139
543139
55313a
56313a
57313b
58313b
59313c
5a313c
5b313d
5c313d
5d313e
5e313e
5f313f
60313f
613140
623140
633141
643141
653142
663142
673143
683143
693144
6a3144
6b3145
6c3145
6d3146
6e3146
6f3147
703147
713148
723148
733149
743149
75314a
76314a
77314b
78314b
79314c
7a314c
7b314d
7c314d
7d314e
7e314e
7f314f
80314f
813150
823150
833151
843151
853152
863152
873153
883153
893154
8a3154
8b3155
8c3155
8d3156
8e3156
8f3157
903157
913158
923158
933159
943159
95315a
96315a
97315b
98315b
99315c
9a315c
9b315d
9c315d
9d315e
9e315e
9f315f
a0315f
a13160
a23160
a33161
a43161
a53162
a63162
a73163
a83163
a93164
aa3164
ab3165
ac3165
ad3166
ae3166
af3167
b03167
b13168
b23168
b33169
b43169
b5316a
b6316a
b7316b
b8316b
b9316c
ba316c
bb316d
bc316d
bd316e
be316e
bf316f
c0316f
c13170
c23170
c33171
c43171
c53172
c63172
c73173
c83173
c93174
ca3174
cb3175
cc3175
cd3176
ce3176
cf3177
d03177
d13178
d23178
d33179
d43179
d5317a
d6317a
d7317b
d8317b
d9317c
da317c
db317d
dc317d
dd317e
de317e
df317f
e0317f
e13180
e23180
e33181
e43181
e53182
e63182
e73183
e83183
e93184
ea3184
eb3185
ec3185
ed3186
ee3186
ef3187
f03187
f13188
f23188
f33189
f43189
f5318a
f6318a
f7318b
f8318b
f9318c
fa318c
fb318d
fc318d
fd318e
ee318e
af318f
50318f
113190
023190
033191
043191
053192
063192
073193
083193
093194
0a3194
0b3195
0c3195
0d3196
0e3196
0f3197
103197
113198
123198
133199
143199
15319a
16319a
17319b
18319b
19319c
1a319c
1b319d
1c319d
1d319e
1e319e
1f319f
20319f
2131a0
2231a0
2331a1
2431a1
2531a2
2631a2
2731a3
2831a3
2931a4
2a31a4
2b31a5
2c31a5
2d31a6
2e31a6
2f31a7
3031a7
3131a8
3231a8
3331a9
3431a9
3531aa
3631aa
3731ab
3831ab
3931ac
3a31ac
3b31ad
3c31ad
3d31ae
000000
000000
000000
000000
023211
033211
043212
053212
063213
073213
083214
093214
0a3215
0b3215
0c3216
0d3216
0e3217
0f3217
103218
113218
123219
133219
14321a
15321a
16321b
17321b
18321c
19321c
1a321d
1b321d
1c321e
1d321e
1e321f
1f321f
203220
213220
223221
233221
243222
253222
263223
273223
283224
293224
2a3225
2b3225
2c3226
2d3226
2e3227
2f3227
303228
313228
323229
333229
34322a
35322a
36322b
37322b
38322c
39322c
3a322d
3b322d
3c322e
3d322e
3e322f
3f322f
403230
413230
423231
433231
443232
453232
463233
473233
483234
493234
4a3235
4b3235
4c3236
4d3236
4e3237
4f3237
503238
513238
523239
533239
54323a
55323a
56323b
57323b
58323c
59323c
5a323d
5b323d
5c323e
5d323e
5e323f
5f323f
603240
613240
623241
633241
643242
653242
663243
673243
683244
693244
6a3245
6b3245
6c3246
6d3246
6e3247
6f3247
703248
713248
723249
733249
74324a
75324a
76324b
77324b
78324c
79324c
7a324d
7b324d
7c324e
7d324e
7e324f
7f324f
803250
813250
823251
833251
843252
853252
863253
873253
883254
893254
8a3255
8b3255
8c3256
8d3256
8e3257
8f3257
903258
913258
923259
933259
94325a
95325a
96325b
97325b
98325c
99325c
9a325d
9b325d
9c325e
9d325e
9e325f
9f325f
a03260
a13260
a23261
a33261
a43262
a53262
a63263
a73263
a83264
a93264
aa3265
ab3265
ac3266
ad3266
ae3267
af3267
b03268
b13268
b23269
b33269
b4326a
b5326a
b6326b
b7326b
b8326c
b9326c
ba326d
bb326d
bc326e
bd326e
be326f
bf326f
c03270
c13270
c23271
c33271
c43272
c53272
c63273
c73273
c83274
c93274
ca3275
cb3275
cc3276
cd3276
ce3277
cf3277
d03278
d13278
d23279
d33279
d4327a
d5327a
d6327b
d7327b
d8327c
d9327c
da327d
db327d
dc327e
dd327e
de327f
df327f
e03280
e13280
e23281
e33281
e43282
e53282
e63283
e73283
e83284
e93284
ea3285
eb3285
ec3286
ed3286
ee3287
ef3287
f03288
f13288
f23289
f33289
f4328a
f5328a
f6328b
f7328b
f8328c
f9328c
fa328d
fb328d
fc328e
fd328e
ee328f
af328f
503290
113290
023291
033291
043292
053292
063293
073293
083294
093294
0a3295
0b3295
0c3296
0d3296
0e3297
0f3297
103298
113298
123299
133299
14329a
15329a
16329b
17329b
18329c
19329c
1a329d
1b329d
1c329e
1d329e
1e329f
1f329f
2032a0
2132a0
2232a1
2332a1
2432a2
2532a2
2632a3
2732a3
2832a4
2932a4
2a32a5
2b32a5
2c32a6
2d32a6
2e32a7
2f32a7
3032a8
3132a8
3232a9
3332a9
3432aa
3532aa
3632ab
3732ab
3832ac
3932ac
3a32ad
3b32ad
3c32ae
3d32ae
000000
000000
000000
000000
023311
033311
043312
053312
063313
073313
083314
093314
0a3315
0b3315
0c3316
0d3316
0e3317
0f3317
103318
113318
123319
133319
14331a
15331a
16331b
17331b
18331c
19331c
1a331d
1b331d
1c331e
1d331e
1e331f
1f331f
203320
213320
223321
233321
243322
253322
263323
273323
283324
293324
2a3325
2b3325
2c3326
2d3326
2e3327
2f3327
303328
313328
323329
333329
34332a
35332a
36332b
37332b
38332c
39332c
3a332d
3b332d
3c332e
3d332e
3e332f
3f332f
403330
413330
423331
433331
443332
453332
463333
473333
483334
493334
4a3335
4b3335
4c3336
4d3336
4e3337
4f3337
503338
513338
523339
533339
54333a
55333a
56333b
57333b
58333c
59333c
5a333d
5b333d
5c333e
5d333e
5e333f
5f333f
603340
613340
623341
633341
643342
653342
663343
673343
683344
693344
6a3345
6b3345
6c3346
6d3346
6e3347
6f3347
703348
713348
723349
733349
74334a
75334a
76334b
77334b
78334c
79334c
7a334d
7b334d
7c334e
7d334e
7e334f
7f334f
803350
813350
823351
833351
843352
853352
863353
873353
883354
893354
8a3355
8b3355
8c3356
8d3356
8e3357
8f3357
903358
913358
923359
933359
94335a
95335a
96335b
97335b
98335c
99335c
9a335d
9b335d
9c335e
9d335e
9e335f
9f335f
a03360
a13360
a23361
a33361
a43362
a53362
a63363
a73363
a83364
a93364
aa3365
ab3365
ac3366
ad3366
ae3367
af3367
b03368
b13368
b23369
b33369
b4336a
b5336a
b6336b
b7336b
b8336c
b9336c
ba336d
bb336d
bc336e
bd336e
be336f
bf336f
c03370
c13370
c23371
c33371
c43372
c53372
c63373
c73373
c83374
c93374
ca3375
cb3375
cc3376
cd3376
ce3377
cf3377
d03378
d13378
d23379
d33379
d4337a
d5337a
d6337b
d7337b
d8337c
d9337c
da337d
db337d
dc337e
dd337e
de337f
df337f
e03380
e13380
e23381
e33381
e43382
e53382
e63383
e73383
e83384
e93384
ea3385
eb3385
ec3386
ed3386
ee3387
ef3387
f03388
f13388
f23389
f33389
f4338a
f5338a
f6338b
f7338b
f8338c
f9338c
fa338d
fb338d
fc338e
fd338e
ee338f
af338f
503390
113390
023391
033391
043392
053392
063393
073393
083394
093394
0a3395
0b3395
0c3396
0d3396
0e3397
0f3397
103398
113398
123399
133399
14339a
15339a
16339b
17339b
18339c
19339c
1a339d
1b339d
1c339e
1d339e
1e339f
1f339f
2033a0
2133a0
2233a1
2333a1
2433a2
2533a2
2633a3
2733a3
2833a4
2933a4
2a33a5
2b33a5
2c33a6
2d33a6
2e33a7
2f33a7
3033a8
3133a8
3233a9
3333a9
3433aa
3533aa
3633ab
3733ab
3833ac
3933ac
3a33ad
3b33ad
3c33ae
3d33ae
000000
000000
000000
000000
023411
033412
043412
053413
063413
073414
083414
093415
0a3415
0b3416
0c3416
0d3417
0e3417
0f3418
103418
113419
123419
13341a
14341a
15341b
16341b
17341c
18341c
19341d
1a341d
1b341e
1c341e
1d341f
1e341f
1f3420
203420
213421
223421
233422
243422
253423
263423
273424
283424
293425
2a3425
2b3426
2c3426
2d3427
2e3427
2f3428
303428
313429
323429
33342a
34342a
35342b
36342b
37342c
38342c
39342d
3a342d
3b342e
3c342e
3d342f
3e342f
3f3430
403430
413431
423431
433432
443432
453433
463433
473434
483434
493435
4a3435
4b3436
4c3436
4d3437
4e3437
4f3438
503438
513439
523439
53343a
54343a
55343b
56343b
57343c
58343c
59343d
5a343d
5b343e
5c343e
5d343f
5e343f
5f3440
603440
613441
623441
633442
643442
653443
663443
673444
683444
693445
6a3445
6b3446
6c3446
6d3447
6e3447
6f3448
703448
713449
723449
73344a
74344a
75344b
76344b
77344c
78344c
79344d
7a344d
7b344e
7c344e
7d344f
7e344f
7f3450
803450
813451
823451
833452
843452
853453
863453
873454
883454
893455
8a3455
8b3456
8c3456
8d3457
8e3457
8f3458
903458
913459
923459
93345a
94345a
95345b
96345b
97345c
98345c
99345d
9a345d
9b345e
9c345e
9d345f
9e345f
9f3460
a03460
a13461
a23461
a33462
a43462
a53463
a63463
a73464
a83464
a93465
aa3465
ab3466
ac3466
ad3467
ae3467
af3468
b03468
b13469
b23469
b3346a
b4346a
b5346b
b6346b
b7346c
b8346c
b9346d
ba346d
bb346e
bc346e
bd346f
be346f
bf3470
c03470
c13471
c23471
c33472
c43472
c53473
c63473
c73474
c83474
c93475
ca3475
cb3476
cc3476
cd3477
ce3477
cf3478
d03478
d13479
d23479
d3347a
d4347a
d5347b
d6347b
d7347c
d8347c
d9347d
da347d
db347e
dc347e
dd347f
de347f
df3480
e03480
e13481
e23481
e33482
e43482
e53483
e63483
e73484
e83484
e93485
ea3485
eb3486
ec3486
ed3487
ee3487
ef3488
f03488
f13489
f23489
f3348a
f4348a
f5348b
f6348b
f7348c
f8348c
f9348d
fa348d
fb348e
fc348e
fd348f
ee348f
af3490
503490
113491
023491
033492
043492
053493
063493
073494
083494
093495
0a3495
0b3496
0c3496
0d3497
0e3497
0f3498
103498
113499
123499
13349a
14349a
15349b
16349b
17349c
18349c
19349d
1a349d
1b349e
1c349e
1d349f
1e349f
1f34a0
2034a0
2134a1
2234a1
2334a2
2434a2
2534a3
2634a3
2734a4
2834a4
2934a5
2a34a5
2b34a6
2c34a6
2d34a7
2e34a7
2f34a8
3034a8
3134a9
3234a9
3334aa
3434aa
3534ab
3634ab
3734ac
3834ac
3934ad
3a34ad
3b34ae
3c34ae
3d34af
000000
000000
000000
000000
023512
033512
043513
053513
063514
073514
083515
093515
0a3516
0b3516
0c3517
0d3517
0e3518
0f3518
103519
113519
12351a
13351a
14351b
15351b
16351c
17351c
18351d
19351d
1a351e
1b351e
1c351f
1d351f
1e3520
1f3520
203521
213521
223522
233522
243523
253523
263524
273524
283525
293525
2a3526
2b3526
2c3527
2d3527
2e3528
2f3528
303529
313529
32352a
33352a
34352b
35352b
36352c
37352c
38352d
39352d
3a352e
3b352e
3c352f
3d352f
3e3530
3f3530
403531
413531
423532
433532
443533
453533
463534
473534
483535
493535
4a3536
4b3536
4c3537
4d3537
4e3538
4f3538
503539
513539
52353a
53353a
54353b
55353b
56353c
57353c
58353d
59353d
5a353e
5b353e
5c353f
5d353f
5e3540
5f3540
603541
613541
623542
633542
643543
653543
663544
673544
683545
693545
6a3546
6b3546
6c3547
6d3547
6e3548
6f3548
703549
713549
72354a
73354a
74354b
75354b
76354c
77354c
78354d
79354d
7a354e
7b354e
7c354f
7d354f
7e3550
7f3550
803551
813551
823552
833552
843553
853553
863554
873554
883555
893555
8a3556
8b3556
8c3557
8d3557
8e3558
8f3558
903559
913559
92355a
93355a
94355b
95355b
96355c
97355c
98355d
99355d
9a355e
9b355e
9c355f
9d355f
9e3560
9f3560
a03561
a13561
a23562
a33562
a43563
a53563
a63564
a73564
a83565
a93565
aa3566
ab3566
ac3567
ad3567
ae3568
af3568
b03569
b13569
b2356a
b3356a
b4356b
b5356b
b6356c
b7356c
b8356d
b9356d
ba356e
bb356e
bc356f
bd356f
be3570
bf3570
c03571
c13571
c23572
c33572
c43573
c53573
c63574
c73574
c83575
c93575
ca3576
cb3576
cc3577
cd3577
ce3578
cf3578
d03579
d13579
d2357a
d3357a
d4357b
d5357b
d6357c
d7357c
d8357d
d9357d
da357e
db357e
dc357f
dd357f
de3580
df3580
e03581
e13581
e23582
e33582
e43583
e53583
e63584
e73584
e83585
e93585
ea3586
eb3586
ec3587
ed3587
ee3588
ef3588
f03589
f13589
f2358a
f3358a
f4358b
f5358b
f6358c
f7358c
f8358d
f9358d
fa358e
fb358e
fc358f
fd358f
ee3590
af3590
503591
113591
023592
033592
043593
053593
063594
073594
083595
093595
0a3596
0b3596
0c3597
0d3597
0e3598
0f3598
103599
113599
12359a
13359a
14359b
15359b
16359c
17359c
18359d
19359d
1a359e
1b359e
1c359f
1d359f
1e35a0
1f35a0
2035a1
2135a1
2235a2
2335a2
2435a3
2535a3
2635a4
2735a4
2835a5
2935a5
2a35a6
2b35a6
2c35a7
2d35a7
2e35a8
2f35a8
3035a9
3135a9
3235aa
3335aa
3435ab
3535ab
3635ac
3735ac
3835ad
3935ad
3a35ae
3b35ae
3c35af
3d35af
000000
000000
000000
000000
023612
033612
043613
053613
063614
073614
083615
093615
0a3616
0b3616
0c3617
0d3617
0e3618
0f3618
103619
113619
12361a
13361a
14361b
15361b
16361c
17361c
18361d
19361d
1a361e
1b361e
1c361f
1d361f
1e3620
1f3620
203621
213621
223622
233622
243623
253623
263624
273624
283625
293625
2a3626
2b3626
2c3627
2d3627
2e3628
2f3628
303629
313629
32362a
33362a
34362b
35362b
36362c
37362c
38362d
39362d
3a362e
3b362e
3c362f
3d362f
3e3630
3f3630
403631
413631
423632
433632
443633
453633
463634
473634
483635
493635
4a3636
4b3636
4c3637
4d3637
4e3638
4f3638
503639
513639
52363a
53363a
54363b
55363b
56363c
57363c
58363d
59363d
5a363e
5b363e
5c363f
5d363f
5e3640
5f3640
603641
613641
623642
633642
643643
653643
663644
673644
683645
693645
6a3646
6b3646
6c3647
6d3647
6e3648
6f3648
703649
713649
72364a
73364a
74364b
75364b
76364c
77364c
78364d
79364d
7a364e
7b364e
7c364f
7d364f
7e3650
7f3650
803651
813651
823652
833652
843653
853653
863654
873654
883655
893655
8a3656
8b3656
8c3657
8d3657
8e3658
8f3658
903659
913659
92365a
93365a
94365b
95365b
96365c
97365c
98365d
99365d
9a365e
9b365e
9c365f
9d365f
9e3660
9f3660
a03661
a13661
a23662
a33662
a43663
a53663
a63664
a73664
a83665
a93665
aa3666
ab3666
ac3667
ad3667
ae3668
af3668
b03669
b13669
b2366a
b3366a
b4366b
b5366b
b6366c
b7366c
b8366d
b9366d
ba366e
bb366e
bc366f
bd366f
be3670
bf3670
c03671
c13671
c23672
c33672
c43673
c53673
c63674
c73674
c83675
c93675
ca3676
cb3676
cc3677
cd3677
ce3678
cf3678
d03679
d13679
d2367a
d3367a
d4367b
d5367b
d6367c
d7367c
d8367d
d9367d
da367e
db367e
dc367f
dd367f
de3680
df3680
e03681
e13681
e23682
e33682
e43683
e53683
e63684
e73684
e83685
e93685
ea3686
eb3686
ec3687
ed3687
ee3688
ef3688
f03689
f13689
f2368a
f3368a
f4368b
f5368b
f6368c
f7368c
f8368d
f9368d
fa368e
fb368e
fc368f
fd368f
ee3690
af3690
503691
113691
023692
033692
043693
053693
063694
073694
083695
093695
0a3696
0b3696
0c3697
0d3697
0e3698
0f3698
103699
113699
12369a
13369a
14369b
15369b
16369c
17369c
18369d
19369d
1a369e
1b369e
1c369f
1d369f
1e36a0
1f36a0
2036a1
2136a1
2236a2
2336a2
2436a3
2536a3
2636a4
2736a4
2836a5
2936a5
2a36a6
2b36a6
2c36a7
2d36a7
2e36a8
2f36a8
3036a9
3136a9
3236aa
3336aa
3436ab
3536ab
3636ac
3736ac
3836ad
3936ad
3a36ae
3b36ae
3c36af
3d36af
000000
000000
000000
000000
023712
033713
043713
053714
063714
073715
083715
093716
0a3716
0b3717
0c3717
0d3718
0e3718
0f3719
103719
11371a
12371a
13371b
14371b
15371c
16371c
17371d
18371d
19371e
1a371e
1b371f
1c371f
1d3720
1e3720
1f3721
203721
213722
223722
233723
243723
253724
263724
273725
283725
293726
2a3726
2b3727
2c3727
2d3728
2e3728
2f3729
303729
31372a
32372a
33372b
34372b
35372c
36372c
37372d
38372d
39372e
3a372e
3b372f
3c372f
3d3730
3e3730
3f3731
403731
413732
423732
433733
443733
453734
463734
473735
483735
493736
4a3736
4b3737
4c3737
4d3738
4e3738
4f3739
503739
51373a
52373a
53373b
54373b
55373c
56373c
57373d
58373d
59373e
5a373e
5b373f
5c373f
5d3740
5e3740
5f3741
603741
613742
623742
633743
643743
653744
663744
673745
683745
693746
6a3746
6b3747
6c3747
6d3748
6e3748
6f3749
703749
71374a
72374a
73374b
74374b
75374c
76374c
77374d
78374d
79374e
7a374e
7b374f
7c374f
7d3750
7e3750
7f3751
803751
813752
823752
833753
843753
853754
863754
873755
883755
893756
8a3756
8b3757
8c3757
8d3758
8e3758
8f3759
903759
91375a
92375a
93375b
94375b
95375c
96375c
97375d
98375d
99375e
9a375e
9b375f
9c375f
9d3760
9e3760
9f3761
a03761
a13762
a23762
a33763
a43763
a53764
a63764
a73765
a83765
a93766
aa3766
ab3767
ac3767
ad3768
ae3768
af3769
b03769
b1376a
b2376a
b3376b
b4376b
b5376c
b6376c
b7376d
b8376d
b9376e
ba376e
bb376f
bc376f
bd3770
be3770
bf3771
c03771
c13772
c23772
c33773
c43773
c53774
c63774
c73775
c83775
c93776
ca3776
cb3777
cc3777
cd3778
ce3778
cf3779
d03779
d1377a
d2377a
d3377b
d4377b
d5377c
d6377c
d7377d
d8377d
d9377e
da377e
db377f
dc377f
dd3780
de3780
df3781
e03781
e13782
e23782
e33783
e43783
e53784
e63784
e73785
e83785
e93786
ea3786
eb3787
ec3787
ed3788
ee3788
ef3789
f03789
f1378a
f2378a
f3378b
f4378b
f5378c
f6378c
f7378d
f8378d
f9378e
fa378e
fb378f
fc378f
fd3790
ee3790
af3791
503791
113792
023792
033793
043793
053794
063794
073795
083795
093796
0a3796
0b3797
0c3797
0d3798
0e3798
0f3799
103799
11379a
12379a
13379b
14379b
15379c
16379c
17379d
18379d
19379e
1a379e
1b379f
1c379f
1d37a0
1e37a0
1f37a1
2037a1
2137a2
2237a2
2337a3
2437a3
2537a4
2637a4
2737a5
2837a5
2937a6
2a37a6
2b37a7
2c37a7
2d37a8
2e37a8
2f37a9
3037a9
3137aa
3237aa
3337ab
3437ab
3537ac
3637ac
3737ad
3837ad
3937ae
3a37ae
3b37af
3c37af
3d37b0
000000
000000
000000
000000
023813
033813
043814
053814
063815
073815
083816
093816
0a3817
0b3817
0c3818
0d3818
0e3819
0f3819
10381a
11381a
12381b
13381b
14381c
15381c
16381d
17381d
18381e
19381e
1a381f
1b381f
1c3820
1d3820
1e3821
1f3821
203822
213822
223823
233823
243824
253824
263825
273825
283826
293826
2a3827
2b3827
2c3828
2d3828
2e3829
2f3829
30382a
31382a
32382b
33382b
34382c
35382c
36382d
37382d
38382e
39382e
3a382f
3b382f
3c3830
3d3830
3e3831
3f3831
403832
413832
423833
433833
443834
453834
463835
473835
483836
493836
4a3837
4b3837
4c3838
4d3838
4e3839
4f3839
50383a
51383a
52383b
53383b
54383c
55383c
56383d
57383d
58383e
59383e
5a383f
5b383f
5c3840
5d3840
5e3841
5f3841
603842
613842
623843
633843
643844
653844
663845
673845
683846
693846
6a3847
6b3847
6c3848
6d3848
6e3849
6f3849
70384a
71384a
72384b
73384b
74384c
75384c
76384d
77384d
78384e
79384e
7a384f
7b384f
7c3850
7d3850
7e3851
7f3851
803852
813852
823853
833853
843854
853854
863855
873855
883856
893856
8a3857
8b3857
8c3858
8d3858
8e3859
8f3859
90385a
91385a
92385b
93385b
94385c
95385c
96385d
97385d
98385e
99385e
9a385f
9b385f
9c3860
9d3860
9e3861
9f3861
a03862
a13862
a23863
a33863
a43864
a53864
a63865
a73865
a83866
a93866
aa3867
ab3867
ac3868
ad3868
ae3869
af3869
b0386a
b1386a
b2386b
b3386b
b4386c
b5386c
b6386d
b7386d
b8386e
b9386e
ba386f
bb386f
bc3870
bd3870
be3871
bf3871
c03872
c13872
c23873
c33873
c43874
c53874
c63875
c73875
c83876
c93876
ca3877
cb3877
cc3878
cd3878
ce3879
cf3879
d0387a
d1387a
d2387b
d3387b
d4387c
d5387c
d6387d
d7387d
d8387e
d9387e
da387f
db387f
dc3880
dd3880
de3881
df3881
e03882
e13882
e23883
e33883
e43884
e53884
e63885
e73885
e83886
e93886
ea3887
eb3887
ec3888
ed3888
ee3889
ef3889
f0388a
f1388a
f2388b
f3388b
f4388c
f5388c
f6388d
f7388d
f8388e
f9388e
fa388f
fb388f
fc3890
fd3890
ee3891
af3891
503892
113892
023893
033893
043894
053894
063895
073895
083896
093896
0a3897
0b3897
0c3898
0d3898
0e3899
0f3899
10389a
11389a
12389b
13389b
14389c
15389c
16389d
17389d
18389e
19389e
1a389f
1b389f
1c38a0
1d38a0
1e38a1
1f38a1
2038a2
2138a2
2238a3
2338a3
2438a4
2538a4
2638a5
2738a5
2838a6
2938a6
2a38a7
2b38a7
2c38a8
2d38a8
2e38a9
2f38a9
3038aa
3138aa
3238ab
3338ab
3438ac
3538ac
3638ad
3738ad
3838ae
3938ae
3a38af
3b38af
3c38b0
3d38b0
000000
000000
000000
000000
023913
033913
043914
053914
063915
073915
083916
093916
0a3917
0b3917
0c3918
0d3918
0e3919
0f3919
10391a
11391a
12391b
13391b
14391c
15391c
16391d
17391d
18391e
19391e
1a391f
1b391f
1c3920
1d3920
1e3921
1f3921
203922
213922
223923
233923
243924
253924
263925
273925
283926
293926
2a3927
2b3927
2c3928
2d3928
2e3929
2f3929
30392a
31392a
32392b
33392b
34392c
35392c
36392d
37392d
38392e
39392e
3a392f
3b392f
3c3930
3d3930
3e3931
3f3931
403932
413932
423933
433933
443934
453934
463935
473935
483936
493936
4a3937
4b3937
4c3938
4d3938
4e3939
4f3939
50393a
51393a
52393b
53393b
54393c
55393c
56393d
57393d
58393e
59393e
5a393f
5b393f
5c3940
5d3940
5e3941
5f3941
603942
613942
623943
633943
643944
653944
663945
673945
683946
693946
6a3947
6b3947
6c3948
6d3948
6e3949
6f3949
70394a
71394a
72394b
73394b
74394c
75394c
76394d
77394d
78394e
79394e
7a394f
7b394f
7c3950
7d3950
7e3951
7f3951
803952
813952
823953
833953
843954
853954
863955
873955
883956
893956
8a3957
8b3957
8c3958
8d3958
8e3959
8f3959
90395a
91395a
92395b
93395b
94395c
95395c
96395d
97395d
98395e
99395e
9a395f
9b395f
9c3960
9d3960
9e3961
9f3961
a03962
a13962
a23963
a33963
a43964
a53964
a63965
a73965
a83966
a93966
aa3967
ab3967
ac3968
ad3968
ae3969
af3969
b0396a
b1396a
b2396b
b3396b
b4396c
b5396c
b6396d
b7396d
b8396e
b9396e
ba396f
bb396f
bc3970
bd3970
be3971
bf3971
c03972
c13972
c23973
c33973
c43974
c53974
c63975
c73975
c83976
c93976
ca3977
cb3977
cc3978
cd3978
ce3979
cf3979
d0397a
d1397a
d2397b
d3397b
d4397c
d5397c
d6397d
d7397d
d8397e
d9397e
da397f
db397f
dc3980
dd3980
de3981
df3981
e03982
e13982
e23983
e33983
e43984
e53984
e63985
e73985
e83986
e93986
ea3987
eb3987
ec3988
ed3988
ee3989
ef3989
f0398a
f1398a
f2398b
f3398b
f4398c
f5398c
f6398d
f7398d
f8398e
f9398e
fa398f
fb398f
fc3990
fd3990
ee3991
af3991
503992
113992
023993
033993
043994
053994
063995
073995
083996
093996
0a3997
0b3997
0c3998
0d3998
0e3999
0f3999
10399a
11399a
12399b
13399b
14399c
15399c
16399d
17399d
18399e
19399e
1a399f
1b399f
1c39a0
1d39a0
1e39a1
1f39a1
2039a2
2139a2
2239a3
2339a3
2439a4
2539a4
2639a5
2739a5
2839a6
2939a6
2a39a7
2b39a7
2c39a8
2d39a8
2e39a9
2f39a9
3039aa
3139aa
3239ab
3339ab
3439ac
3539ac
3639ad
3739ad
3839ae
3939ae
3a39af
3b39af
3c39b0
3d39b0
000000
000000
000000
000000
023a13
033a14
043a14
053a15
063a15
073a16
083a16
093a17
0a3a17
0b3a18
0c3a18
0d3a19
0e3a19
0f3a1a
103a1a
113a1b
123a1b
133a1c
143a1c
153a1d
163a1d
173a1e
183a1e
193a1f
1a3a1f
1b3a20
1c3a20
1d3a21
1e3a21
1f3a22
203a22
213a23
223a23
233a24
243a24
253a25
263a25
273a26
283a26
293a27
2a3a27
2b3a28
2c3a28
2d3a29
2e3a29
2f3a2a
303a2a
313a2b
323a2b
333a2c
343a2c
353a2d
363a2d
373a2e
383a2e
393a2f
3a3a2f
3b3a30
3c3a30
3d3a31
3e3a31
3f3a32
403a32
413a33
423a33
433a34
443a34
453a35
463a35
473a36
483a36
493a37
4a3a37
4b3a38
4c3a38
4d3a39
4e3a39
4f3a3a
503a3a
513a3b
523a3b
533a3c
543a3c
553a3d
563a3d
573a3e
583a3e
593a3f
5a3a3f
5b3a40
5c3a40
5d3a41
5e3a41
5f3a42
603a42
613a43
623a43
633a44
643a44
653a45
663a45
673a46
683a46
693a47
6a3a47
6b3a48
6c3a48
6d3a49
6e3a49
6f3a4a
703a4a
713a4b
723a4b
733a4c
743a4c
753a4d
763a4d
773a4e
783a4e
793a4f
7a3a4f
7b3a50
7c3a50
7d3a51
7e3a51
7f3a52
803a52
813a53
823a53
833a54
843a54
853a55
863a55
873a56
883a56
893a57
8a3a57
8b3a58
8c3a58
8d3a59
8e3a59
8f3a5a
903a5a
913a5b
923a5b
933a5c
943a5c
953a5d
963a5d
973a5e
983a5e
993a5f
9a3a5f
9b3a60
9c3a60
9d3a61
9e3a61
9f3a62
a03a62
a13a63
a23a63
a33a64
a43a64
a53a65
a63a65
a73a66
a83a66
a93a67
aa3a67
ab3a68
ac3a68
ad3a69
ae3a69
af3a6a
b03a6a
b13a6b
b23a6b
b33a6c
b43a6c
b53a6d
b63a6d
b73a6e
b83a6e
b93a6f
ba3a6f
bb3a70
bc3a70
bd3a71
be3a71
bf3a72
c03a72
c13a73
c23a73
c33a74
c43a74
c53a75
c63a75
c73a76
c83a76
c93a77
ca3a77
cb3a78
cc3a78
cd3a79
ce3a79
cf3a7a
d03a7a
d13a7b
d23a7b
d33a7c
d43a7c
d53a7d
d63a7d
d73a7e
d83a7e
d93a7f
da3a7f
db3a80
dc3a80
dd3a81
de3a81
df3a82
e03a82
e13a83
e23a83
e33a84
e43a84
e53a85
e63a85
e73a86
e83a86
e93a87
ea3a87
eb3a88
ec3a88
ed3a89
ee3a89
ef3a8a
f03a8a
f13a8b
f23a8b
f33a8c
f43a8c
f53a8d
f63a8d
f73a8e
f83a8e
f93a8f
fa3a8f
fb3a90
fc3a90
fd3a91
ee3a91
af3a92
503a92
113a93
023a93
033a94
043a94
053a95
063a95
073a96
083a96
093a97
0a3a97
0b3a98
0c3a98
0d3a99
0e3a99
0f3a9a
103a9a
113a9b
123a9b
133a9c
143a9c
153a9d
163a9d
173a9e
183a9e
193a9f
1a3a9f
1b3aa0
1c3aa0
1d3aa1
1e3aa1
1f3aa2
203aa2
213aa3
223aa3
233aa4
243aa4
253aa5
263aa5
273aa6
283aa6
293aa7
2a3aa7
2b3aa8
2c3aa8
2d3aa9
2e3aa9
2f3aaa
303aaa
313aab
323aab
333aac
343aac
353aad
363aad
373aae
383aae
393aaf
3a3aaf
3b3ab0
3c3ab0
3d3ab1
000000
000000
000000
000000
023b14
033b14
043b15
053b15
063b16
073b16
083b17
093b17
0a3b18
0b3b18
0c3b19
0d3b19
0e3b1a
0f3b1a
103b1b
113b1b
123b1c
133b1c
143b1d
153b1d
163b1e
173b1e
183b1f
193b1f
1a3b20
1b3b20
1c3b21
1d3b21
1e3b22
1f3b22
203b23
213b23
223b24
233b24
243b25
253b25
263b26
273b26
283b27
293b27
2a3b28
2b3b28
2c3b29
2d3b29
2e3b2a
2f3b2a
303b2b
313b2b
323b2c
333b2c
343b2d
353b2d
363b2e
373b2e
383b2f
393b2f
3a3b30
3b3b30
3c3b31
3d3b31
3e3b32
3f3b32
403b33
413b33
423b34
433b34
443b35
453b35
463b36
473b36
483b37
493b37
4a3b38
4b3b38
4c3b39
4d3b39
4e3b3a
4f3b3a
503b3b
513b3b
523b3c
533b3c
543b3d
553b3d
563b3e
573b3e
583b3f
593b3f
5a3b40
5b3b40
5c3b41
5d3b41
5e3b42
5f3b42
603b43
613b43
623b44
633b44
643b45
653b45
663b46
673b46
683b47
693b47
6a3b48
6b3b48
6c3b49
6d3b49
6e3b4a
6f3b4a
703b4b
713b4b
723b4c
733b4c
743b4d
753b4d
763b4e
773b4e
783b4f
793b4f
7a3b50
7b3b50
7c3b51
7d3b51
7e3b52
7f3b52
803b53
813b53
823b54
833b54
843b55
853b55
863b56
873b56
883b57
893b57
8a3b58
8b3b58
8c3b59
8d3b59
8e3b5a
8f3b5a
903b5b
913b5b
923b5c
933b5c
943b5d
953b5d
963b5e
973b5e
983b5f
993b5f
9a3b60
9b3b60
9c3b61
9d3b61
9e3b62
9f3b62
a03b63
a13b63
a23b64
a33b64
a43b65
a53b65
a63b66
a73b66
a83b67
a93b67
aa3b68
ab3b68
ac3b69
ad3b69
ae3b6a
af3b6a
b03b6b
b13b6b
b23b6c
b33b6c
b43b6d
b53b6d
b63b6e
b73b6e
b83b6f
b93b6f
ba3b70
bb3b70
bc3b71
bd3b71
be3b72
bf3b72
c03b73
c13b73
c23b74
c33b74
c43b75
c53b75
c63b76
c73b76
c83b77
c93b77
ca3b78
cb3b78
cc3b79
cd3b79
ce3b7a
cf3b7a
d03b7b
d13b7b
d23b7c
d33b7c
d43b7d
d53b7d
d63b7e
d73b7e
d83b7f
d93b7f
da3b80
db3b80
dc3b81
dd3b81
de3b82
df3b82
e03b83
e13b83
e23b84
e33b84
e43b85
e53b85
e63b86
e73b86
e83b87
e93b87
ea3b88
eb3b88
ec3b89
ed3b89
ee3b8a
ef3b8a
f03b8b
f13b8b
f23b8c
f33b8c
f43b8d
f53b8d
f63b8e
f73b8e
f83b8f
f93b8f
fa3b90
fb3b90
fc3b91
fd3b91
ee3b92
af3b92
503b93
113b93
023b94
033b94
043b95
053b95
063b96
073b96
083b97
093b97
0a3b98
0b3b98
0c3b99
0d3b99
0e3b9a
0f3b9a
103b9b
113b9b
123b9c
133b9c
143b9d
153b9d
163b9e
173b9e
183b9f
193b9f
1a3ba0
1b3ba0
1c3ba1
1d3ba1
1e3ba2
1f3ba2
203ba3
213ba3
223ba4
233ba4
243ba5
253ba5
263ba6
273ba6
283ba7
293ba7
2a3ba8
2b3ba8
2c3ba9
2d3ba9
2e3baa
2f3baa
303bab
313bab
323bac
333bac
343bad
353bad
363bae
373bae
383baf
393baf
3a3bb0
3b3bb0
3c3bb1
3d3bb1
000000
000000
000000
000000
023c14
033c14
043c15
053c15
063c16
073c16
083c17
093c17
0a3c18
0b3c18
0c3c19
0d3c19
0e3c1a
0f3c1a
103c1b
113c1b
123c1c
133c1c
143c1d
153c1d
163c1e
173c1e
183c1f
193c1f
1a3c20
1b3c20
1c3c21
1d3c21
1e3c22
1f3c22
203c23
213c23
223c24
233c24
243c25
253c25
263c26
273c26
283c27
293c27
2a3c28
2b3c28
2c3c29
2d3c29
2e3c2a
2f3c2a
303c2b
313c2b
323c2c
333c2c
343c2d
353c2d
363c2e
373c2e
383c2f
393c2f
3a3c30
3b3c30
3c3c31
3d3c31
3e3c32
3f3c32
403c33
413c33
423c34
433c34
443c35
453c35
463c36
473c36
483c37
493c37
4a3c38
4b3c38
4c3c39
4d3c39
4e3c3a
4f3c3a
503c3b
513c3b
523c3c
533c3c
543c3d
553c3d
563c3e
573c3e
583c3f
593c3f
5a3c40
5b3c40
5c3c41
5d3c41
5e3c42
5f3c42
603c43
613c43
623c44
633c44
643c45
653c45
663c46
673c46
683c47
693c47
6a3c48
6b3c48
6c3c49
6d3c49
6e3c4a
6f3c4a
703c4b
713c4b
723c4c
733c4c
743c4d
753c4d
763c4e
773c4e
783c4f
793c4f
7a3c50
7b3c50
7c3c51
7d3c51
7e3c52
7f3c52
803c53
813c53
823c54
833c54
843c55
853c55
863c56
873c56
883c57
893c57
8a3c58
8b3c58
8c3c59
8d3c59
8e3c5a
8f3c5a
903c5b
913c5b
923c5c
933c5c
943c5d
953c5d
963c5e
973c5e
983c5f
993c5f
9a3c60
9b3c60
9c3c61
9d3c61
9e3c62
9f3c62
a03c63
a13c63
a23c64
a33c64
a43c65
a53c65
a63c66
a73c66
a83c67
a93c67
aa3c68
ab3c68
ac3c69
ad3c69
ae3c6a
af3c6a
b03c6b
b13c6b
b23c6c
b33c6c
b43c6d
b53c6d
b63c6e
b73c6e
b83c6f
b93c6f
ba3c70
bb3c70
bc3c71
bd3c71
be3c72
bf3c72
c03c73
c13c73
c23c74
c33c74
c43c75
c53c75
c63c76
c73c76
c83c77
c93c77
ca3c78
cb3c78
cc3c79
cd3c79
ce3c7a
cf3c7a
d03c7b
d13c7b
d23c7c
d33c7c
d43c7d
d53c7d
d63c7e
d73c7e
d83c7f
d93c7f
da3c80
db3c80
dc3c81
dd3c81
de3c82
df3c82
e03c83
e13c83
e23c84
e33c84
e43c85
e53c85
e63c86
e73c86
e83c87
e93c87
ea3c88
eb3c88
ec3c89
ed3c89
ee3c8a
ef3c8a
f03c8b
f13c8b
f23c8c
f33c8c
f43c8d
f53c8d
f63c8e
f73c8e
f83c8f
f93c8f
fa3c90
fb3c90
fc3c91
fd3c91
ee3c92
af3c92
503c93
113c93
023c94
033c94
043c95
053c95
063c96
073c96
083c97
093c97
0a3c98
0b3c98
0c3c99
0d3c99
0e3c9a
0f3c9a
103c9b
113c9b
123c9c
133c9c
143c9d
153c9d
163c9e
173c9e
183c9f
193c9f
1a3ca0
1b3ca0
1c3ca1
1d3ca1
1e3ca2
1f3ca2
203ca3
213ca3
223ca4
233ca4
243ca5
253ca5
263ca6
273ca6
283ca7
293ca7
2a3ca8
2b3ca8
2c3ca9
2d3ca9
2e3caa
2f3caa
303cab
313cab
323cac
333cac
343cad
353cad
363cae
373cae
383caf
393caf
3a3cb0
3b3cb0
3c3cb1
3d3cb1
000000
000000
000000
000000
023d14
033d15
043d15
053d16
063d16
073d17
083d17
093d18
0a3d18
0b3d19
0c3d19
0d3d1a
0e3d1a
0f3d1b
103d1b
113d1c
123d1c
133d1d
143d1d
153d1e
163d1e
173d1f
183d1f
193d20
1a3d20
1b3d21
1c3d21
1d3d22
1e3d22
1f3d23
203d23
213d24
223d24
233d25
243d25
253d26
263d26
273d27
283d27
293d28
2a3d28
2b3d29
2c3d29
2d3d2a
2e3d2a
2f3d2b
303d2b
313d2c
323d2c
333d2d
343d2d
353d2e
363d2e
373d2f
383d2f
393d30
3a3d30
3b3d31
3c3d31
3d3d32
3e3d32
3f3d33
403d33
413d34
423d34
433d35
443d35
453d36
463d36
473d37
483d37
493d38
4a3d38
4b3d39
4c3d39
4d3d3a
4e3d3a
4f3d3b
503d3b
513d3c
523d3c
533d3d
543d3d
553d3e
563d3e
573d3f
583d3f
593d40
5a3d40
5b3d41
5c3d41
5d3d42
5e3d42
5f3d43
603d43
613d44
623d44
633d45
643d45
653d46
663d46
673d47
683d47
693d48
6a3d48
6b3d49
6c3d49
6d3d4a
6e3d4a
6f3d4b
703d4b
713d4c
723d4c
733d4d
743d4d
753d4e
763d4e
773d4f
783d4f
793d50
7a3d50
7b3d51
7c3d51
7d3d52
7e3d52
7f3d53
803d53
813d54
823d54
833d55
843d55
853d56
863d56
873d57
883d57
893d58
8a3d58
8b3d59
8c3d59
8d3d5a
8e3d5a
8f3d5b
903d5b
913d5c
923d5c
933d5d
943d5d
953d5e
963d5e
973d5f
983d5f
993d60
9a3d60
9b3d61
9c3d61
9d3d62
9e3d62
9f3d63
a03d63
a13d64
a23d64
a33d65
a43d65
a53d66
a63d66
a73d67
a83d67
a93d68
aa3d68
ab3d69
ac3d69
ad3d6a
ae3d6a
af3d6b
b03d6b
b13d6c
b23d6c
b33d6d
b43d6d
b53d6e
b63d6e
b73d6f
b83d6f
b93d70
ba3d70
bb3d71
bc3d71
bd3d72
be3d72
bf3d73
c03d73
c13d74
c23d74
c33d75
c43d75
c53d76
c63d76
c73d77
c83d77
c93d78
ca3d78
cb3d79
cc3d79
cd3d7a
ce3d7a
cf3d7b
d03d7b
d13d7c
d23d7c
d33d7d
d43d7d
d53d7e
d63d7e
d73d7f
d83d7f
d93d80
da3d80
db3d81
dc3d81
dd3d82
de3d82
df3d83
e03d83
e13d84
e23d84
e33d85
e43d85
e53d86
e63d86
e73d87
e83d87
e93d88
ea3d88
eb3d89
ec3d89
ed3d8a
ee3d8a
ef3d8b
f03d8b
f13d8c
f23d8c
f33d8d
f43d8d
f53d8e
f63d8e
f73d8f
f83d8f
f93d90
fa3d90
fb3d91
fc3d91
fd3d92
ee3d92
af3d93
503d93
113d94
023d94
033d95
043d95
053d96
063d96
073d97
083d97
093d98
0a3d98
0b3d99
0c3d99
0d3d9a
0e3d9a
0f3d9b
103d9b
113d9c
123d9c
133d9d
143d9d
153d9e
163d9e
173d9f
183d9f
193da0
1a3da0
1b3da1
1c3da1
1d3da2
1e3da2
1f3da3
203da3
213da4
223da4
233da5
243da5
253da6
263da6
273da7
283da7
293da8
2a3da8
2b3da9
2c3da9
2d3daa
2e3daa
2f3dab
303dab
313dac
323dac
333dad
343dad
353dae
363dae
373daf
383daf
393db0
3a3db0
3b3db1
3c3db1
3d3db2
000000
000000
000000
000000
023e15
033e15
043e16
053e16
063e17
073e17
083e18
093e18
0a3e19
0b3e19
0c3e1a
0d3e1a
0e3e1b
0f3e1b
103e1c
113e1c
123e1d
133e1d
143e1e
153e1e
163e1f
173e1f
183e20
193e20
1a3e21
1b3e21
1c3e22
1d3e22
1e3e23
1f3e23
203e24
213e24
223e25
233e25
243e26
253e26
263e27
273e27
283e28
293e28
2a3e29
2b3e29
2c3e2a
2d3e2a
2e3e2b
2f3e2b
303e2c
313e2c
323e2d
333e2d
343e2e
353e2e
363e2f
373e2f
383e30
393e30
3a3e31
3b3e31
3c3e32
3d3e32
3e3e33
3f3e33
403e34
413e34
423e35
433e35
443e36
453e36
463e37
473e37
483e38
493e38
4a3e39
4b3e39
4c3e3a
4d3e3a
4e3e3b
4f3e3b
503e3c
513e3c
523e3d
533e3d
543e3e
553e3e
563e3f
573e3f
583e40
593e40
5a3e41
5b3e41
5c3e42
5d3e42
5e3e43
5f3e43
603e44
613e44
623e45
633e45
643e46
653e46
663e47
673e47
683e48
693e48
6a3e49
6b3e49
6c3e4a
6d3e4a
6e3e4b
6f3e4b
703e4c
713e4c
723e4d
733e4d
743e4e
753e4e
763e4f
773e4f
783e50
793e50
7a3e51
7b3e51
7c3e52
7d3e52
7e3e53
7f3e53
803e54
813e54
823e55
833e55
843e56
853e56
863e57
873e57
883e58
893e58
8a3e59
8b3e59
8c3e5a
8d3e5a
8e3e5b
8f3e5b
903e5c
913e5c
923e5d
933e5d
943e5e
953e5e
963e5f
973e5f
983e60
993e60
9a3e61
9b3e61
9c3e62
9d3e62
9e3e63
9f3e63
a03e64
a13e64
a23e65
a33e65
a43e66
a53e66
a63e67
a73e67
a83e68
a93e68
aa3e69
ab3e69
ac3e6a
ad3e6a
ae3e6b
af3e6b
b03e6c
b13e6c
b23e6d
b33e6d
b43e6e
b53e6e
b63e6f
b73e6f
b83e70
b93e70
ba3e71
bb3e71
bc3e72
bd3e72
be3e73
bf3e73
c03e74
c13e74
c23e75
c33e75
c43e76
c53e76
c63e77
c73e77
c83e78
c93e78
ca3e79
cb3e79
cc3e7a
cd3e7a
ce3e7b
cf3e7b
d03e7c
d13e7c
d23e7d
d33e7d
d43e7e
d53e7e
d63e7f
d73e7f
d83e80
d93e80
da3e81
db3e81
dc3e82
dd3e82
de3e83
df3e83
e03e84
e13e84
e23e85
e33e85
e43e86
e53e86
e63e87
e73e87
e83e88
e93e88
ea3e89
eb3e89
ec3e8a
ed3e8a
ee3e8b
ef3e8b
f03e8c
f13e8c
f23e8d
f33e8d
f43e8e
f53e8e
f63e8f
f73e8f
f83e90
f93e90
fa3e91
fb3e91
fc3e92
fd3e92
ee3e93
af3e93
503e94
113e94
023e95
033e95
043e96
053e96
063e97
073e97
083e98
093e98
0a3e99
0b3e99
0c3e9a
0d3e9a
0e3e9b
0f3e9b
103e9c
113e9c
123e9d
133e9d
143e9e
153e9e
163e9f
173e9f
183ea0
193ea0
1a3ea1
1b3ea1
1c3ea2
1d3ea2
1e3ea3
1f3ea3
203ea4
213ea4
223ea5
233ea5
243ea6
253ea6
263ea7
273ea7
283ea8
293ea8
2a3ea9
2b3ea9
2c3eaa
2d3eaa
2e3eab
2f3eab
303eac
313eac
323ead
333ead
343eae
353eae
363eaf
373eaf
383eb0
393eb0
3a3eb1
3b3eb1
3c3eb2
3d3eb2
000000
000000
000000
000000
023f15
033f15
043f16
053f16
063f17
073f17
083f18
093f18
0a3f19
0b3f19
0c3f1a
0d3f1a
0e3f1b
0f3f1b
103f1c
113f1c
123f1d
133f1d
143f1e
153f1e
163f1f
173f1f
183f20
193f20
1a3f21
1b3f21
1c3f22
1d3f22
1e3f23
1f3f23
203f24
213f24
223f25
233f25
243f26
253f26
263f27
273f27
283f28
293f28
2a3f29
2b3f29
2c3f2a
2d3f2a
2e3f2b
2f3f2b
303f2c
313f2c
323f2d
333f2d
343f2e
353f2e
363f2f
373f2f
383f30
393f30
3a3f31
3b3f31
3c3f32
3d3f32
3e3f33
3f3f33
403f34
413f34
423f35
433f35
443f36
453f36
463f37
473f37
483f38
493f38
4a3f39
4b3f39
4c3f3a
4d3f3a
4e3f3b
4f3f3b
503f3c
513f3c
523f3d
533f3d
543f3e
553f3e
563f3f
573f3f
583f40
593f40
5a3f41
5b3f41
5c3f42
5d3f42
5e3f43
5f3f43
603f44
613f44
623f45
633f45
643f46
653f46
663f47
673f47
683f48
693f48
6a3f49
6b3f49
6c3f4a
6d3f4a
6e3f4b
6f3f4b
703f4c
713f4c
723f4d
733f4d
743f4e
753f4e
763f4f
773f4f
783f50
793f50
7a3f51
7b3f51
7c3f52
7d3f52
7e3f53
7f3f53
803f54
813f54
823f55
833f55
843f56
853f56
863f57
873f57
883f58
893f58
8a3f59
8b3f59
8c3f5a
8d3f5a
8e3f5b
8f3f5b
903f5c
913f5c
923f5d
933f5d
943f5e
953f5e
963f5f
973f5f
983f60
993f60
9a3f61
9b3f61
9c3f62
9d3f62
9e3f63
9f3f63
a03f64
a13f64
a23f65
a33f65
a43f66
a53f66
a63f67
a73f67
a83f68
a93f68
aa3f69
ab3f69
ac3f6a
ad3f6a
ae3f6b
af3f6b
b03f6c
b13f6c
b23f6d
b33f6d
b43f6e
b53f6e
b63f6f
b73f6f
b83f70
b93f70
ba3f71
bb3f71
bc3f72
bd3f72
be3f73
bf3f73
c03f74
c13f74
c23f75
c33f75
c43f76
c53f76
c63f77
c73f77
c83f78
c93f78
ca3f79
cb3f79
cc3f7a
cd3f7a
ce3f7b
cf3f7b
d03f7c
d13f7c
d23f7d
d33f7d
d43f7e
d53f7e
d63f7f
d73f7f
d83f80
d93f80
da3f81
db3f81
dc3f82
dd3f82
de3f83
df3f83
e03f84
e13f84
e23f85
e33f85
e43f86
e53f86
e63f87
e73f87
e83f88
e93f88
ea3f89
eb3f89
ec3f8a
ed3f8a
ee3f8b
ef3f8b
f03f8c
f13f8c
f23f8d
f33f8d
f43f8e
f53f8e
f63f8f
f73f8f
f83f90
f93f90
fa3f91
fb3f91
fc3f92
fd3f92
ee3f93
af3f93
503f94
113f94
023f95
033f95
043f96
053f96
063f97
073f97
083f98
093f98
0a3f99
0b3f99
0c3f9a
0d3f9a
0e3f9b
0f3f9b
103f9c
113f9c
123f9d
133f9d
143f9e
153f9e
163f9f
173f9f
183fa0
193fa0
1a3fa1
1b3fa1
1c3fa2
1d3fa2
1e3fa3
1f3fa3
203fa4
213fa4
223fa5
233fa5
243fa6
253fa6
263fa7
273fa7
283fa8
293fa8
2a3fa9
2b3fa9
2c3faa
2d3faa
2e3fab
2f3fab
303fac
313fac
323fad
333fad
343fae
353fae
363faf
373faf
383fb0
393fb0
3a3fb1
3b3fb1
3c3fb2
3d3fb2
000000
000000
000000
000000
024015
034016
044016
054017
064017
074018
084018
094019
0a4019
0b401a
0c401a
0d401b
0e401b
0f401c
10401c
11401d
12401d
13401e
14401e
15401f
16401f
174020
184020
194021
1a4021
1b4022
1c4022
1d4023
1e4023
1f4024
204024
214025
224025
234026
244026
254027
264027
274028
284028
294029
2a4029
2b402a
2c402a
2d402b
2e402b
2f402c
30402c
31402d
32402d
33402e
34402e
35402f
36402f
374030
384030
394031
3a4031
3b4032
3c4032
3d4033
3e4033
3f4034
404034
414035
424035
434036
444036
454037
464037
474038
484038
494039
4a4039
4b403a
4c403a
4d403b
4e403b
4f403c
50403c
51403d
52403d
53403e
54403e
55403f
56403f
574040
584040
594041
5a4041
5b4042
5c4042
5d4043
5e4043
5f4044
604044
614045
624045
634046
644046
654047
664047
674048
684048
694049
6a4049
6b404a
6c404a
6d404b
6e404b
6f404c
70404c
71404d
72404d
73404e
74404e
75404f
76404f
774050
784050
794051
7a4051
7b4052
7c4052
7d4053
7e4053
7f4054
804054
814055
824055
834056
844056
854057
864057
874058
884058
894059
8a4059
8b405a
8c405a
8d405b
8e405b
8f405c
90405c
91405d
92405d
93405e
94405e
95405f
96405f
974060
984060
994061
9a4061
9b4062
9c4062
9d4063
9e4063
9f4064
a04064
a14065
a24065
a34066
a44066
a54067
a64067
a74068
a84068
a94069
aa4069
ab406a
ac406a
ad406b
ae406b
af406c
b0406c
b1406d
b2406d
b3406e
b4406e
b5406f
b6406f
b74070
b84070
b94071
ba4071
bb4072
bc4072
bd4073
be4073
bf4074
c04074
c14075
c24075
c34076
c44076
c54077
c64077
c74078
c84078
c94079
ca4079
cb407a
cc407a
cd407b
ce407b
cf407c
d0407c
d1407d
d2407d
d3407e
d4407e
d5407f
d6407f
d74080
d84080
d94081
da4081
db4082
dc4082
dd4083
de4083
df4084
e04084
e14085
e24085
e34086
e44086
e54087
e64087
e74088
e84088
e94089
ea4089
eb408a
ec408a
ed408b
ee408b
ef408c
f0408c
f1408d
f2408d
f3408e
f4408e
f5408f
f6408f
f74090
f84090
f94091
fa4091
fb4092
fc4092
fd4093
ee4093
af4094
504094
114095
024095
034096
044096
054097
064097
074098
084098
094099
0a4099
0b409a
0c409a
0d409b
0e409b
0f409c
10409c
11409d
12409d
13409e
14409e
15409f
16409f
1740a0
1840a0
1940a1
1a40a1
1b40a2
1c40a2
1d40a3
1e40a3
1f40a4
2040a4
2140a5
2240a5
2340a6
2440a6
2540a7
2640a7
2740a8
2840a8
2940a9
2a40a9
2b40aa
2c40aa
2d40ab
2e40ab
2f40ac
3040ac
3140ad
3240ad
3340ae
3440ae
3540af
3640af
3740b0
3840b0
3940b1
3a40b1
3b40b2
3c40b2
3d40b3
000000
000000
000000
000000
024116
034116
044117
054117
064118
074118
084119
094119
0a411a
0b411a
0c411b
0d411b
0e411c
0f411c
10411d
11411d
12411e
13411e
14411f
15411f
164120
174120
184121
194121
1a4122
1b4122
1c4123
1d4123
1e4124
1f4124
204125
214125
224126
234126
244127
254127
264128
274128
284129
294129
2a412a
2b412a
2c412b
2d412b
2e412c
2f412c
30412d
31412d
32412e
33412e
34412f
35412f
364130
374130
384131
394131
3a4132
3b4132
3c4133
3d4133
3e4134
3f4134
404135
414135
424136
434136
444137
454137
464138
474138
484139
494139
4a413a
4b413a
4c413b
4d413b
4e413c
4f413c
50413d
51413d
52413e
53413e
54413f
55413f
564140
574140
584141
594141
5a4142
5b4142
5c4143
5d4143
5e4144
5f4144
604145
614145
624146
634146
644147
654147
664148
674148
684149
694149
6a414a
6b414a
6c414b
6d414b
6e414c
6f414c
70414d
71414d
72414e
73414e
74414f
75414f
764150
774150
784151
794151
7a4152
7b4152
7c4153
7d4153
7e4154
7f4154
804155
814155
824156
834156
844157
854157
864158
874158
884159
894159
8a415a
8b415a
8c415b
8d415b
8e415c
8f415c
90415d
91415d
92415e
93415e
94415f
95415f
964160
974160
984161
994161
9a4162
9b4162
9c4163
9d4163
9e4164
9f4164
a04165
a14165
a24166
a34166
a44167
a54167
a64168
a74168
a84169
a94169
aa416a
ab416a
ac416b
ad416b
ae416c
af416c
b0416d
b1416d
b2416e
b3416e
b4416f
b5416f
b64170
b74170
b84171
b94171
ba4172
bb4172
bc4173
bd4173
be4174
bf4174
c04175
c14175
c24176
c34176
c44177
c54177
c64178
c74178
c84179
c94179
ca417a
cb417a
cc417b
cd417b
ce417c
cf417c
d0417d
d1417d
d2417e
d3417e
d4417f
d5417f
d64180
d74180
d84181
d94181
da4182
db4182
dc4183
dd4183
de4184
df4184
e04185
e14185
e24186
e34186
e44187
e54187
e64188
e74188
e84189
e94189
ea418a
eb418a
ec418b
ed418b
ee418c
ef418c
f0418d
f1418d
f2418e
f3418e
f4418f
f5418f
f64190
f74190
f84191
f94191
fa4192
fb4192
fc4193
fd4193
ee4194
af4194
504195
114195
024196
034196
044197
054197
064198
074198
084199
094199
0a419a
0b419a
0c419b
0d419b
0e419c
0f419c
10419d
11419d
12419e
13419e
14419f
15419f
1641a0
1741a0
1841a1
1941a1
1a41a2
1b41a2
1c41a3
1d41a3
1e41a4
1f41a4
2041a5
2141a5
2241a6
2341a6
2441a7
2541a7
2641a8
2741a8
2841a9
2941a9
2a41aa
2b41aa
2c41ab
2d41ab
2e41ac
2f41ac
3041ad
3141ad
3241ae
3341ae
3441af
3541af
3641b0
3741b0
3841b1
3941b1
3a41b2
3b41b2
3c41b3
3d41b3
000000
000000
000000
000000
024216
034216
044217
054217
064218
074218
084219
094219
0a421a
0b421a
0c421b
0d421b
0e421c
0f421c
10421d
11421d
12421e
13421e
14421f
15421f
164220
174220
184221
194221
1a4222
1b4222
1c4223
1d4223
1e4224
1f4224
204225
214225
224226
234226
244227
254227
264228
274228
284229
294229
2a422a
2b422a
2c422b
2d422b
2e422c
2f422c
30422d
31422d
32422e
33422e
34422f
35422f
364230
374230
384231
394231
3a4232
3b4232
3c4233
3d4233
3e4234
3f4234
404235
414235
424236
434236
444237
454237
464238
474238
484239
494239
4a423a
4b423a
4c423b
4d423b
4e423c
4f423c
50423d
51423d
52423e
53423e
54423f
55423f
564240
574240
584241
594241
5a4242
5b4242
5c4243
5d4243
5e4244
5f4244
604245
614245
624246
634246
644247
654247
664248
674248
684249
694249
6a424a
6b424a
6c424b
6d424b
6e424c
6f424c
70424d
71424d
72424e
73424e
74424f
75424f
764250
774250
784251
794251
7a4252
7b4252
7c4253
7d4253
7e4254
7f4254
804255
814255
824256
834256
844257
854257
864258
874258
884259
894259
8a425a
8b425a
8c425b
8d425b
8e425c
8f425c
90425d
91425d
92425e
93425e
94425f
95425f
964260
974260
984261
994261
9a4262
9b4262
9c4263
9d4263
9e4264
9f4264
a04265
a14265
a24266
a34266
a44267
a54267
a64268
a74268
a84269
a94269
aa426a
ab426a
ac426b
ad426b
ae426c
af426c
b0426d
b1426d
b2426e
b3426e
b4426f
b5426f
b64270
b74270
b84271
b94271
ba4272
bb4272
bc4273
bd4273
be4274
bf4274
c04275
c14275
c24276
c34276
c44277
c54277
c64278
c74278
c84279
c94279
ca427a
cb427a
cc427b
cd427b
ce427c
cf427c
d0427d
d1427d
d2427e
d3427e
d4427f
d5427f
d64280
d74280
d84281
d94281
da4282
db4282
dc4283
dd4283
de4284
df4284
e04285
e14285
e24286
e34286
e44287
e54287
e64288
e74288
e84289
e94289
ea428a
eb428a
ec428b
ed428b
ee428c
ef428c
f0428d
f1428d
f2428e
f3428e
f4428f
f5428f
f64290
f74290
f84291
f94291
fa4292
fb4292
fc4293
fd4293
ee4294
af4294
504295
114295
024296
034296
044297
054297
064298
074298
084299
094299
0a429a
0b429a
0c429b
0d429b
0e429c
0f429c
10429d
11429d
12429e
13429e
14429f
15429f
1642a0
1742a0
1842a1
1942a1
1a42a2
1b42a2
1c42a3
1d42a3
1e42a4
1f42a4
2042a5
2142a5
2242a6
2342a6
2442a7
2542a7
2642a8
2742a8
2842a9
2942a9
2a42aa
2b42aa
2c42ab
2d42ab
2e42ac
2f42ac
3042ad
3142ad
3242ae
3342ae
3442af
3542af
3642b0
3742b0
3842b1
3942b1
3a42b2
3b42b2
3c42b3
3d42b3
000000
000000
000000
000000
024316
034317
044317
054318
064318
074319
084319
09431a
0a431a
0b431b
0c431b
0d431c
0e431c
0f431d
10431d
11431e
12431e
13431f
14431f
154320
164320
174321
184321
194322
1a4322
1b4323
1c4323
1d4324
1e4324
1f4325
204325
214326
224326
234327
244327
254328
264328
274329
284329
29432a
2a432a
2b432b
2c432b
2d432c
2e432c
2f432d
30432d
31432e
32432e
33432f
34432f
354330
364330
374331
384331
394332
3a4332
3b4333
3c4333
3d4334
3e4334
3f4335
404335
414336
424336
434337
444337
454338
464338
474339
484339
49433a
4a433a
4b433b
4c433b
4d433c
4e433c
4f433d
50433d
51433e
52433e
53433f
54433f
554340
564340
574341
584341
594342
5a4342
5b4343
5c4343
5d4344
5e4344
5f4345
604345
614346
624346
634347
644347
654348
664348
674349
684349
69434a
6a434a
6b434b
6c434b
6d434c
6e434c
6f434d
70434d
71434e
72434e
73434f
74434f
754350
764350
774351
784351
794352
7a4352
7b4353
7c4353
7d4354
7e4354
7f4355
804355
814356
824356
834357
844357
854358
864358
874359
884359
89435a
8a435a
8b435b
8c435b
8d435c
8e435c
8f435d
90435d
91435e
92435e
93435f
94435f
954360
964360
974361
984361
994362
9a4362
9b4363
9c4363
9d4364
9e4364
9f4365
a04365
a14366
a24366
a34367
a44367
a54368
a64368
a74369
a84369
a9436a
aa436a
ab436b
ac436b
ad436c
ae436c
af436d
b0436d
b1436e
b2436e
b3436f
b4436f
b54370
b64370
b74371
b84371
b94372
ba4372
bb4373
bc4373
bd4374
be4374
bf4375
c04375
c14376
c24376
c34377
c44377
c54378
c64378
c74379
c84379
c9437a
ca437a
cb437b
cc437b
cd437c
ce437c
cf437d
d0437d
d1437e
d2437e
d3437f
d4437f
d54380
d64380
d74381
d84381
d94382
da4382
db4383
dc4383
dd4384
de4384
df4385
e04385
e14386
e24386
e34387
e44387
e54388
e64388
e74389
e84389
e9438a
ea438a
eb438b
ec438b
ed438c
ee438c
ef438d
f0438d
f1438e
f2438e
f3438f
f4438f
f54390
f64390
f74391
f84391
f94392
fa4392
fb4393
fc4393
fd4394
ee4394
af4395
504395
114396
024396
034397
044397
054398
064398
074399
084399
09439a
0a439a
0b439b
0c439b
0d439c
0e439c
0f439d
10439d
11439e
12439e
13439f
14439f
1543a0
1643a0
1743a1
1843a1
1943a2
1a43a2
1b43a3
1c43a3
1d43a4
1e43a4
1f43a5
2043a5
2143a6
2243a6
2343a7
2443a7
2543a8
2643a8
2743a9
2843a9
2943aa
2a43aa
2b43ab
2c43ab
2d43ac
2e43ac
2f43ad
3043ad
3143ae
3243ae
3343af
3443af
3543b0
3643b0
3743b1
3843b1
3943b2
3a43b2
3b43b3
3c43b3
3d43b4
000000
000000
000000
000000
024417
034417
044418
054418
064419
074419
08441a
09441a
0a441b
0b441b
0c441c
0d441c
0e441d
0f441d
10441e
11441e
12441f
13441f
144420
154420
164421
174421
184422
194422
1a4423
1b4423
1c4424
1d4424
1e4425
1f4425
204426
214426
224427
234427
244428
254428
264429
274429
28442a
29442a
2a442b
2b442b
2c442c
2d442c
2e442d
2f442d
30442e
31442e
32442f
33442f
344430
354430
364431
374431
384432
394432
3a4433
3b4433
3c4434
3d4434
3e4435
3f4435
404436
414436
424437
434437
444438
454438
464439
474439
48443a
49443a
4a443b
4b443b
4c443c
4d443c
4e443d
4f443d
50443e
51443e
52443f
53443f
544440
554440
564441
574441
584442
594442
5a4443
5b4443
5c4444
5d4444
5e4445
5f4445
604446
614446
624447
634447
644448
654448
664449
674449
68444a
69444a
6a444b
6b444b
6c444c
6d444c
6e444d
6f444d
70444e
71444e
72444f
73444f
744450
754450
764451
774451
784452
794452
7a4453
7b4453
7c4454
7d4454
7e4455
7f4455
804456
814456
824457
834457
844458
854458
864459
874459
88445a
89445a
8a445b
8b445b
8c445c
8d445c
8e445d
8f445d
90445e
91445e
92445f
93445f
944460
954460
964461
974461
984462
994462
9a4463
9b4463
9c4464
9d4464
9e4465
9f4465
a04466
a14466
a24467
a34467
a44468
a54468
a64469
a74469
a8446a
a9446a
aa446b
ab446b
ac446c
ad446c
ae446d
af446d
b0446e
b1446e
b2446f
b3446f
b44470
b54470
b64471
b74471
b84472
b94472
ba4473
bb4473
bc4474
bd4474
be4475
bf4475
c04476
c14476
c24477
c34477
c44478
c54478
c64479
c74479
c8447a
c9447a
ca447b
cb447b
cc447c
cd447c
ce447d
cf447d
d0447e
d1447e
d2447f
d3447f
d44480
d54480
d64481
d74481
d84482
d94482
da4483
db4483
dc4484
dd4484
de4485
df4485
e04486
e14486
e24487
e34487
e44488
e54488
e64489
e74489
e8448a
e9448a
ea448b
eb448b
ec448c
ed448c
ee448d
ef448d
f0448e
f1448e
f2448f
f3448f
f44490
f54490
f64491
f74491
f84492
f94492
fa4493
fb4493
fc4494
fd4494
ee4495
af4495
504496
114496
024497
034497
044498
054498
064499
074499
08449a
09449a
0a449b
0b449b
0c449c
0d449c
0e449d
0f449d
10449e
11449e
12449f
13449f
1444a0
1544a0
1644a1
1744a1
1844a2
1944a2
1a44a3
1b44a3
1c44a4
1d44a4
1e44a5
1f44a5
2044a6
2144a6
2244a7
2344a7
2444a8
2544a8
2644a9
2744a9
2844aa
2944aa
2a44ab
2b44ab
2c44ac
2d44ac
2e44ad
2f44ad
3044ae
3144ae
3244af
3344af
3444b0
3544b0
3644b1
3744b1
3844b2
3944b2
3a44b3
3b44b3
3c44b4
3d44b4
000000
000000
000000
000000
024517
034517
044518
054518
064519
074519
08451a
09451a
0a451b
0b451b
0c451c
0d451c
0e451d
0f451d
10451e
11451e
12451f
13451f
144520
154520
164521
174521
184522
194522
1a4523
1b4523
1c4524
1d4524
1e4525
1f4525
204526
214526
224527
234527
244528
254528
264529
274529
28452a
29452a
2a452b
2b452b
2c452c
2d452c
2e452d
2f452d
30452e
31452e
32452f
33452f
344530
354530
364531
374531
384532
394532
3a4533
3b4533
3c4534
3d4534
3e4535
3f4535
404536
414536
424537
434537
444538
454538
464539
474539
48453a
49453a
4a453b
4b453b
4c453c
4d453c
4e453d
4f453d
50453e
51453e
52453f
53453f
544540
554540
564541
574541
584542
594542
5a4543
5b4543
5c4544
5d4544
5e4545
5f4545
604546
614546
624547
634547
644548
654548
664549
674549
68454a
69454a
6a454b
6b454b
6c454c
6d454c
6e454d
6f454d
70454e
71454e
72454f
73454f
744550
754550
764551
774551
784552
794552
7a4553
7b4553
7c4554
7d4554
7e4555
7f4555
804556
814556
824557
834557
844558
854558
864559
874559
88455a
89455a
8a455b
8b455b
8c455c
8d455c
8e455d
8f455d
90455e
91455e
92455f
93455f
944560
954560
964561
974561
984562
994562
9a4563
9b4563
9c4564
9d4564
9e4565
9f4565
a04566
a14566
a24567
a34567
a44568
a54568
a64569
a74569
a8456a
a9456a
aa456b
ab456b
ac456c
ad456c
ae456d
af456d
b0456e
b1456e
b2456f
b3456f
b44570
b54570
b64571
b74571
b84572
b94572
ba4573
bb4573
bc4574
bd4574
be4575
bf4575
c04576
c14576
c24577
c34577
c44578
c54578
c64579
c74579
c8457a
c9457a
ca457b
cb457b
cc457c
cd457c
ce457d
cf457d
d0457e
d1457e
d2457f
d3457f
d44580
d54580
d64581
d74581
d84582
d94582
da4583
db4583
dc4584
dd4584
de4585
df4585
e04586
e14586
e24587
e34587
e44588
e54588
e64589
e74589
e8458a
e9458a
ea458b
eb458b
ec458c
ed458c
ee458d
ef458d
f0458e
f1458e
f2458f
f3458f
f44590
f54590
f64591
f74591
f84592
f94592
fa4593
fb4593
fc4594
fd4594
ee4595
af4595
504596
114596
024597
034597
044598
054598
064599
074599
08459a
09459a
0a459b
0b459b
0c459c
0d459c
0e459d
0f459d
10459e
11459e
12459f
13459f
1445a0
1545a0
1645a1
1745a1
1845a2
1945a2
1a45a3
1b45a3
1c45a4
1d45a4
1e45a5
1f45a5
2045a6
2145a6
2245a7
2345a7
2445a8
2545a8
2645a9
2745a9
2845aa
2945aa
2a45ab
2b45ab
2c45ac
2d45ac
2e45ad
2f45ad
3045ae
3145ae
3245af
3345af
3445b0
3545b0
3645b1
3745b1
3845b2
3945b2
3a45b3
3b45b3
3c45b4
3d45b4
000000
000000
000000
000000
024617
034618
044618
054619
064619
07461a
08461a
09461b
0a461b
0b461c
0c461c
0d461d
0e461d
0f461e
10461e
11461f
12461f
134620
144620
154621
164621
174622
184622
194623
1a4623
1b4624
1c4624
1d4625
1e4625
1f4626
204626
214627
224627
234628
244628
254629
264629
27462a
28462a
29462b
2a462b
2b462c
2c462c
2d462d
2e462d
2f462e
30462e
31462f
32462f
334630
344630
354631
364631
374632
384632
394633
3a4633
3b4634
3c4634
3d4635
3e4635
3f4636
404636
414637
424637
434638
444638
454639
464639
47463a
48463a
49463b
4a463b
4b463c
4c463c
4d463d
4e463d
4f463e
50463e
51463f
52463f
534640
544640
554641
564641
574642
584642
594643
5a4643
5b4644
5c4644
5d4645
5e4645
5f4646
604646
614647
624647
634648
644648
654649
664649
67464a
68464a
69464b
6a464b
6b464c
6c464c
6d464d
6e464d
6f464e
70464e
71464f
72464f
734650
744650
754651
764651
774652
784652
794653
7a4653
7b4654
7c4654
7d4655
7e4655
7f4656
804656
814657
824657
834658
844658
854659
864659
87465a
88465a
89465b
8a465b
8b465c
8c465c
8d465d
8e465d
8f465e
90465e
91465f
92465f
934660
944660
954661
964661
974662
984662
994663
9a4663
9b4664
9c4664
9d4665
9e4665
9f4666
a04666
a14667
a24667
a34668
a44668
a54669
a64669
a7466a
a8466a
a9466b
aa466b
ab466c
ac466c
ad466d
ae466d
af466e
b0466e
b1466f
b2466f
b34670
b44670
b54671
b64671
b74672
b84672
b94673
ba4673
bb4674
bc4674
bd4675
be4675
bf4676
c04676
c14677
c24677
c34678
c44678
c54679
c64679
c7467a
c8467a
c9467b
ca467b
cb467c
cc467c
cd467d
ce467d
cf467e
d0467e
d1467f
d2467f
d34680
d44680
d54681
d64681
d74682
d84682
d94683
da4683
db4684
dc4684
dd4685
de4685
df4686
e04686
e14687
e24687
e34688
e44688
e54689
e64689
e7468a
e8468a
e9468b
ea468b
eb468c
ec468c
ed468d
ee468d
ef468e
f0468e
f1468f
f2468f
f34690
f44690
f54691
f64691
f74692
f84692
f94693
fa4693
fb4694
fc4694
fd4695
ee4695
af4696
504696
114697
024697
034698
044698
054699
064699
07469a
08469a
09469b
0a469b
0b469c
0c469c
0d469d
0e469d
0f469e
10469e
11469f
12469f
1346a0
1446a0
1546a1
1646a1
1746a2
1846a2
1946a3
1a46a3
1b46a4
1c46a4
1d46a5
1e46a5
1f46a6
2046a6
2146a7
2246a7
2346a8
2446a8
2546a9
2646a9
2746aa
2846aa
2946ab
2a46ab
2b46ac
2c46ac
2d46ad
2e46ad
2f46ae
3046ae
3146af
3246af
3346b0
3446b0
3546b1
3646b1
3746b2
3846b2
3946b3
3a46b3
3b46b4
3c46b4
3d46b5
000000
000000
000000
000000
024718
034718
044719
054719
06471a
07471a
08471b
09471b
0a471c
0b471c
0c471d
0d471d
0e471e
0f471e
10471f
11471f
124720
134720
144721
154721
164722
174722
184723
194723
1a4724
1b4724
1c4725
1d4725
1e4726
1f4726
204727
214727
224728
234728
244729
254729
26472a
27472a
28472b
29472b
2a472c
2b472c
2c472d
2d472d
2e472e
2f472e
30472f
31472f
324730
334730
344731
354731
364732
374732
384733
394733
3a4734
3b4734
3c4735
3d4735
3e4736
3f4736
404737
414737
424738
434738
444739
454739
46473a
47473a
48473b
49473b
4a473c
4b473c
4c473d
4d473d
4e473e
4f473e
50473f
51473f
524740
534740
544741
554741
564742
574742
584743
594743
5a4744
5b4744
5c4745
5d4745
5e4746
5f4746
604747
614747
624748
634748
644749
654749
66474a
67474a
68474b
69474b
6a474c
6b474c
6c474d
6d474d
6e474e
6f474e
70474f
71474f
724750
734750
744751
754751
764752
774752
784753
794753
7a4754
7b4754
7c4755
7d4755
7e4756
7f4756
804757
814757
824758
834758
844759
854759
86475a
87475a
88475b
89475b
8a475c
8b475c
8c475d
8d475d
8e475e
8f475e
90475f
91475f
924760
934760
944761
954761
964762
974762
984763
994763
9a4764
9b4764
9c4765
9d4765
9e4766
9f4766
a04767
a14767
a24768
a34768
a44769
a54769
a6476a
a7476a
a8476b
a9476b
aa476c
ab476c
ac476d
ad476d
ae476e
af476e
b0476f
b1476f
b24770
b34770
b44771
b54771
b64772
b74772
b84773
b94773
ba4774
bb4774
bc4775
bd4775
be4776
bf4776
c04777
c14777
c24778
c34778
c44779
c54779
c6477a
c7477a
c8477b
c9477b
ca477c
cb477c
cc477d
cd477d
ce477e
cf477e
d0477f
d1477f
d24780
d34780
d44781
d54781
d64782
d74782
d84783
d94783
da4784
db4784
dc4785
dd4785
de4786
df4786
e04787
e14787
e24788
e34788
e44789
e54789
e6478a
e7478a
e8478b
e9478b
ea478c
eb478c
ec478d
ed478d
ee478e
ef478e
f0478f
f1478f
f24790
f34790
f44791
f54791
f64792
f74792
f84793
f94793
fa4794
fb4794
fc4795
fd4795
ee4796
af4796
504797
114797
024798
034798
044799
054799
06479a
07479a
08479b
09479b
0a479c
0b479c
0c479d
0d479d
0e479e
0f479e
10479f
11479f
1247a0
1347a0
1447a1
1547a1
1647a2
1747a2
1847a3
1947a3
1a47a4
1b47a4
1c47a5
1d47a5
1e47a6
1f47a6
2047a7
2147a7
2247a8
2347a8
2447a9
2547a9
2647aa
2747aa
2847ab
2947ab
2a47ac
2b47ac
2c47ad
2d47ad
2e47ae
2f47ae
3047af
3147af
3247b0
3347b0
3447b1
3547b1
3647b2
3747b2
3847b3
3947b3
3a47b4
3b47b4
3c47b5
3d47b5
000000
000000
000000
000000
024818
034818
044819
054819
06481a
07481a
08481b
09481b
0a481c
0b481c
0c481d
0d481d
0e481e
0f481e
10481f
11481f
124820
134820
144821
154821
164822
174822
184823
194823
1a4824
1b4824
1c4825
1d4825
1e4826
1f4826
204827
214827
224828
234828
244829
254829
26482a
27482a
28482b
29482b
2a482c
2b482c
2c482d
2d482d
2e482e
2f482e
30482f
31482f
324830
334830
344831
354831
364832
374832
384833
394833
3a4834
3b4834
3c4835
3d4835
3e4836
3f4836
404837
414837
424838
434838
444839
454839
46483a
47483a
48483b
49483b
4a483c
4b483c
4c483d
4d483d
4e483e
4f483e
50483f
51483f
524840
534840
544841
554841
564842
574842
584843
594843
5a4844
5b4844
5c4845
5d4845
5e4846
5f4846
604847
614847
624848
634848
644849
654849
66484a
67484a
68484b
69484b
6a484c
6b484c
6c484d
6d484d
6e484e
6f484e
70484f
71484f
724850
734850
744851
754851
764852
774852
784853
794853
7a4854
7b4854
7c4855
7d4855
7e4856
7f4856
804857
814857
824858
834858
844859
854859
86485a
87485a
88485b
89485b
8a485c
8b485c
8c485d
8d485d
8e485e
8f485e
90485f
91485f
924860
934860
944861
954861
964862
974862
984863
994863
9a4864
9b4864
9c4865
9d4865
9e4866
9f4866
a04867
a14867
a24868
a34868
a44869
a54869
a6486a
a7486a
a8486b
a9486b
aa486c
ab486c
ac486d
ad486d
ae486e
af486e
b0486f
b1486f
b24870
b34870
b44871
b54871
b64872
b74872
b84873
b94873
ba4874
bb4874
bc4875
bd4875
be4876
bf4876
c04877
c14877
c24878
c34878
c44879
c54879
c6487a
c7487a
c8487b
c9487b
ca487c
cb487c
cc487d
cd487d
ce487e
cf487e
d0487f
d1487f
d24880
d34880
d44881
d54881
d64882
d74882
d84883
d94883
da4884
db4884
dc4885
dd4885
de4886
df4886
e04887
e14887
e24888
e34888
e44889
e54889
e6488a
e7488a
e8488b
e9488b
ea488c
eb488c
ec488d
ed488d
ee488e
ef488e
f0488f
f1488f
f24890
f34890
f44891
f54891
f64892
f74892
f84893
f94893
fa4894
fb4894
fc4895
fd4895
ee4896
af4896
504897
114897
024898
034898
044899
054899
06489a
07489a
08489b
09489b
0a489c
0b489c
0c489d
0d489d
0e489e
0f489e
10489f
11489f
1248a0
1348a0
1448a1
1548a1
1648a2
1748a2
1848a3
1948a3
1a48a4
1b48a4
1c48a5
1d48a5
1e48a6
1f48a6
2048a7
2148a7
2248a8
2348a8
2448a9
2548a9
2648aa
2748aa
2848ab
2948ab
2a48ac
2b48ac
2c48ad
2d48ad
2e48ae
2f48ae
3048af
3148af
3248b0
3348b0
3448b1
3548b1
3648b2
3748b2
3848b3
3948b3
3a48b4
3b48b4
3c48b5
3d48b5
000000
000000
000000
000000
024918
034919
044919
05491a
06491a
07491b
08491b
09491c
0a491c
0b491d
0c491d
0d491e
0e491e
0f491f
10491f
114920
124920
134921
144921
154922
164922
174923
184923
194924
1a4924
1b4925
1c4925
1d4926
1e4926
1f4927
204927
214928
224928
234929
244929
25492a
26492a
27492b
28492b
29492c
2a492c
2b492d
2c492d
2d492e
2e492e
2f492f
30492f
314930
324930
334931
344931
354932
364932
374933
384933
394934
3a4934
3b4935
3c4935
3d4936
3e4936
3f4937
404937
414938
424938
434939
444939
45493a
46493a
47493b
48493b
49493c
4a493c
4b493d
4c493d
4d493e
4e493e
4f493f
50493f
514940
524940
534941
544941
554942
564942
574943
584943
594944
5a4944
5b4945
5c4945
5d4946
5e4946
5f4947
604947
614948
624948
634949
644949
65494a
66494a
67494b
68494b
69494c
6a494c
6b494d
6c494d
6d494e
6e494e
6f494f
70494f
714950
724950
734951
744951
754952
764952
774953
784953
794954
7a4954
7b4955
7c4955
7d4956
7e4956
7f4957
804957
814958
824958
834959
844959
85495a
86495a
87495b
88495b
89495c
8a495c
8b495d
8c495d
8d495e
8e495e
8f495f
90495f
914960
924960
934961
944961
954962
964962
974963
984963
994964
9a4964
9b4965
9c4965
9d4966
9e4966
9f4967
a04967
a14968
a24968
a34969
a44969
a5496a
a6496a
a7496b
a8496b
a9496c
aa496c
ab496d
ac496d
ad496e
ae496e
af496f
b0496f
b14970
b24970
b34971
b44971
b54972
b64972
b74973
b84973
b94974
ba4974
bb4975
bc4975
bd4976
be4976
bf4977
c04977
c14978
c24978
c34979
c44979
c5497a
c6497a
c7497b
c8497b
c9497c
ca497c
cb497d
cc497d
cd497e
ce497e
cf497f
d0497f
d14980
d24980
d34981
d44981
d54982
d64982
d74983
d84983
d94984
da4984
db4985
dc4985
dd4986
de4986
df4987
e04987
e14988
e24988
e34989
e44989
e5498a
e6498a
e7498b
e8498b
e9498c
ea498c
eb498d
ec498d
ed498e
ee498e
ef498f
f0498f
f14990
f24990
f34991
f44991
f54992
f64992
f74993
f84993
f94994
fa4994
fb4995
fc4995
fd4996
ee4996
af4997
504997
114998
024998
034999
044999
05499a
06499a
07499b
08499b
09499c
0a499c
0b499d
0c499d
0d499e
0e499e
0f499f
10499f
1149a0
1249a0
1349a1
1449a1
1549a2
1649a2
1749a3
1849a3
1949a4
1a49a4
1b49a5
1c49a5
1d49a6
1e49a6
1f49a7
2049a7
2149a8
2249a8
2349a9
2449a9
2549aa
2649aa
2749ab
2849ab
2949ac
2a49ac
2b49ad
2c49ad
2d49ae
2e49ae
2f49af
3049af
3149b0
3249b0
3349b1
3449b1
3549b2
3649b2
3749b3
3849b3
3949b4
3a49b4
3b49b5
3c49b5
3d49b6
000000
000000
000000
000000
024a19
034a19
044a1a
054a1a
064a1b
074a1b
084a1c
094a1c
0a4a1d
0b4a1d
0c4a1e
0d4a1e
0e4a1f
0f4a1f
104a20
114a20
124a21
134a21
144a22
154a22
164a23
174a23
184a24
194a24
1a4a25
1b4a25
1c4a26
1d4a26
1e4a27
1f4a27
204a28
214a28
224a29
234a29
244a2a
254a2a
264a2b
274a2b
284a2c
294a2c
2a4a2d
2b4a2d
2c4a2e
2d4a2e
2e4a2f
2f4a2f
304a30
314a30
324a31
334a31
344a32
354a32
364a33
374a33
384a34
394a34
3a4a35
3b4a35
3c4a36
3d4a36
3e4a37
3f4a37
404a38
414a38
424a39
434a39
444a3a
454a3a
464a3b
474a3b
484a3c
494a3c
4a4a3d
4b4a3d
4c4a3e
4d4a3e
4e4a3f
4f4a3f
504a40
514a40
524a41
534a41
544a42
554a42
564a43
574a43
584a44
594a44
5a4a45
5b4a45
5c4a46
5d4a46
5e4a47
5f4a47
604a48
614a48
624a49
634a49
644a4a
654a4a
664a4b
674a4b
684a4c
694a4c
6a4a4d
6b4a4d
6c4a4e
6d4a4e
6e4a4f
6f4a4f
704a50
714a50
724a51
734a51
744a52
754a52
764a53
774a53
784a54
794a54
7a4a55
7b4a55
7c4a56
7d4a56
7e4a57
7f4a57
804a58
814a58
824a59
834a59
844a5a
854a5a
864a5b
874a5b
884a5c
894a5c
8a4a5d
8b4a5d
8c4a5e
8d4a5e
8e4a5f
8f4a5f
904a60
914a60
924a61
934a61
944a62
954a62
964a63
974a63
984a64
994a64
9a4a65
9b4a65
9c4a66
9d4a66
9e4a67
9f4a67
a04a68
a14a68
a24a69
a34a69
a44a6a
a54a6a
a64a6b
a74a6b
a84a6c
a94a6c
aa4a6d
ab4a6d
ac4a6e
ad4a6e
ae4a6f
af4a6f
b04a70
b14a70
b24a71
b34a71
b44a72
b54a72
b64a73
b74a73
b84a74
b94a74
ba4a75
bb4a75
bc4a76
bd4a76
be4a77
bf4a77
c04a78
c14a78
c24a79
c34a79
c44a7a
c54a7a
c64a7b
c74a7b
c84a7c
c94a7c
ca4a7d
cb4a7d
cc4a7e
cd4a7e
ce4a7f
cf4a7f
d04a80
d14a80
d24a81
d34a81
d44a82
d54a82
d64a83
d74a83
d84a84
d94a84
da4a85
db4a85
dc4a86
dd4a86
de4a87
df4a87
e04a88
e14a88
e24a89
e34a89
e44a8a
e54a8a
e64a8b
e74a8b
e84a8c
e94a8c
ea4a8d
eb4a8d
ec4a8e
ed4a8e
ee4a8f
ef4a8f
f04a90
f14a90
f24a91
f34a91
f44a92
f54a92
f64a93
f74a93
f84a94
f94a94
fa4a95
fb4a95
fc4a96
fd4a96
ee4a97
af4a97
504a98
114a98
024a99
034a99
044a9a
054a9a
064a9b
074a9b
084a9c
094a9c
0a4a9d
0b4a9d
0c4a9e
0d4a9e
0e4a9f
0f4a9f
104aa0
114aa0
124aa1
134aa1
144aa2
154aa2
164aa3
174aa3
184aa4
194aa4
1a4aa5
1b4aa5
1c4aa6
1d4aa6
1e4aa7
1f4aa7
204aa8
214aa8
224aa9
234aa9
244aaa
254aaa
264aab
274aab
284aac
294aac
2a4aad
2b4aad
2c4aae
2d4aae
2e4aaf
2f4aaf
304ab0
314ab0
324ab1
334ab1
344ab2
354ab2
364ab3
374ab3
384ab4
394ab4
3a4ab5
3b4ab5
3c4ab6
3d4ab6
000000
000000
000000
000000
024b19
034b19
044b1a
054b1a
064b1b
074b1b
084b1c
094b1c
0a4b1d
0b4b1d
0c4b1e
0d4b1e
0e4b1f
0f4b1f
104b20
114b20
124b21
134b21
144b22
154b22
164b23
174b23
184b24
194b24
1a4b25
1b4b25
1c4b26
1d4b26
1e4b27
1f4b27
204b28
214b28
224b29
234b29
244b2a
254b2a
264b2b
274b2b
284b2c
294b2c
2a4b2d
2b4b2d
2c4b2e
2d4b2e
2e4b2f
2f4b2f
304b30
314b30
324b31
334b31
344b32
354b32
364b33
374b33
384b34
394b34
3a4b35
3b4b35
3c4b36
3d4b36
3e4b37
3f4b37
404b38
414b38
424b39
434b39
444b3a
454b3a
464b3b
474b3b
484b3c
494b3c
4a4b3d
4b4b3d
4c4b3e
4d4b3e
4e4b3f
4f4b3f
504b40
514b40
524b41
534b41
544b42
554b42
564b43
574b43
584b44
594b44
5a4b45
5b4b45
5c4b46
5d4b46
5e4b47
5f4b47
604b48
614b48
624b49
634b49
644b4a
654b4a
664b4b
674b4b
684b4c
694b4c
6a4b4d
6b4b4d
6c4b4e
6d4b4e
6e4b4f
6f4b4f
704b50
714b50
724b51
734b51
744b52
754b52
764b53
774b53
784b54
794b54
7a4b55
7b4b55
7c4b56
7d4b56
7e4b57
7f4b57
804b58
814b58
824b59
834b59
844b5a
854b5a
864b5b
874b5b
884b5c
894b5c
8a4b5d
8b4b5d
8c4b5e
8d4b5e
8e4b5f
8f4b5f
904b60
914b60
924b61
934b61
944b62
954b62
964b63
974b63
984b64
994b64
9a4b65
9b4b65
9c4b66
9d4b66
9e4b67
9f4b67
a04b68
a14b68
a24b69
a34b69
a44b6a
a54b6a
a64b6b
a74b6b
a84b6c
a94b6c
aa4b6d
ab4b6d
ac4b6e
ad4b6e
ae4b6f
af4b6f
b04b70
b14b70
b24b71
b34b71
b44b72
b54b72
b64b73
b74b73
b84b74
b94b74
ba4b75
bb4b75
bc4b76
bd4b76
be4b77
bf4b77
c04b78
c14b78
c24b79
c34b79
c44b7a
c54b7a
c64b7b
c74b7b
c84b7c
c94b7c
ca4b7d
cb4b7d
cc4b7e
cd4b7e
ce4b7f
cf4b7f
d04b80
d14b80
d24b81
d34b81
d44b82
d54b82
d64b83
d74b83
d84b84
d94b84
da4b85
db4b85
dc4b86
dd4b86
de4b87
df4b87
e04b88
e14b88
e24b89
e34b89
e44b8a
e54b8a
e64b8b
e74b8b
e84b8c
e94b8c
ea4b8d
eb4b8d
ec4b8e
ed4b8e
ee4b8f
ef4b8f
f04b90
f14b90
f24b91
f34b91
f44b92
f54b92
f64b93
f74b93
f84b94
f94b94
fa4b95
fb4b95
fc4b96
fd4b96
ee4b97
af4b97
504b98
114b98
024b99
034b99
044b9a
054b9a
064b9b
074b9b
084b9c
094b9c
0a4b9d
0b4b9d
0c4b9e
0d4b9e
0e4b9f
0f4b9f
104ba0
114ba0
124ba1
134ba1
144ba2
154ba2
164ba3
174ba3
184ba4
194ba4
1a4ba5
1b4ba5
1c4ba6
1d4ba6
1e4ba7
1f4ba7
204ba8
214ba8
224ba9
234ba9
244baa
254baa
264bab
274bab
284bac
294bac
2a4bad
2b4bad
2c4bae
2d4bae
2e4baf
2f4baf
304bb0
314bb0
324bb1
334bb1
344bb2
354bb2
364bb3
374bb3
384bb4
394bb4
3a4bb5
3b4bb5
3c4bb6
3d4bb6
000000
000000
000000
000000
024c19
034c1a
044c1a
054c1b
064c1b
074c1c
084c1c
094c1d
0a4c1d
0b4c1e
0c4c1e
0d4c1f
0e4c1f
0f4c20
104c20
114c21
124c21
134c22
144c22
154c23
164c23
174c24
184c24
194c25
1a4c25
1b4c26
1c4c26
1d4c27
1e4c27
1f4c28
204c28
214c29
224c29
234c2a
244c2a
254c2b
264c2b
274c2c
284c2c
294c2d
2a4c2d
2b4c2e
2c4c2e
2d4c2f
2e4c2f
2f4c30
304c30
314c31
324c31
334c32
344c32
354c33
364c33
374c34
384c34
394c35
3a4c35
3b4c36
3c4c36
3d4c37
3e4c37
3f4c38
404c38
414c39
424c39
434c3a
444c3a
454c3b
464c3b
474c3c
484c3c
494c3d
4a4c3d
4b4c3e
4c4c3e
4d4c3f
4e4c3f
4f4c40
504c40
514c41
524c41
534c42
544c42
554c43
564c43
574c44
584c44
594c45
5a4c45
5b4c46
5c4c46
5d4c47
5e4c47
5f4c48
604c48
614c49
624c49
634c4a
644c4a
654c4b
664c4b
674c4c
684c4c
694c4d
6a4c4d
6b4c4e
6c4c4e
6d4c4f
6e4c4f
6f4c50
704c50
714c51
724c51
734c52
744c52
754c53
764c53
774c54
784c54
794c55
7a4c55
7b4c56
7c4c56
7d4c57
7e4c57
7f4c58
804c58
814c59
824c59
834c5a
844c5a
854c5b
864c5b
874c5c
884c5c
894c5d
8a4c5d
8b4c5e
8c4c5e
8d4c5f
8e4c5f
8f4c60
904c60
914c61
924c61
934c62
944c62
954c63
964c63
974c64
984c64
994c65
9a4c65
9b4c66
9c4c66
9d4c67
9e4c67
9f4c68
a04c68
a14c69
a24c69
a34c6a
a44c6a
a54c6b
a64c6b
a74c6c
a84c6c
a94c6d
aa4c6d
ab4c6e
ac4c6e
ad4c6f
ae4c6f
af4c70
b04c70
b14c71
b24c71
b34c72
b44c72
b54c73
b64c73
b74c74
b84c74
b94c75
ba4c75
bb4c76
bc4c76
bd4c77
be4c77
bf4c78
c04c78
c14c79
c24c79
c34c7a
c44c7a
c54c7b
c64c7b
c74c7c
c84c7c
c94c7d
ca4c7d
cb4c7e
cc4c7e
cd4c7f
ce4c7f
cf4c80
d04c80
d14c81
d24c81
d34c82
d44c82
d54c83
d64c83
d74c84
d84c84
d94c85
da4c85
db4c86
dc4c86
dd4c87
de4c87
df4c88
e04c88
e14c89
e24c89
e34c8a
e44c8a
e54c8b
e64c8b
e74c8c
e84c8c
e94c8d
ea4c8d
eb4c8e
ec4c8e
ed4c8f
ee4c8f
ef4c90
f04c90
f14c91
f24c91
f34c92
f44c92
f54c93
f64c93
f74c94
f84c94
f94c95
fa4c95
fb4c96
fc4c96
fd4c97
ee4c97
af4c98
504c98
114c99
024c99
034c9a
044c9a
054c9b
064c9b
074c9c
084c9c
094c9d
0a4c9d
0b4c9e
0c4c9e
0d4c9f
0e4c9f
0f4ca0
104ca0
114ca1
124ca1
134ca2
144ca2
154ca3
164ca3
174ca4
184ca4
194ca5
1a4ca5
1b4ca6
1c4ca6
1d4ca7
1e4ca7
1f4ca8
204ca8
214ca9
224ca9
234caa
244caa
254cab
264cab
274cac
284cac
294cad
2a4cad
2b4cae
2c4cae
2d4caf
2e4caf
2f4cb0
304cb0
314cb1
324cb1
334cb2
344cb2
354cb3
364cb3
374cb4
384cb4
394cb5
3a4cb5
3b4cb6
3c4cb6
3d4cb7
000000
000000
000000
000000
024d1a
034d1a
044d1b
054d1b
064d1c
074d1c
084d1d
094d1d
0a4d1e
0b4d1e
0c4d1f
0d4d1f
0e4d20
0f4d20
104d21
114d21
124d22
134d22
144d23
154d23
164d24
174d24
184d25
194d25
1a4d26
1b4d26
1c4d27
1d4d27
1e4d28
1f4d28
204d29
214d29
224d2a
234d2a
244d2b
254d2b
264d2c
274d2c
284d2d
294d2d
2a4d2e
2b4d2e
2c4d2f
2d4d2f
2e4d30
2f4d30
304d31
314d31
324d32
334d32
344d33
354d33
364d34
374d34
384d35
394d35
3a4d36
3b4d36
3c4d37
3d4d37
3e4d38
3f4d38
404d39
414d39
424d3a
434d3a
444d3b
454d3b
464d3c
474d3c
484d3d
494d3d
4a4d3e
4b4d3e
4c4d3f
4d4d3f
4e4d40
4f4d40
504d41
514d41
524d42
534d42
544d43
554d43
564d44
574d44
584d45
594d45
5a4d46
5b4d46
5c4d47
5d4d47
5e4d48
5f4d48
604d49
614d49
624d4a
634d4a
644d4b
654d4b
664d4c
674d4c
684d4d
694d4d
6a4d4e
6b4d4e
6c4d4f
6d4d4f
6e4d50
6f4d50
704d51
714d51
724d52
734d52
744d53
754d53
764d54
774d54
784d55
794d55
7a4d56
7b4d56
7c4d57
7d4d57
7e4d58
7f4d58
804d59
814d59
824d5a
834d5a
844d5b
854d5b
864d5c
874d5c
884d5d
894d5d
8a4d5e
8b4d5e
8c4d5f
8d4d5f
8e4d60
8f4d60
904d61
914d61
924d62
934d62
944d63
954d63
964d64
974d64
984d65
994d65
9a4d66
9b4d66
9c4d67
9d4d67
9e4d68
9f4d68
a04d69
a14d69
a24d6a
a34d6a
a44d6b
a54d6b
a64d6c
a74d6c
a84d6d
a94d6d
aa4d6e
ab4d6e
ac4d6f
ad4d6f
ae4d70
af4d70
b04d71
b14d71
b24d72
b34d72
b44d73
b54d73
b64d74
b74d74
b84d75
b94d75
ba4d76
bb4d76
bc4d77
bd4d77
be4d78
bf4d78
c04d79
c14d79
c24d7a
c34d7a
c44d7b
c54d7b
c64d7c
c74d7c
c84d7d
c94d7d
ca4d7e
cb4d7e
cc4d7f
cd4d7f
ce4d80
cf4d80
d04d81
d14d81
d24d82
d34d82
d44d83
d54d83
d64d84
d74d84
d84d85
d94d85
da4d86
db4d86
dc4d87
dd4d87
de4d88
df4d88
e04d89
e14d89
e24d8a
e34d8a
e44d8b
e54d8b
e64d8c
e74d8c
e84d8d
e94d8d
ea4d8e
eb4d8e
ec4d8f
ed4d8f
ee4d90
ef4d90
f04d91
f14d91
f24d92
f34d92
f44d93
f54d93
f64d94
f74d94
f84d95
f94d95
fa4d96
fb4d96
fc4d97
fd4d97
ee4d98
af4d98
504d99
114d99
024d9a
034d9a
044d9b
054d9b
064d9c
074d9c
084d9d
094d9d
0a4d9e
0b4d9e
0c4d9f
0d4d9f
0e4da0
0f4da0
104da1
114da1
124da2
134da2
144da3
154da3
164da4
174da4
184da5
194da5
1a4da6
1b4da6
1c4da7
1d4da7
1e4da8
1f4da8
204da9
214da9
224daa
234daa
244dab
254dab
264dac
274dac
284dad
294dad
2a4dae
2b4dae
2c4daf
2d4daf
2e4db0
2f4db0
304db1
314db1
324db2
334db2
344db3
354db3
364db4
374db4
384db5
394db5
3a4db6
3b4db6
3c4db7
3d4db7
000000
000000
000000
000000
024e1a
034e1a
044e1b
054e1b
064e1c
074e1c
084e1d
094e1d
0a4e1e
0b4e1e
0c4e1f
0d4e1f
0e4e20
0f4e20
104e21
114e21
124e22
134e22
144e23
154e23
164e24
174e24
184e25
194e25
1a4e26
1b4e26
1c4e27
1d4e27
1e4e28
1f4e28
204e29
214e29
224e2a
234e2a
244e2b
254e2b
264e2c
274e2c
284e2d
294e2d
2a4e2e
2b4e2e
2c4e2f
2d4e2f
2e4e30
2f4e30
304e31
314e31
324e32
334e32
344e33
354e33
364e34
374e34
384e35
394e35
3a4e36
3b4e36
3c4e37
3d4e37
3e4e38
3f4e38
404e39
414e39
424e3a
434e3a
444e3b
454e3b
464e3c
474e3c
484e3d
494e3d
4a4e3e
4b4e3e
4c4e3f
4d4e3f
4e4e40
4f4e40
504e41
514e41
524e42
534e42
544e43
554e43
564e44
574e44
584e45
594e45
5a4e46
5b4e46
5c4e47
5d4e47
5e4e48
5f4e48
604e49
614e49
624e4a
634e4a
644e4b
654e4b
664e4c
674e4c
684e4d
694e4d
6a4e4e
6b4e4e
6c4e4f
6d4e4f
6e4e50
6f4e50
704e51
714e51
724e52
734e52
744e53
754e53
764e54
774e54
784e55
794e55
7a4e56
7b4e56
7c4e57
7d4e57
7e4e58
7f4e58
804e59
814e59
824e5a
834e5a
844e5b
854e5b
864e5c
874e5c
884e5d
894e5d
8a4e5e
8b4e5e
8c4e5f
8d4e5f
8e4e60
8f4e60
904e61
914e61
924e62
934e62
944e63
954e63
964e64
974e64
984e65
994e65
9a4e66
9b4e66
9c4e67
9d4e67
9e4e68
9f4e68
a04e69
a14e69
a24e6a
a34e6a
a44e6b
a54e6b
a64e6c
a74e6c
a84e6d
a94e6d
aa4e6e
ab4e6e
ac4e6f
ad4e6f
ae4e70
af4e70
b04e71
b14e71
b24e72
b34e72
b44e73
b54e73
b64e74
b74e74
b84e75
b94e75
ba4e76
bb4e76
bc4e77
bd4e77
be4e78
bf4e78
c04e79
c14e79
c24e7a
c34e7a
c44e7b
c54e7b
c64e7c
c74e7c
c84e7d
c94e7d
ca4e7e
cb4e7e
cc4e7f
cd4e7f
ce4e80
cf4e80
d04e81
d14e81
d24e82
d34e82
d44e83
d54e83
d64e84
d74e84
d84e85
d94e85
da4e86
db4e86
dc4e87
dd4e87
de4e88
df4e88
e04e89
e14e89
e24e8a
e34e8a
e44e8b
e54e8b
e64e8c
e74e8c
e84e8d
e94e8d
ea4e8e
eb4e8e
ec4e8f
ed4e8f
ee4e90
ef4e90
f04e91
f14e91
f24e92
f34e92
f44e93
f54e93
f64e94
f74e94
f84e95
f94e95
fa4e96
fb4e96
fc4e97
fd4e97
ee4e98
af4e98
504e99
114e99
024e9a
034e9a
044e9b
054e9b
064e9c
074e9c
084e9d
094e9d
0a4e9e
0b4e9e
0c4e9f
0d4e9f
0e4ea0
0f4ea0
104ea1
114ea1
124ea2
134ea2
144ea3
154ea3
164ea4
174ea4
184ea5
194ea5
1a4ea6
1b4ea6
1c4ea7
1d4ea7
1e4ea8
1f4ea8
204ea9
214ea9
224eaa
234eaa
244eab
254eab
264eac
274eac
284ead
294ead
2a4eae
2b4eae
2c4eaf
2d4eaf
2e4eb0
2f4eb0
304eb1
314eb1
324eb2
334eb2
344eb3
354eb3
364eb4
374eb4
384eb5
394eb5
3a4eb6
3b4eb6
3c4eb7
3d4eb7
000000
000000
000000
000000
024f1a
034f1b
044f1b
054f1c
064f1c
074f1d
084f1d
094f1e
0a4f1e
0b4f1f
0c4f1f
0d4f20
0e4f20
0f4f21
104f21
114f22
124f22
134f23
144f23
154f24
164f24
174f25
184f25
194f26
1a4f26
1b4f27
1c4f27
1d4f28
1e4f28
1f4f29
204f29
214f2a
224f2a
234f2b
244f2b
254f2c
264f2c
274f2d
284f2d
294f2e
2a4f2e
2b4f2f
2c4f2f
2d4f30
2e4f30
2f4f31
304f31
314f32
324f32
334f33
344f33
354f34
364f34
374f35
384f35
394f36
3a4f36
3b4f37
3c4f37
3d4f38
3e4f38
3f4f39
404f39
414f3a
424f3a
434f3b
444f3b
454f3c
464f3c
474f3d
484f3d
494f3e
4a4f3e
4b4f3f
4c4f3f
4d4f40
4e4f40
4f4f41
504f41
514f42
524f42
534f43
544f43
554f44
564f44
574f45
584f45
594f46
5a4f46
5b4f47
5c4f47
5d4f48
5e4f48
5f4f49
604f49
614f4a
624f4a
634f4b
644f4b
654f4c
664f4c
674f4d
684f4d
694f4e
6a4f4e
6b4f4f
6c4f4f
6d4f50
6e4f50
6f4f51
704f51
714f52
724f52
734f53
744f53
754f54
764f54
774f55
784f55
794f56
7a4f56
7b4f57
7c4f57
7d4f58
7e4f58
7f4f59
804f59
814f5a
824f5a
834f5b
844f5b
854f5c
864f5c
874f5d
884f5d
894f5e
8a4f5e
8b4f5f
8c4f5f
8d4f60
8e4f60
8f4f61
904f61
914f62
924f62
934f63
944f63
954f64
964f64
974f65
984f65
994f66
9a4f66
9b4f67
9c4f67
9d4f68
9e4f68
9f4f69
a04f69
a14f6a
a24f6a
a34f6b
a44f6b
a54f6c
a64f6c
a74f6d
a84f6d
a94f6e
aa4f6e
ab4f6f
ac4f6f
ad4f70
ae4f70
af4f71
b04f71
b14f72
b24f72
b34f73
b44f73
b54f74
b64f74
b74f75
b84f75
b94f76
ba4f76
bb4f77
bc4f77
bd4f78
be4f78
bf4f79
c04f79
c14f7a
c24f7a
c34f7b
c44f7b
c54f7c
c64f7c
c74f7d
c84f7d
c94f7e
ca4f7e
cb4f7f
cc4f7f
cd4f80
ce4f80
cf4f81
d04f81
d14f82
d24f82
d34f83
d44f83
d54f84
d64f84
d74f85
d84f85
d94f86
da4f86
db4f87
dc4f87
dd4f88
de4f88
df4f89
e04f89
e14f8a
e24f8a
e34f8b
e44f8b
e54f8c
e64f8c
e74f8d
e84f8d
e94f8e
ea4f8e
eb4f8f
ec4f8f
ed4f90
ee4f90
ef4f91
f04f91
f14f92
f24f92
f34f93
f44f93
f54f94
f64f94
f74f95
f84f95
f94f96
fa4f96
fb4f97
fc4f97
fd4f98
ee4f98
af4f99
504f99
114f9a
024f9a
034f9b
044f9b
054f9c
064f9c
074f9d
084f9d
094f9e
0a4f9e
0b4f9f
0c4f9f
0d4fa0
0e4fa0
0f4fa1
104fa1
114fa2
124fa2
134fa3
144fa3
154fa4
164fa4
174fa5
184fa5
194fa6
1a4fa6
1b4fa7
1c4fa7
1d4fa8
1e4fa8
1f4fa9
204fa9
214faa
224faa
234fab
244fab
254fac
264fac
274fad
284fad
294fae
2a4fae
2b4faf
2c4faf
2d4fb0
2e4fb0
2f4fb1
304fb1
314fb2
324fb2
334fb3
344fb3
354fb4
364fb4
374fb5
384fb5
394fb6
3a4fb6
3b4fb7
3c4fb7
3d4fb8
000000
000000
000000
000000
02501b
03501b
04501c
05501c
06501d
07501d
08501e
09501e
0a501f
0b501f
0c5020
0d5020
0e5021
0f5021
105022
115022
125023
135023
145024
155024
165025
175025
185026
195026
1a5027
1b5027
1c5028
1d5028
1e5029
1f5029
20502a
21502a
22502b
23502b
24502c
25502c
26502d
27502d
28502e
29502e
2a502f
2b502f
2c5030
2d5030
2e5031
2f5031
305032
315032
325033
335033
345034
355034
365035
375035
385036
395036
3a5037
3b5037
3c5038
3d5038
3e5039
3f5039
40503a
41503a
42503b
43503b
44503c
45503c
46503d
47503d
48503e
49503e
4a503f
4b503f
4c5040
4d5040
4e5041
4f5041
505042
515042
525043
535043
545044
555044
565045
575045
585046
595046
5a5047
5b5047
5c5048
5d5048
5e5049
5f5049
60504a
61504a
62504b
63504b
64504c
65504c
66504d
67504d
68504e
69504e
6a504f
6b504f
6c5050
6d5050
6e5051
6f5051
705052
715052
725053
735053
745054
755054
765055
775055
785056
795056
7a5057
7b5057
7c5058
7d5058
7e5059
7f5059
80505a
81505a
82505b
83505b
84505c
85505c
86505d
87505d
88505e
89505e
8a505f
8b505f
8c5060
8d5060
8e5061
8f5061
905062
915062
925063
935063
945064
955064
965065
975065
985066
995066
9a5067
9b5067
9c5068
9d5068
9e5069
9f5069
a0506a
a1506a
a2506b
a3506b
a4506c
a5506c
a6506d
a7506d
a8506e
a9506e
aa506f
ab506f
ac5070
ad5070
ae5071
af5071
b05072
b15072
b25073
b35073
b45074
b55074
b65075
b75075
b85076
b95076
ba5077
bb5077
bc5078
bd5078
be5079
bf5079
c0507a
c1507a
c2507b
c3507b
c4507c
c5507c
c6507d
c7507d
c8507e
c9507e
ca507f
cb507f
cc5080
cd5080
ce5081
cf5081
d05082
d15082
d25083
d35083
d45084
d55084
d65085
d75085
d85086
d95086
da5087
db5087
dc5088
dd5088
de5089
df5089
e0508a
e1508a
e2508b
e3508b
e4508c
e5508c
e6508d
e7508d
e8508e
e9508e
ea508f
eb508f
ec5090
ed5090
ee5091
ef5091
f05092
f15092
f25093
f35093
f45094
f55094
f65095
f75095
f85096
f95096
fa5097
fb5097
fc5098
fd5098
ee5099
af5099
50509a
11509a
02509b
03509b
04509c
05509c
06509d
07509d
08509e
09509e
0a509f
0b509f
0c50a0
0d50a0
0e50a1
0f50a1
1050a2
1150a2
1250a3
1350a3
1450a4
1550a4
1650a5
1750a5
1850a6
1950a6
1a50a7
1b50a7
1c50a8
1d50a8
1e50a9
1f50a9
2050aa
2150aa
2250ab
2350ab
2450ac
2550ac
2650ad
2750ad
2850ae
2950ae
2a50af
2b50af
2c50b0
2d50b0
2e50b1
2f50b1
3050b2
3150b2
3250b3
3350b3
3450b4
3550b4
3650b5
3750b5
3850b6
3950b6
3a50b7
3b50b7
3c50b8
3d50b8
000000
000000
000000
000000
02511b
03511b
04511c
05511c
06511d
07511d
08511e
09511e
0a511f
0b511f
0c5120
0d5120
0e5121
0f5121
105122
115122
125123
135123
145124
155124
165125
175125
185126
195126
1a5127
1b5127
1c5128
1d5128
1e5129
1f5129
20512a
21512a
22512b
23512b
24512c
25512c
26512d
27512d
28512e
29512e
2a512f
2b512f
2c5130
2d5130
2e5131
2f5131
305132
315132
325133
335133
345134
355134
365135
375135
385136
395136
3a5137
3b5137
3c5138
3d5138
3e5139
3f5139
40513a
41513a
42513b
43513b
44513c
45513c
46513d
47513d
48513e
49513e
4a513f
4b513f
4c5140
4d5140
4e5141
4f5141
505142
515142
525143
535143
545144
555144
565145
575145
585146
595146
5a5147
5b5147
5c5148
5d5148
5e5149
5f5149
60514a
61514a
62514b
63514b
64514c
65514c
66514d
67514d
68514e
69514e
6a514f
6b514f
6c5150
6d5150
6e5151
6f5151
705152
715152
725153
735153
745154
755154
765155
775155
785156
795156
7a5157
7b5157
7c5158
7d5158
7e5159
7f5159
80515a
81515a
82515b
83515b
84515c
85515c
86515d
87515d
88515e
89515e
8a515f
8b515f
8c5160
8d5160
8e5161
8f5161
905162
915162
925163
935163
945164
955164
965165
975165
985166
995166
9a5167
9b5167
9c5168
9d5168
9e5169
9f5169
a0516a
a1516a
a2516b
a3516b
a4516c
a5516c
a6516d
a7516d
a8516e
a9516e
aa516f
ab516f
ac5170
ad5170
ae5171
af5171
b05172
b15172
b25173
b35173
b45174
b55174
b65175
b75175
b85176
b95176
ba5177
bb5177
bc5178
bd5178
be5179
bf5179
c0517a
c1517a
c2517b
c3517b
c4517c
c5517c
c6517d
c7517d
c8517e
c9517e
ca517f
cb517f
cc5180
cd5180
ce5181
cf5181
d05182
d15182
d25183
d35183
d45184
d55184
d65185
d75185
d85186
d95186
da5187
db5187
dc5188
dd5188
de5189
df5189
e0518a
e1518a
e2518b
e3518b
e4518c
e5518c
e6518d
e7518d
e8518e
e9518e
ea518f
eb518f
ec5190
ed5190
ee5191
ef5191
f05192
f15192
f25193
f35193
f45194
f55194
f65195
f75195
f85196
f95196
fa5197
fb5197
fc5198
fd5198
ee5199
af5199
50519a
11519a
02519b
03519b
04519c
05519c
06519d
07519d
08519e
09519e
0a519f
0b519f
0c51a0
0d51a0
0e51a1
0f51a1
1051a2
1151a2
1251a3
1351a3
1451a4
1551a4
1651a5
1751a5
1851a6
1951a6
1a51a7
1b51a7
1c51a8
1d51a8
1e51a9
1f51a9
2051aa
2151aa
2251ab
2351ab
2451ac
2551ac
2651ad
2751ad
2851ae
2951ae
2a51af
2b51af
2c51b0
2d51b0
2e51b1
2f51b1
3051b2
3151b2
3251b3
3351b3
3451b4
3551b4
3651b5
3751b5
3851b6
3951b6
3a51b7
3b51b7
3c51b8
3d51b8
000000
000000
000000
000000
02521b
03521c
04521c
05521d
06521d
07521e
08521e
09521f
0a521f
0b5220
0c5220
0d5221
0e5221
0f5222
105222
115223
125223
135224
145224
155225
165225
175226
185226
195227
1a5227
1b5228
1c5228
1d5229
1e5229
1f522a
20522a
21522b
22522b
23522c
24522c
25522d
26522d
27522e
28522e
29522f
2a522f
2b5230
2c5230
2d5231
2e5231
2f5232
305232
315233
325233
335234
345234
355235
365235
375236
385236
395237
3a5237
3b5238
3c5238
3d5239
3e5239
3f523a
40523a
41523b
42523b
43523c
44523c
45523d
46523d
47523e
48523e
49523f
4a523f
4b5240
4c5240
4d5241
4e5241
4f5242
505242
515243
525243
535244
545244
555245
565245
575246
585246
595247
5a5247
5b5248
5c5248
5d5249
5e5249
5f524a
60524a
61524b
62524b
63524c
64524c
65524d
66524d
67524e
68524e
69524f
6a524f
6b5250
6c5250
6d5251
6e5251
6f5252
705252
715253
725253
735254
745254
755255
765255
775256
785256
795257
7a5257
7b5258
7c5258
7d5259
7e5259
7f525a
80525a
81525b
82525b
83525c
84525c
85525d
86525d
87525e
88525e
89525f
8a525f
8b5260
8c5260
8d5261
8e5261
8f5262
905262
915263
925263
935264
945264
955265
965265
975266
985266
995267
9a5267
9b5268
9c5268
9d5269
9e5269
9f526a
a0526a
a1526b
a2526b
a3526c
a4526c
a5526d
a6526d
a7526e
a8526e
a9526f
aa526f
ab5270
ac5270
ad5271
ae5271
af5272
b05272
b15273
b25273
b35274
b45274
b55275
b65275
b75276
b85276
b95277
ba5277
bb5278
bc5278
bd5279
be5279
bf527a
c0527a
c1527b
c2527b
c3527c
c4527c
c5527d
c6527d
c7527e
c8527e
c9527f
ca527f
cb5280
cc5280
cd5281
ce5281
cf5282
d05282
d15283
d25283
d35284
d45284
d55285
d65285
d75286
d85286
d95287
da5287
db5288
dc5288
dd5289
de5289
df528a
e0528a
e1528b
e2528b
e3528c
e4528c
e5528d
e6528d
e7528e
e8528e
e9528f
ea528f
eb5290
ec5290
ed5291
ee5291
ef5292
f05292
f15293
f25293
f35294
f45294
f55295
f65295
f75296
f85296
f95297
fa5297
fb5298
fc5298
fd5299
ee5299
af529a
50529a
11529b
02529b
03529c
04529c
05529d
06529d
07529e
08529e
09529f
0a529f
0b52a0
0c52a0
0d52a1
0e52a1
0f52a2
1052a2
1152a3
1252a3
1352a4
1452a4
1552a5
1652a5
1752a6
1852a6
1952a7
1a52a7
1b52a8
1c52a8
1d52a9
1e52a9
1f52aa
2052aa
2152ab
2252ab
2352ac
2452ac
2552ad
2652ad
2752ae
2852ae
2952af
2a52af
2b52b0
2c52b0
2d52b1
2e52b1
2f52b2
3052b2
3152b3
3252b3
3352b4
3452b4
3552b5
3652b5
3752b6
3852b6
3952b7
3a52b7
3b52b8
3c52b8
3d52b9
000000
000000
000000
000000
02531c
03531c
04531d
05531d
06531e
07531e
08531f
09531f
0a5320
0b5320
0c5321
0d5321
0e5322
0f5322
105323
115323
125324
135324
145325
155325
165326
175326
185327
195327
1a5328
1b5328
1c5329
1d5329
1e532a
1f532a
20532b
21532b
22532c
23532c
24532d
25532d
26532e
27532e
28532f
29532f
2a5330
2b5330
2c5331
2d5331
2e5332
2f5332
305333
315333
325334
335334
345335
355335
365336
375336
385337
395337
3a5338
3b5338
3c5339
3d5339
3e533a
3f533a
40533b
41533b
42533c
43533c
44533d
45533d
46533e
47533e
48533f
49533f
4a5340
4b5340
4c5341
4d5341
4e5342
4f5342
505343
515343
525344
535344
545345
555345
565346
575346
585347
595347
5a5348
5b5348
5c5349
5d5349
5e534a
5f534a
60534b
61534b
62534c
63534c
64534d
65534d
66534e
67534e
68534f
69534f
6a5350
6b5350
6c5351
6d5351
6e5352
6f5352
705353
715353
725354
735354
745355
755355
765356
775356
785357
795357
7a5358
7b5358
7c5359
7d5359
7e535a
7f535a
80535b
81535b
82535c
83535c
84535d
85535d
86535e
87535e
88535f
89535f
8a5360
8b5360
8c5361
8d5361
8e5362
8f5362
905363
915363
925364
935364
945365
955365
965366
975366
985367
995367
9a5368
9b5368
9c5369
9d5369
9e536a
9f536a
a0536b
a1536b
a2536c
a3536c
a4536d
a5536d
a6536e
a7536e
a8536f
a9536f
aa5370
ab5370
ac5371
ad5371
ae5372
af5372
b05373
b15373
b25374
b35374
b45375
b55375
b65376
b75376
b85377
b95377
ba5378
bb5378
bc5379
bd5379
be537a
bf537a
c0537b
c1537b
c2537c
c3537c
c4537d
c5537d
c6537e
c7537e
c8537f
c9537f
ca5380
cb5380
cc5381
cd5381
ce5382
cf5382
d05383
d15383
d25384
d35384
d45385
d55385
d65386
d75386
d85387
d95387
da5388
db5388
dc5389
dd5389
de538a
df538a
e0538b
e1538b
e2538c
e3538c
e4538d
e5538d
e6538e
e7538e
e8538f
e9538f
ea5390
eb5390
ec5391
ed5391
ee5392
ef5392
f05393
f15393
f25394
f35394
f45395
f55395
f65396
f75396
f85397
f95397
fa5398
fb5398
fc5399
fd5399
ee539a
af539a
50539b
11539b
02539c
03539c
04539d
05539d
06539e
07539e
08539f
09539f
0a53a0
0b53a0
0c53a1
0d53a1
0e53a2
0f53a2
1053a3
1153a3
1253a4
1353a4
1453a5
1553a5
1653a6
1753a6
1853a7
1953a7
1a53a8
1b53a8
1c53a9
1d53a9
1e53aa
1f53aa
2053ab
2153ab
2253ac
2353ac
2453ad
2553ad
2653ae
2753ae
2853af
2953af
2a53b0
2b53b0
2c53b1
2d53b1
2e53b2
2f53b2
3053b3
3153b3
3253b4
3353b4
3453b5
3553b5
3653b6
3753b6
3853b7
3953b7
3a53b8
3b53b8
3c53b9
3d53b9
000000
000000
000000
000000
02541c
03541c
04541d
05541d
06541e
07541e
08541f
09541f
0a5420
0b5420
0c5421
0d5421
0e5422
0f5422
105423
115423
125424
135424
145425
155425
165426
175426
185427
195427
1a5428
1b5428
1c5429
1d5429
1e542a
1f542a
20542b
21542b
22542c
23542c
24542d
25542d
26542e
27542e
28542f
29542f
2a5430
2b5430
2c5431
2d5431
2e5432
2f5432
305433
315433
325434
335434
345435
355435
365436
375436
385437
395437
3a5438
3b5438
3c5439
3d5439
3e543a
3f543a
40543b
41543b
42543c
43543c
44543d
45543d
46543e
47543e
48543f
49543f
4a5440
4b5440
4c5441
4d5441
4e5442
4f5442
505443
515443
525444
535444
545445
555445
565446
575446
585447
595447
5a5448
5b5448
5c5449
5d5449
5e544a
5f544a
60544b
61544b
62544c
63544c
64544d
65544d
66544e
67544e
68544f
69544f
6a5450
6b5450
6c5451
6d5451
6e5452
6f5452
705453
715453
725454
735454
745455
755455
765456
775456
785457
795457
7a5458
7b5458
7c5459
7d5459
7e545a
7f545a
80545b
81545b
82545c
83545c
84545d
85545d
86545e
87545e
88545f
89545f
8a5460
8b5460
8c5461
8d5461
8e5462
8f5462
905463
915463
925464
935464
945465
955465
965466
975466
985467
995467
9a5468
9b5468
9c5469
9d5469
9e546a
9f546a
a0546b
a1546b
a2546c
a3546c
a4546d
a5546d
a6546e
a7546e
a8546f
a9546f
aa5470
ab5470
ac5471
ad5471
ae5472
af5472
b05473
b15473
b25474
b35474
b45475
b55475
b65476
b75476
b85477
b95477
ba5478
bb5478
bc5479
bd5479
be547a
bf547a
c0547b
c1547b
c2547c
c3547c
c4547d
c5547d
c6547e
c7547e
c8547f
c9547f
ca5480
cb5480
cc5481
cd5481
ce5482
cf5482
d05483
d15483
d25484
d35484
d45485
d55485
d65486
d75486
d85487
d95487
da5488
db5488
dc5489
dd5489
de548a
df548a
e0548b
e1548b
e2548c
e3548c
e4548d
e5548d
e6548e
e7548e
e8548f
e9548f
ea5490
eb5490
ec5491
ed5491
ee5492
ef5492
f05493
f15493
f25494
f35494
f45495
f55495
f65496
f75496
f85497
f95497
fa5498
fb5498
fc5499
fd5499
ee549a
af549a
50549b
11549b
02549c
03549c
04549d
05549d
06549e
07549e
08549f
09549f
0a54a0
0b54a0
0c54a1
0d54a1
0e54a2
0f54a2
1054a3
1154a3
1254a4
1354a4
1454a5
1554a5
1654a6
1754a6
1854a7
1954a7
1a54a8
1b54a8
1c54a9
1d54a9
1e54aa
1f54aa
2054ab
2154ab
2254ac
2354ac
2454ad
2554ad
2654ae
2754ae
2854af
2954af
2a54b0
2b54b0
2c54b1
2d54b1
2e54b2
2f54b2
3054b3
3154b3
3254b4
3354b4
3454b5
3554b5
3654b6
3754b6
3854b7
3954b7
3a54b8
3b54b8
3c54b9
3d54b9
000000
000000
000000
000000
02551c
03551d
04551d
05551e
06551e
07551f
08551f
095520
0a5520
0b5521
0c5521
0d5522
0e5522
0f5523
105523
115524
125524
135525
145525
155526
165526
175527
185527
195528
1a5528
1b5529
1c5529
1d552a
1e552a
1f552b
20552b
21552c
22552c
23552d
24552d
25552e
26552e
27552f
28552f
295530
2a5530
2b5531
2c5531
2d5532
2e5532
2f5533
305533
315534
325534
335535
345535
355536
365536
375537
385537
395538
3a5538
3b5539
3c5539
3d553a
3e553a
3f553b
40553b
41553c
42553c
43553d
44553d
45553e
46553e
47553f
48553f
495540
4a5540
4b5541
4c5541
4d5542
4e5542
4f5543
505543
515544
525544
535545
545545
555546
565546
575547
585547
595548
5a5548
5b5549
5c5549
5d554a
5e554a
5f554b
60554b
61554c
62554c
63554d
64554d
65554e
66554e
67554f
68554f
695550
6a5550
6b5551
6c5551
6d5552
6e5552
6f5553
705553
715554
725554
735555
745555
755556
765556
775557
785557
795558
7a5558
7b5559
7c5559
7d555a
7e555a
7f555b
80555b
81555c
82555c
83555d
84555d
85555e
86555e
87555f
88555f
895560
8a5560
8b5561
8c5561
8d5562
8e5562
8f5563
905563
915564
925564
935565
945565
955566
965566
975567
985567
995568
9a5568
9b5569
9c5569
9d556a
9e556a
9f556b
a0556b
a1556c
a2556c
a3556d
a4556d
a5556e
a6556e
a7556f
a8556f
a95570
aa5570
ab5571
ac5571
ad5572
ae5572
af5573
b05573
b15574
b25574
b35575
b45575
b55576
b65576
b75577
b85577
b95578
ba5578
bb5579
bc5579
bd557a
be557a
bf557b
c0557b
c1557c
c2557c
c3557d
c4557d
c5557e
c6557e
c7557f
c8557f
c95580
ca5580
cb5581
cc5581
cd5582
ce5582
cf5583
d05583
d15584
d25584
d35585
d45585
d55586
d65586
d75587
d85587
d95588
da5588
db5589
dc5589
dd558a
de558a
df558b
e0558b
e1558c
e2558c
e3558d
e4558d
e5558e
e6558e
e7558f
e8558f
e95590
ea5590
eb5591
ec5591
ed5592
ee5592
ef5593
f05593
f15594
f25594
f35595
f45595
f55596
f65596
f75597
f85597
f95598
fa5598
fb5599
fc5599
fd559a
ee559a
af559b
50559b
11559c
02559c
03559d
04559d
05559e
06559e
07559f
08559f
0955a0
0a55a0
0b55a1
0c55a1
0d55a2
0e55a2
0f55a3
1055a3
1155a4
1255a4
1355a5
1455a5
1555a6
1655a6
1755a7
1855a7
1955a8
1a55a8
1b55a9
1c55a9
1d55aa
1e55aa
1f55ab
2055ab
2155ac
2255ac
2355ad
2455ad
2555ae
2655ae
2755af
2855af
2955b0
2a55b0
2b55b1
2c55b1
2d55b2
2e55b2
2f55b3
3055b3
3155b4
3255b4
3355b5
3455b5
3555b6
3655b6
3755b7
3855b7
3955b8
3a55b8
3b55b9
3c55b9
3d55ba
000000
000000
000000
000000
02561d
03561d
04561e
05561e
06561f
07561f
085620
095620
0a5621
0b5621
0c5622
0d5622
0e5623
0f5623
105624
115624
125625
135625
145626
155626
165627
175627
185628
195628
1a5629
1b5629
1c562a
1d562a
1e562b
1f562b
20562c
21562c
22562d
23562d
24562e
25562e
26562f
27562f
285630
295630
2a5631
2b5631
2c5632
2d5632
2e5633
2f5633
305634
315634
325635
335635
345636
355636
365637
375637
385638
395638
3a5639
3b5639
3c563a
3d563a
3e563b
3f563b
40563c
41563c
42563d
43563d
44563e
45563e
46563f
47563f
485640
495640
4a5641
4b5641
4c5642
4d5642
4e5643
4f5643
505644
515644
525645
535645
545646
555646
565647
575647
585648
595648
5a5649
5b5649
5c564a
5d564a
5e564b
5f564b
60564c
61564c
62564d
63564d
64564e
65564e
66564f
67564f
685650
695650
6a5651
6b5651
6c5652
6d5652
6e5653
6f5653
705654
715654
725655
735655
745656
755656
765657
775657
785658
795658
7a5659
7b5659
7c565a
7d565a
7e565b
7f565b
80565c
81565c
82565d
83565d
84565e
85565e
86565f
87565f
885660
895660
8a5661
8b5661
8c5662
8d5662
8e5663
8f5663
905664
915664
925665
935665
945666
955666
965667
975667
985668
995668
9a5669
9b5669
9c566a
9d566a
9e566b
9f566b
a0566c
a1566c
a2566d
a3566d
a4566e
a5566e
a6566f
a7566f
a85670
a95670
aa5671
ab5671
ac5672
ad5672
ae5673
af5673
b05674
b15674
b25675
b35675
b45676
b55676
b65677
b75677
b85678
b95678
ba5679
bb5679
bc567a
bd567a
be567b
bf567b
c0567c
c1567c
c2567d
c3567d
c4567e
c5567e
c6567f
c7567f
c85680
c95680
ca5681
cb5681
cc5682
cd5682
ce5683
cf5683
d05684
d15684
d25685
d35685
d45686
d55686
d65687
d75687
d85688
d95688
da5689
db5689
dc568a
dd568a
de568b
df568b
e0568c
e1568c
e2568d
e3568d
e4568e
e5568e
e6568f
e7568f
e85690
e95690
ea5691
eb5691
ec5692
ed5692
ee5693
ef5693
f05694
f15694
f25695
f35695
f45696
f55696
f65697
f75697
f85698
f95698
fa5699
fb5699
fc569a
fd569a
ee569b
af569b
50569c
11569c
02569d
03569d
04569e
05569e
06569f
07569f
0856a0
0956a0
0a56a1
0b56a1
0c56a2
0d56a2
0e56a3
0f56a3
1056a4
1156a4
1256a5
1356a5
1456a6
1556a6
1656a7
1756a7
1856a8
1956a8
1a56a9
1b56a9
1c56aa
1d56aa
1e56ab
1f56ab
2056ac
2156ac
2256ad
2356ad
2456ae
2556ae
2656af
2756af
2856b0
2956b0
2a56b1
2b56b1
2c56b2
2d56b2
2e56b3
2f56b3
3056b4
3156b4
3256b5
3356b5
3456b6
3556b6
3656b7
3756b7
3856b8
3956b8
3a56b9
3b56b9
3c56ba
3d56ba
000000
000000
000000
000000
02571d
03571d
04571e
05571e
06571f
07571f
085720
095720
0a5721
0b5721
0c5722
0d5722
0e5723
0f5723
105724
115724
125725
135725
145726
155726
165727
175727
185728
195728
1a5729
1b5729
1c572a
1d572a
1e572b
1f572b
20572c
21572c
22572d
23572d
24572e
25572e
26572f
27572f
285730
295730
2a5731
2b5731
2c5732
2d5732
2e5733
2f5733
305734
315734
325735
335735
345736
355736
365737
375737
385738
395738
3a5739
3b5739
3c573a
3d573a
3e573b
3f573b
40573c
41573c
42573d
43573d
44573e
45573e
46573f
47573f
485740
495740
4a5741
4b5741
4c5742
4d5742
4e5743
4f5743
505744
515744
525745
535745
545746
555746
565747
575747
585748
595748
5a5749
5b5749
5c574a
5d574a
5e574b
5f574b
60574c
61574c
62574d
63574d
64574e
65574e
66574f
67574f
685750
695750
6a5751
6b5751
6c5752
6d5752
6e5753
6f5753
705754
715754
725755
735755
745756
755756
765757
775757
785758
795758
7a5759
7b5759
7c575a
7d575a
7e575b
7f575b
80575c
81575c
82575d
83575d
84575e
85575e
86575f
87575f
885760
895760
8a5761
8b5761
8c5762
8d5762
8e5763
8f5763
905764
915764
925765
935765
945766
955766
965767
975767
985768
995768
9a5769
9b5769
9c576a
9d576a
9e576b
9f576b
a0576c
a1576c
a2576d
a3576d
a4576e
a5576e
a6576f
a7576f
a85770
a95770
aa5771
ab5771
ac5772
ad5772
ae5773
af5773
b05774
b15774
b25775
b35775
b45776
b55776
b65777
b75777
b85778
b95778
ba5779
bb5779
bc577a
bd577a
be577b
bf577b
c0577c
c1577c
c2577d
c3577d
c4577e
c5577e
c6577f
c7577f
c85780
c95780
ca5781
cb5781
cc5782
cd5782
ce5783
cf5783
d05784
d15784
d25785
d35785
d45786
d55786
d65787
d75787
d85788
d95788
da5789
db5789
dc578a
dd578a
de578b
df578b
e0578c
e1578c
e2578d
e3578d
e4578e
e5578e
e6578f
e7578f
e85790
e95790
ea5791
eb5791
ec5792
ed5792
ee5793
ef5793
f05794
f15794
f25795
f35795
f45796
f55796
f65797
f75797
f85798
f95798
fa5799
fb5799
fc579a
fd579a
ee579b
af579b
50579c
11579c
02579d
03579d
04579e
05579e
06579f
07579f
0857a0
0957a0
0a57a1
0b57a1
0c57a2
0d57a2
0e57a3
0f57a3
1057a4
1157a4
1257a5
1357a5
1457a6
1557a6
1657a7
1757a7
1857a8
1957a8
1a57a9
1b57a9
1c57aa
1d57aa
1e57ab
1f57ab
2057ac
2157ac
2257ad
2357ad
2457ae
2557ae
2657af
2757af
2857b0
2957b0
2a57b1
2b57b1
2c57b2
2d57b2
2e57b3
2f57b3
3057b4
3157b4
3257b5
3357b5
3457b6
3557b6
3657b7
3757b7
3857b8
3957b8
3a57b9
3b57b9
3c57ba
3d57ba
000000
000000
000000
000000
02581d
03581e
04581e
05581f
06581f
075820
085820
095821
0a5821
0b5822
0c5822
0d5823
0e5823
0f5824
105824
115825
125825
135826
145826
155827
165827
175828
185828
195829
1a5829
1b582a
1c582a
1d582b
1e582b
1f582c
20582c
21582d
22582d
23582e
24582e
25582f
26582f
275830
285830
295831
2a5831
2b5832
2c5832
2d5833
2e5833
2f5834
305834
315835
325835
335836
345836
355837
365837
375838
385838
395839
3a5839
3b583a
3c583a
3d583b
3e583b
3f583c
40583c
41583d
42583d
43583e
44583e
45583f
46583f
475840
485840
495841
4a5841
4b5842
4c5842
4d5843
4e5843
4f5844
505844
515845
525845
535846
545846
555847
565847
575848
585848
595849
5a5849
5b584a
5c584a
5d584b
5e584b
5f584c
60584c
61584d
62584d
63584e
64584e
65584f
66584f
675850
685850
695851
6a5851
6b5852
6c5852
6d5853
6e5853
6f5854
705854
715855
725855
735856
745856
755857
765857
775858
785858
795859
7a5859
7b585a
7c585a
7d585b
7e585b
7f585c
80585c
81585d
82585d
83585e
84585e
85585f
86585f
875860
885860
895861
8a5861
8b5862
8c5862
8d5863
8e5863
8f5864
905864
915865
925865
935866
945866
955867
965867
975868
985868
995869
9a5869
9b586a
9c586a
9d586b
9e586b
9f586c
a0586c
a1586d
a2586d
a3586e
a4586e
a5586f
a6586f
a75870
a85870
a95871
aa5871
ab5872
ac5872
ad5873
ae5873
af5874
b05874
b15875
b25875
b35876
b45876
b55877
b65877
b75878
b85878
b95879
ba5879
bb587a
bc587a
bd587b
be587b
bf587c
c0587c
c1587d
c2587d
c3587e
c4587e
c5587f
c6587f
c75880
c85880
c95881
ca5881
cb5882
cc5882
cd5883
ce5883
cf5884
d05884
d15885
d25885
d35886
d45886
d55887
d65887
d75888
d85888
d95889
da5889
db588a
dc588a
dd588b
de588b
df588c
e0588c
e1588d
e2588d
e3588e
e4588e
e5588f
e6588f
e75890
e85890
e95891
ea5891
eb5892
ec5892
ed5893
ee5893
ef5894
f05894
f15895
f25895
f35896
f45896
f55897
f65897
f75898
f85898
f95899
fa5899
fb589a
fc589a
fd589b
ee589b
af589c
50589c
11589d
02589d
03589e
04589e
05589f
06589f
0758a0
0858a0
0958a1
0a58a1
0b58a2
0c58a2
0d58a3
0e58a3
0f58a4
1058a4
1158a5
1258a5
1358a6
1458a6
1558a7
1658a7
1758a8
1858a8
1958a9
1a58a9
1b58aa
1c58aa
1d58ab
1e58ab
1f58ac
2058ac
2158ad
2258ad
2358ae
2458ae
2558af
2658af
2758b0
2858b0
2958b1
2a58b1
2b58b2
2c58b2
2d58b3
2e58b3
2f58b4
3058b4
3158b5
3258b5
3358b6
3458b6
3558b7
3658b7
3758b8
3858b8
3958b9
3a58b9
3b58ba
3c58ba
3d58bb
000000
000000
000000
000000
02591e
03591e
04591f
05591f
065920
075920
085921
095921
0a5922
0b5922
0c5923
0d5923
0e5924
0f5924
105925
115925
125926
135926
145927
155927
165928
175928
185929
195929
1a592a
1b592a
1c592b
1d592b
1e592c
1f592c
20592d
21592d
22592e
23592e
24592f
25592f
265930
275930
285931
295931
2a5932
2b5932
2c5933
2d5933
2e5934
2f5934
305935
315935
325936
335936
345937
355937
365938
375938
385939
395939
3a593a
3b593a
3c593b
3d593b
3e593c
3f593c
40593d
41593d
42593e
43593e
44593f
45593f
465940
475940
485941
495941
4a5942
4b5942
4c5943
4d5943
4e5944
4f5944
505945
515945
525946
535946
545947
555947
565948
575948
585949
595949
5a594a
5b594a
5c594b
5d594b
5e594c
5f594c
60594d
61594d
62594e
63594e
64594f
65594f
665950
675950
685951
695951
6a5952
6b5952
6c5953
6d5953
6e5954
6f5954
705955
715955
725956
735956
745957
755957
765958
775958
785959
795959
7a595a
7b595a
7c595b
7d595b
7e595c
7f595c
80595d
81595d
82595e
83595e
84595f
85595f
865960
875960
885961
895961
8a5962
8b5962
8c5963
8d5963
8e5964
8f5964
905965
915965
925966
935966
945967
955967
965968
975968
985969
995969
9a596a
9b596a
9c596b
9d596b
9e596c
9f596c
a0596d
a1596d
a2596e
a3596e
a4596f
a5596f
a65970
a75970
a85971
a95971
aa5972
ab5972
ac5973
ad5973
ae5974
af5974
b05975
b15975
b25976
b35976
b45977
b55977
b65978
b75978
b85979
b95979
ba597a
bb597a
bc597b
bd597b
be597c
bf597c
c0597d
c1597d
c2597e
c3597e
c4597f
c5597f
c65980
c75980
c85981
c95981
ca5982
cb5982
cc5983
cd5983
ce5984
cf5984
d05985
d15985
d25986
d35986
d45987
d55987
d65988
d75988
d85989
d95989
da598a
db598a
dc598b
dd598b
de598c
df598c
e0598d
e1598d
e2598e
e3598e
e4598f
e5598f
e65990
e75990
e85991
e95991
ea5992
eb5992
ec5993
ed5993
ee5994
ef5994
f05995
f15995
f25996
f35996
f45997
f55997
f65998
f75998
f85999
f95999
fa599a
fb599a
fc599b
fd599b
ee599c
af599c
50599d
11599d
02599e
03599e
04599f
05599f
0659a0
0759a0
0859a1
0959a1
0a59a2
0b59a2
0c59a3
0d59a3
0e59a4
0f59a4
1059a5
1159a5
1259a6
1359a6
1459a7
1559a7
1659a8
1759a8
1859a9
1959a9
1a59aa
1b59aa
1c59ab
1d59ab
1e59ac
1f59ac
2059ad
2159ad
2259ae
2359ae
2459af
2559af
2659b0
2759b0
2859b1
2959b1
2a59b2
2b59b2
2c59b3
2d59b3
2e59b4
2f59b4
3059b5
3159b5
3259b6
3359b6
3459b7
3559b7
3659b8
3759b8
3859b9
3959b9
3a59ba
3b59ba
3c59bb
3d59bb
000000
000000
000000
000000
025a1e
035a1e
045a1f
055a1f
065a20
075a20
085a21
095a21
0a5a22
0b5a22
0c5a23
0d5a23
0e5a24
0f5a24
105a25
115a25
125a26
135a26
145a27
155a27
165a28
175a28
185a29
195a29
1a5a2a
1b5a2a
1c5a2b
1d5a2b
1e5a2c
1f5a2c
205a2d
215a2d
225a2e
235a2e
245a2f
255a2f
265a30
275a30
285a31
295a31
2a5a32
2b5a32
2c5a33
2d5a33
2e5a34
2f5a34
305a35
315a35
325a36
335a36
345a37
355a37
365a38
375a38
385a39
395a39
3a5a3a
3b5a3a
3c5a3b
3d5a3b
3e5a3c
3f5a3c
405a3d
415a3d
425a3e
435a3e
445a3f
455a3f
465a40
475a40
485a41
495a41
4a5a42
4b5a42
4c5a43
4d5a43
4e5a44
4f5a44
505a45
515a45
525a46
535a46
545a47
555a47
565a48
575a48
585a49
595a49
5a5a4a
5b5a4a
5c5a4b
5d5a4b
5e5a4c
5f5a4c
605a4d
615a4d
625a4e
635a4e
645a4f
655a4f
665a50
675a50
685a51
695a51
6a5a52
6b5a52
6c5a53
6d5a53
6e5a54
6f5a54
705a55
715a55
725a56
735a56
745a57
755a57
765a58
775a58
785a59
795a59
7a5a5a
7b5a5a
7c5a5b
7d5a5b
7e5a5c
7f5a5c
805a5d
815a5d
825a5e
835a5e
845a5f
855a5f
865a60
875a60
885a61
895a61
8a5a62
8b5a62
8c5a63
8d5a63
8e5a64
8f5a64
905a65
915a65
925a66
935a66
945a67
955a67
965a68
975a68
985a69
995a69
9a5a6a
9b5a6a
9c5a6b
9d5a6b
9e5a6c
9f5a6c
a05a6d
a15a6d
a25a6e
a35a6e
a45a6f
a55a6f
a65a70
a75a70
a85a71
a95a71
aa5a72
ab5a72
ac5a73
ad5a73
ae5a74
af5a74
b05a75
b15a75
b25a76
b35a76
b45a77
b55a77
b65a78
b75a78
b85a79
b95a79
ba5a7a
bb5a7a
bc5a7b
bd5a7b
be5a7c
bf5a7c
c05a7d
c15a7d
c25a7e
c35a7e
c45a7f
c55a7f
c65a80
c75a80
c85a81
c95a81
ca5a82
cb5a82
cc5a83
cd5a83
ce5a84
cf5a84
d05a85
d15a85
d25a86
d35a86
d45a87
d55a87
d65a88
d75a88
d85a89
d95a89
da5a8a
db5a8a
dc5a8b
dd5a8b
de5a8c
df5a8c
e05a8d
e15a8d
e25a8e
e35a8e
e45a8f
e55a8f
e65a90
e75a90
e85a91
e95a91
ea5a92
eb5a92
ec5a93
ed5a93
ee5a94
ef5a94
f05a95
f15a95
f25a96
f35a96
f45a97
f55a97
f65a98
f75a98
f85a99
f95a99
fa5a9a
fb5a9a
fc5a9b
fd5a9b
ee5a9c
af5a9c
505a9d
115a9d
025a9e
035a9e
045a9f
055a9f
065aa0
075aa0
085aa1
095aa1
0a5aa2
0b5aa2
0c5aa3
0d5aa3
0e5aa4
0f5aa4
105aa5
115aa5
125aa6
135aa6
145aa7
155aa7
165aa8
175aa8
185aa9
195aa9
1a5aaa
1b5aaa
1c5aab
1d5aab
1e5aac
1f5aac
205aad
215aad
225aae
235aae
245aaf
255aaf
265ab0
275ab0
285ab1
295ab1
2a5ab2
2b5ab2
2c5ab3
2d5ab3
2e5ab4
2f5ab4
305ab5
315ab5
325ab6
335ab6
345ab7
355ab7
365ab8
375ab8
385ab9
395ab9
3a5aba
3b5aba
3c5abb
3d5abb
000000
000000
000000
000000
025b1e
035b1f
045b1f
055b20
065b20
075b21
085b21
095b22
0a5b22
0b5b23
0c5b23
0d5b24
0e5b24
0f5b25
105b25
115b26
125b26
135b27
145b27
155b28
165b28
175b29
185b29
195b2a
1a5b2a
1b5b2b
1c5b2b
1d5b2c
1e5b2c
1f5b2d
205b2d
215b2e
225b2e
235b2f
245b2f
255b30
265b30
275b31
285b31
295b32
2a5b32
2b5b33
2c5b33
2d5b34
2e5b34
2f5b35
305b35
315b36
325b36
335b37
345b37
355b38
365b38
375b39
385b39
395b3a
3a5b3a
3b5b3b
3c5b3b
3d5b3c
3e5b3c
3f5b3d
405b3d
415b3e
425b3e
435b3f
445b3f
455b40
465b40
475b41
485b41
495b42
4a5b42
4b5b43
4c5b43
4d5b44
4e5b44
4f5b45
505b45
515b46
525b46
535b47
545b47
555b48
565b48
575b49
585b49
595b4a
5a5b4a
5b5b4b
5c5b4b
5d5b4c
5e5b4c
5f5b4d
605b4d
615b4e
625b4e
635b4f
645b4f
655b50
665b50
675b51
685b51
695b52
6a5b52
6b5b53
6c5b53
6d5b54
6e5b54
6f5b55
705b55
715b56
725b56
735b57
745b57
755b58
765b58
775b59
785b59
795b5a
7a5b5a
7b5b5b
7c5b5b
7d5b5c
7e5b5c
7f5b5d
805b5d
815b5e
825b5e
835b5f
845b5f
855b60
865b60
875b61
885b61
895b62
8a5b62
8b5b63
8c5b63
8d5b64
8e5b64
8f5b65
905b65
915b66
925b66
935b67
945b67
955b68
965b68
975b69
985b69
995b6a
9a5b6a
9b5b6b
9c5b6b
9d5b6c
9e5b6c
9f5b6d
a05b6d
a15b6e
a25b6e
a35b6f
a45b6f
a55b70
a65b70
a75b71
a85b71
a95b72
aa5b72
ab5b73
ac5b73
ad5b74
ae5b74
af5b75
b05b75
b15b76
b25b76
b35b77
b45b77
b55b78
b65b78
b75b79
b85b79
b95b7a
ba5b7a
bb5b7b
bc5b7b
bd5b7c
be5b7c
bf5b7d
c05b7d
c15b7e
c25b7e
c35b7f
c45b7f
c55b80
c65b80
c75b81
c85b81
c95b82
ca5b82
cb5b83
cc5b83
cd5b84
ce5b84
cf5b85
d05b85
d15b86
d25b86
d35b87
d45b87
d55b88
d65b88
d75b89
d85b89
d95b8a
da5b8a
db5b8b
dc5b8b
dd5b8c
de5b8c
df5b8d
e05b8d
e15b8e
e25b8e
e35b8f
e45b8f
e55b90
e65b90
e75b91
e85b91
e95b92
ea5b92
eb5b93
ec5b93
ed5b94
ee5b94
ef5b95
f05b95
f15b96
f25b96
f35b97
f45b97
f55b98
f65b98
f75b99
f85b99
f95b9a
fa5b9a
fb5b9b
fc5b9b
fd5b9c
ee5b9c
af5b9d
505b9d
115b9e
025b9e
035b9f
045b9f
055ba0
065ba0
075ba1
085ba1
095ba2
0a5ba2
0b5ba3
0c5ba3
0d5ba4
0e5ba4
0f5ba5
105ba5
115ba6
125ba6
135ba7
145ba7
155ba8
165ba8
175ba9
185ba9
195baa
1a5baa
1b5bab
1c5bab
1d5bac
1e5bac
1f5bad
205bad
215bae
225bae
235baf
245baf
255bb0
265bb0
275bb1
285bb1
295bb2
2a5bb2
2b5bb3
2c5bb3
2d5bb4
2e5bb4
2f5bb5
305bb5
315bb6
325bb6
335bb7
345bb7
355bb8
365bb8
375bb9
385bb9
395bba
3a5bba
3b5bbb
3c5bbb
3d5bbc
000000
000000
000000
000000
025c1f
035c1f
045c20
055c20
065c21
075c21
085c22
095c22
0a5c23
0b5c23
0c5c24
0d5c24
0e5c25
0f5c25
105c26
115c26
125c27
135c27
145c28
155c28
165c29
175c29
185c2a
195c2a
1a5c2b
1b5c2b
1c5c2c
1d5c2c
1e5c2d
1f5c2d
205c2e
215c2e
225c2f
235c2f
245c30
255c30
265c31
275c31
285c32
295c32
2a5c33
2b5c33
2c5c34
2d5c34
2e5c35
2f5c35
305c36
315c36
325c37
335c37
345c38
355c38
365c39
375c39
385c3a
395c3a
3a5c3b
3b5c3b
3c5c3c
3d5c3c
3e5c3d
3f5c3d
405c3e
415c3e
425c3f
435c3f
445c40
455c40
465c41
475c41
485c42
495c42
4a5c43
4b5c43
4c5c44
4d5c44
4e5c45
4f5c45
505c46
515c46
525c47
535c47
545c48
555c48
565c49
575c49
585c4a
595c4a
5a5c4b
5b5c4b
5c5c4c
5d5c4c
5e5c4d
5f5c4d
605c4e
615c4e
625c4f
635c4f
645c50
655c50
665c51
675c51
685c52
695c52
6a5c53
6b5c53
6c5c54
6d5c54
6e5c55
6f5c55
705c56
715c56
725c57
735c57
745c58
755c58
765c59
775c59
785c5a
795c5a
7a5c5b
7b5c5b
7c5c5c
7d5c5c
7e5c5d
7f5c5d
805c5e
815c5e
825c5f
835c5f
845c60
855c60
865c61
875c61
885c62
895c62
8a5c63
8b5c63
8c5c64
8d5c64
8e5c65
8f5c65
905c66
915c66
925c67
935c67
945c68
955c68
965c69
975c69
985c6a
995c6a
9a5c6b
9b5c6b
9c5c6c
9d5c6c
9e5c6d
9f5c6d
a05c6e
a15c6e
a25c6f
a35c6f
a45c70
a55c70
a65c71
a75c71
a85c72
a95c72
aa5c73
ab5c73
ac5c74
ad5c74
ae5c75
af5c75
b05c76
b15c76
b25c77
b35c77
b45c78
b55c78
b65c79
b75c79
b85c7a
b95c7a
ba5c7b
bb5c7b
bc5c7c
bd5c7c
be5c7d
bf5c7d
c05c7e
c15c7e
c25c7f
c35c7f
c45c80
c55c80
c65c81
c75c81
c85c82
c95c82
ca5c83
cb5c83
cc5c84
cd5c84
ce5c85
cf5c85
d05c86
d15c86
d25c87
d35c87
d45c88
d55c88
d65c89
d75c89
d85c8a
d95c8a
da5c8b
db5c8b
dc5c8c
dd5c8c
de5c8d
df5c8d
e05c8e
e15c8e
e25c8f
e35c8f
e45c90
e55c90
e65c91
e75c91
e85c92
e95c92
ea5c93
eb5c93
ec5c94
ed5c94
ee5c95
ef5c95
f05c96
f15c96
f25c97
f35c97
f45c98
f55c98
f65c99
f75c99
f85c9a
f95c9a
fa5c9b
fb5c9b
fc5c9c
fd5c9c
ee5c9d
af5c9d
505c9e
115c9e
025c9f
035c9f
045ca0
055ca0
065ca1
075ca1
085ca2
095ca2
0a5ca3
0b5ca3
0c5ca4
0d5ca4
0e5ca5
0f5ca5
105ca6
115ca6
125ca7
135ca7
145ca8
155ca8
165ca9
175ca9
185caa
195caa
1a5cab
1b5cab
1c5cac
1d5cac
1e5cad
1f5cad
205cae
215cae
225caf
235caf
245cb0
255cb0
265cb1
275cb1
285cb2
295cb2
2a5cb3
2b5cb3
2c5cb4
2d5cb4
2e5cb5
2f5cb5
305cb6
315cb6
325cb7
335cb7
345cb8
355cb8
365cb9
375cb9
385cba
395cba
3a5cbb
3b5cbb
3c5cbc
3d5cbc
000000
000000
000000
000000
025d1f
035d1f
045d20
055d20
065d21
075d21
085d22
095d22
0a5d23
0b5d23
0c5d24
0d5d24
0e5d25
0f5d25
105d26
115d26
125d27
135d27
145d28
155d28
165d29
175d29
185d2a
195d2a
1a5d2b
1b5d2b
1c5d2c
1d5d2c
1e5d2d
1f5d2d
205d2e
215d2e
225d2f
235d2f
245d30
255d30
265d31
275d31
285d32
295d32
2a5d33
2b5d33
2c5d34
2d5d34
2e5d35
2f5d35
305d36
315d36
325d37
335d37
345d38
355d38
365d39
375d39
385d3a
395d3a
3a5d3b
3b5d3b
3c5d3c
3d5d3c
3e5d3d
3f5d3d
405d3e
415d3e
425d3f
435d3f
445d40
455d40
465d41
475d41
485d42
495d42
4a5d43
4b5d43
4c5d44
4d5d44
4e5d45
4f5d45
505d46
515d46
525d47
535d47
545d48
555d48
565d49
575d49
585d4a
595d4a
5a5d4b
5b5d4b
5c5d4c
5d5d4c
5e5d4d
5f5d4d
605d4e
615d4e
625d4f
635d4f
645d50
655d50
665d51
675d51
685d52
695d52
6a5d53
6b5d53
6c5d54
6d5d54
6e5d55
6f5d55
705d56
715d56
725d57
735d57
745d58
755d58
765d59
775d59
785d5a
795d5a
7a5d5b
7b5d5b
7c5d5c
7d5d5c
7e5d5d
7f5d5d
805d5e
815d5e
825d5f
835d5f
845d60
855d60
865d61
875d61
885d62
895d62
8a5d63
8b5d63
8c5d64
8d5d64
8e5d65
8f5d65
905d66
915d66
925d67
935d67
945d68
955d68
965d69
975d69
985d6a
995d6a
9a5d6b
9b5d6b
9c5d6c
9d5d6c
9e5d6d
9f5d6d
a05d6e
a15d6e
a25d6f
a35d6f
a45d70
a55d70
a65d71
a75d71
a85d72
a95d72
aa5d73
ab5d73
ac5d74
ad5d74
ae5d75
af5d75
b05d76
b15d76
b25d77
b35d77
b45d78
b55d78
b65d79
b75d79
b85d7a
b95d7a
ba5d7b
bb5d7b
bc5d7c
bd5d7c
be5d7d
bf5d7d
c05d7e
c15d7e
c25d7f
c35d7f
c45d80
c55d80
c65d81
c75d81
c85d82
c95d82
ca5d83
cb5d83
cc5d84
cd5d84
ce5d85
cf5d85
d05d86
d15d86
d25d87
d35d87
d45d88
d55d88
d65d89
d75d89
d85d8a
d95d8a
da5d8b
db5d8b
dc5d8c
dd5d8c
de5d8d
df5d8d
e05d8e
e15d8e
e25d8f
e35d8f
e45d90
e55d90
e65d91
e75d91
e85d92
e95d92
ea5d93
eb5d93
ec5d94
ed5d94
ee5d95
ef5d95
f05d96
f15d96
f25d97
f35d97
f45d98
f55d98
f65d99
f75d99
f85d9a
f95d9a
fa5d9b
fb5d9b
fc5d9c
fd5d9c
ee5d9d
af5d9d
505d9e
115d9e
025d9f
035d9f
045da0
055da0
065da1
075da1
085da2
095da2
0a5da3
0b5da3
0c5da4
0d5da4
0e5da5
0f5da5
105da6
115da6
125da7
135da7
145da8
155da8
165da9
175da9
185daa
195daa
1a5dab
1b5dab
1c5dac
1d5dac
1e5dad
1f5dad
205dae
215dae
225daf
235daf
245db0
255db0
265db1
275db1
285db2
295db2
2a5db3
2b5db3
2c5db4
2d5db4
2e5db5
2f5db5
305db6
315db6
325db7
335db7
345db8
355db8
365db9
375db9
385dba
395dba
3a5dbb
3b5dbb
3c5dbc
3d5dbc
000000
000000
000000
000000
025e1f
035e20
045e20
055e21
065e21
075e22
085e22
095e23
0a5e23
0b5e24
0c5e24
0d5e25
0e5e25
0f5e26
105e26
115e27
125e27
135e28
145e28
155e29
165e29
175e2a
185e2a
195e2b
1a5e2b
1b5e2c
1c5e2c
1d5e2d
1e5e2d
1f5e2e
205e2e
215e2f
225e2f
235e30
245e30
255e31
265e31
275e32
285e32
295e33
2a5e33
2b5e34
2c5e34
2d5e35
2e5e35
2f5e36
305e36
315e37
325e37
335e38
345e38
355e39
365e39
375e3a
385e3a
395e3b
3a5e3b
3b5e3c
3c5e3c
3d5e3d
3e5e3d
3f5e3e
405e3e
415e3f
425e3f
435e40
445e40
455e41
465e41
475e42
485e42
495e43
4a5e43
4b5e44
4c5e44
4d5e45
4e5e45
4f5e46
505e46
515e47
525e47
535e48
545e48
555e49
565e49
575e4a
585e4a
595e4b
5a5e4b
5b5e4c
5c5e4c
5d5e4d
5e5e4d
5f5e4e
605e4e
615e4f
625e4f
635e50
645e50
655e51
665e51
675e52
685e52
695e53
6a5e53
6b5e54
6c5e54
6d5e55
6e5e55
6f5e56
705e56
715e57
725e57
735e58
745e58
755e59
765e59
775e5a
785e5a
795e5b
7a5e5b
7b5e5c
7c5e5c
7d5e5d
7e5e5d
7f5e5e
805e5e
815e5f
825e5f
835e60
845e60
855e61
865e61
875e62
885e62
895e63
8a5e63
8b5e64
8c5e64
8d5e65
8e5e65
8f5e66
905e66
915e67
925e67
935e68
945e68
955e69
965e69
975e6a
985e6a
995e6b
9a5e6b
9b5e6c
9c5e6c
9d5e6d
9e5e6d
9f5e6e
a05e6e
a15e6f
a25e6f
a35e70
a45e70
a55e71
a65e71
a75e72
a85e72
a95e73
aa5e73
ab5e74
ac5e74
ad5e75
ae5e75
af5e76
b05e76
b15e77
b25e77
b35e78
b45e78
b55e79
b65e79
b75e7a
b85e7a
b95e7b
ba5e7b
bb5e7c
bc5e7c
bd5e7d
be5e7d
bf5e7e
c05e7e
c15e7f
c25e7f
c35e80
c45e80
c55e81
c65e81
c75e82
c85e82
c95e83
ca5e83
cb5e84
cc5e84
cd5e85
ce5e85
cf5e86
d05e86
d15e87
d25e87
d35e88
d45e88
d55e89
d65e89
d75e8a
d85e8a
d95e8b
da5e8b
db5e8c
dc5e8c
dd5e8d
de5e8d
df5e8e
e05e8e
e15e8f
e25e8f
e35e90
e45e90
e55e91
e65e91
e75e92
e85e92
e95e93
ea5e93
eb5e94
ec5e94
ed5e95
ee5e95
ef5e96
f05e96
f15e97
f25e97
f35e98
f45e98
f55e99
f65e99
f75e9a
f85e9a
f95e9b
fa5e9b
fb5e9c
fc5e9c
fd5e9d
ee5e9d
af5e9e
505e9e
115e9f
025e9f
035ea0
045ea0
055ea1
065ea1
075ea2
085ea2
095ea3
0a5ea3
0b5ea4
0c5ea4
0d5ea5
0e5ea5
0f5ea6
105ea6
115ea7
125ea7
135ea8
145ea8
155ea9
165ea9
175eaa
185eaa
195eab
1a5eab
1b5eac
1c5eac
1d5ead
1e5ead
1f5eae
205eae
215eaf
225eaf
235eb0
245eb0
255eb1
265eb1
275eb2
285eb2
295eb3
2a5eb3
2b5eb4
2c5eb4
2d5eb5
2e5eb5
2f5eb6
305eb6
315eb7
325eb7
335eb8
345eb8
355eb9
365eb9
375eba
385eba
395ebb
3a5ebb
3b5ebc
3c5ebc
3d5ebd
000000
000000
000000
000000
025f20
035f20
045f21
055f21
065f22
075f22
085f23
095f23
0a5f24
0b5f24
0c5f25
0d5f25
0e5f26
0f5f26
105f27
115f27
125f28
135f28
145f29
155f29
165f2a
175f2a
185f2b
195f2b
1a5f2c
1b5f2c
1c5f2d
1d5f2d
1e5f2e
1f5f2e
205f2f
215f2f
225f30
235f30
245f31
255f31
265f32
275f32
285f33
295f33
2a5f34
2b5f34
2c5f35
2d5f35
2e5f36
2f5f36
305f37
315f37
325f38
335f38
345f39
355f39
365f3a
375f3a
385f3b
395f3b
3a5f3c
3b5f3c
3c5f3d
3d5f3d
3e5f3e
3f5f3e
405f3f
415f3f
425f40
435f40
445f41
455f41
465f42
475f42
485f43
495f43
4a5f44
4b5f44
4c5f45
4d5f45
4e5f46
4f5f46
505f47
515f47
525f48
535f48
545f49
555f49
565f4a
575f4a
585f4b
595f4b
5a5f4c
5b5f4c
5c5f4d
5d5f4d
5e5f4e
5f5f4e
605f4f
615f4f
625f50
635f50
645f51
655f51
665f52
675f52
685f53
695f53
6a5f54
6b5f54
6c5f55
6d5f55
6e5f56
6f5f56
705f57
715f57
725f58
735f58
745f59
755f59
765f5a
775f5a
785f5b
795f5b
7a5f5c
7b5f5c
7c5f5d
7d5f5d
7e5f5e
7f5f5e
805f5f
815f5f
825f60
835f60
845f61
855f61
865f62
875f62
885f63
895f63
8a5f64
8b5f64
8c5f65
8d5f65
8e5f66
8f5f66
905f67
915f67
925f68
935f68
945f69
955f69
965f6a
975f6a
985f6b
995f6b
9a5f6c
9b5f6c
9c5f6d
9d5f6d
9e5f6e
9f5f6e
a05f6f
a15f6f
a25f70
a35f70
a45f71
a55f71
a65f72
a75f72
a85f73
a95f73
aa5f74
ab5f74
ac5f75
ad5f75
ae5f76
af5f76
b05f77
b15f77
b25f78
b35f78
b45f79
b55f79
b65f7a
b75f7a
b85f7b
b95f7b
ba5f7c
bb5f7c
bc5f7d
bd5f7d
be5f7e
bf5f7e
c05f7f
c15f7f
c25f80
c35f80
c45f81
c55f81
c65f82
c75f82
c85f83
c95f83
ca5f84
cb5f84
cc5f85
cd5f85
ce5f86
cf5f86
d05f87
d15f87
d25f88
d35f88
d45f89
d55f89
d65f8a
d75f8a
d85f8b
d95f8b
da5f8c
db5f8c
dc5f8d
dd5f8d
de5f8e
df5f8e
e05f8f
e15f8f
e25f90
e35f90
e45f91
e55f91
e65f92
e75f92
e85f93
e95f93
ea5f94
eb5f94
ec5f95
ed5f95
ee5f96
ef5f96
f05f97
f15f97
f25f98
f35f98
f45f99
f55f99
f65f9a
f75f9a
f85f9b
f95f9b
fa5f9c
fb5f9c
fc5f9d
fd5f9d
ee5f9e
af5f9e
505f9f
115f9f
025fa0
035fa0
045fa1
055fa1
065fa2
075fa2
085fa3
095fa3
0a5fa4
0b5fa4
0c5fa5
0d5fa5
0e5fa6
0f5fa6
105fa7
115fa7
125fa8
135fa8
145fa9
155fa9
165faa
175faa
185fab
195fab
1a5fac
1b5fac
1c5fad
1d5fad
1e5fae
1f5fae
205faf
215faf
225fb0
235fb0
245fb1
255fb1
265fb2
275fb2
285fb3
295fb3
2a5fb4
2b5fb4
2c5fb5
2d5fb5
2e5fb6
2f5fb6
305fb7
315fb7
325fb8
335fb8
345fb9
355fb9
365fba
375fba
385fbb
395fbb
3a5fbc
3b5fbc
3c5fbd
3d5fbd
000000
000000
000000
000000
026020
036020
046021
056021
066022
076022
086023
096023
0a6024
0b6024
0c6025
0d6025
0e6026
0f6026
106027
116027
126028
136028
146029
156029
16602a
17602a
18602b
19602b
1a602c
1b602c
1c602d
1d602d
1e602e
1f602e
20602f
21602f
226030
236030
246031
256031
266032
276032
286033
296033
2a6034
2b6034
2c6035
2d6035
2e6036
2f6036
306037
316037
326038
336038
346039
356039
36603a
37603a
38603b
39603b
3a603c
3b603c
3c603d
3d603d
3e603e
3f603e
40603f
41603f
426040
436040
446041
456041
466042
476042
486043
496043
4a6044
4b6044
4c6045
4d6045
4e6046
4f6046
506047
516047
526048
536048
546049
556049
56604a
57604a
58604b
59604b
5a604c
5b604c
5c604d
5d604d
5e604e
5f604e
60604f
61604f
626050
636050
646051
656051
666052
676052
686053
696053
6a6054
6b6054
6c6055
6d6055
6e6056
6f6056
706057
716057
726058
736058
746059
756059
76605a
77605a
78605b
79605b
7a605c
7b605c
7c605d
7d605d
7e605e
7f605e
80605f
81605f
826060
836060
846061
856061
866062
876062
886063
896063
8a6064
8b6064
8c6065
8d6065
8e6066
8f6066
906067
916067
926068
936068
946069
956069
96606a
97606a
98606b
99606b
9a606c
9b606c
9c606d
9d606d
9e606e
9f606e
a0606f
a1606f
a26070
a36070
a46071
a56071
a66072
a76072
a86073
a96073
aa6074
ab6074
ac6075
ad6075
ae6076
af6076
b06077
b16077
b26078
b36078
b46079
b56079
b6607a
b7607a
b8607b
b9607b
ba607c
bb607c
bc607d
bd607d
be607e
bf607e
c0607f
c1607f
c26080
c36080
c46081
c56081
c66082
c76082
c86083
c96083
ca6084
cb6084
cc6085
cd6085
ce6086
cf6086
d06087
d16087
d26088
d36088
d46089
d56089
d6608a
d7608a
d8608b
d9608b
da608c
db608c
dc608d
dd608d
de608e
df608e
e0608f
e1608f
e26090
e36090
e46091
e56091
e66092
e76092
e86093
e96093
ea6094
eb6094
ec6095
ed6095
ee6096
ef6096
f06097
f16097
f26098
f36098
f46099
f56099
f6609a
f7609a
f8609b
f9609b
fa609c
fb609c
fc609d
fd609d
ee609e
af609e
50609f
11609f
0260a0
0360a0
0460a1
0560a1
0660a2
0760a2
0860a3
0960a3
0a60a4
0b60a4
0c60a5
0d60a5
0e60a6
0f60a6
1060a7
1160a7
1260a8
1360a8
1460a9
1560a9
1660aa
1760aa
1860ab
1960ab
1a60ac
1b60ac
1c60ad
1d60ad
1e60ae
1f60ae
2060af
2160af
2260b0
2360b0
2460b1
2560b1
2660b2
2760b2
2860b3
2960b3
2a60b4
2b60b4
2c60b5
2d60b5
2e60b6
2f60b6
3060b7
3160b7
3260b8
3360b8
3460b9
3560b9
3660ba
3760ba
3860bb
3960bb
3a60bc
3b60bc
3c60bd
3d60bd
000000
000000
000000
000000
026120
036121
046121
056122
066122
076123
086123
096124
0a6124
0b6125
0c6125
0d6126
0e6126
0f6127
106127
116128
126128
136129
146129
15612a
16612a
17612b
18612b
19612c
1a612c
1b612d
1c612d
1d612e
1e612e
1f612f
20612f
216130
226130
236131
246131
256132
266132
276133
286133
296134
2a6134
2b6135
2c6135
2d6136
2e6136
2f6137
306137
316138
326138
336139
346139
35613a
36613a
37613b
38613b
39613c
3a613c
3b613d
3c613d
3d613e
3e613e
3f613f
40613f
416140
426140
436141
446141
456142
466142
476143
486143
496144
4a6144
4b6145
4c6145
4d6146
4e6146
4f6147
506147
516148
526148
536149
546149
55614a
56614a
57614b
58614b
59614c
5a614c
5b614d
5c614d
5d614e
5e614e
5f614f
60614f
616150
626150
636151
646151
656152
666152
676153
686153
696154
6a6154
6b6155
6c6155
6d6156
6e6156
6f6157
706157
716158
726158
736159
746159
75615a
76615a
77615b
78615b
79615c
7a615c
7b615d
7c615d
7d615e
7e615e
7f615f
80615f
816160
826160
836161
846161
856162
866162
876163
886163
896164
8a6164
8b6165
8c6165
8d6166
8e6166
8f6167
906167
916168
926168
936169
946169
95616a
96616a
97616b
98616b
99616c
9a616c
9b616d
9c616d
9d616e
9e616e
9f616f
a0616f
a16170
a26170
a36171
a46171
a56172
a66172
a76173
a86173
a96174
aa6174
ab6175
ac6175
ad6176
ae6176
af6177
b06177
b16178
b26178
b36179
b46179
b5617a
b6617a
b7617b
b8617b
b9617c
ba617c
bb617d
bc617d
bd617e
be617e
bf617f
c0617f
c16180
c26180
c36181
c46181
c56182
c66182
c76183
c86183
c96184
ca6184
cb6185
cc6185
cd6186
ce6186
cf6187
d06187
d16188
d26188
d36189
d46189
d5618a
d6618a
d7618b
d8618b
d9618c
da618c
db618d
dc618d
dd618e
de618e
df618f
e0618f
e16190
e26190
e36191
e46191
e56192
e66192
e76193
e86193
e96194
ea6194
eb6195
ec6195
ed6196
ee6196
ef6197
f06197
f16198
f26198
f36199
f46199
f5619a
f6619a
f7619b
f8619b
f9619c
fa619c
fb619d
fc619d
fd619e
ee619e
af619f
50619f
1161a0
0261a0
0361a1
0461a1
0561a2
0661a2
0761a3
0861a3
0961a4
0a61a4
0b61a5
0c61a5
0d61a6
0e61a6
0f61a7
1061a7
1161a8
1261a8
1361a9
1461a9
1561aa
1661aa
1761ab
1861ab
1961ac
1a61ac
1b61ad
1c61ad
1d61ae
1e61ae
1f61af
2061af
2161b0
2261b0
2361b1
2461b1
2561b2
2661b2
2761b3
2861b3
2961b4
2a61b4
2b61b5
2c61b5
2d61b6
2e61b6
2f61b7
3061b7
3161b8
3261b8
3361b9
3461b9
3561ba
3661ba
3761bb
3861bb
3961bc
3a61bc
3b61bd
3c61bd
3d61be
000000
000000
000000
000000
026221
036221
046222
056222
066223
076223
086224
096224
0a6225
0b6225
0c6226
0d6226
0e6227
0f6227
106228
116228
126229
136229
14622a
15622a
16622b
17622b
18622c
19622c
1a622d
1b622d
1c622e
1d622e
1e622f
1f622f
206230
216230
226231
236231
246232
256232
266233
276233
286234
296234
2a6235
2b6235
2c6236
2d6236
2e6237
2f6237
306238
316238
326239
336239
34623a
35623a
36623b
37623b
38623c
39623c
3a623d
3b623d
3c623e
3d623e
3e623f
3f623f
406240
416240
426241
436241
446242
456242
466243
476243
486244
496244
4a6245
4b6245
4c6246
4d6246
4e6247
4f6247
506248
516248
526249
536249
54624a
55624a
56624b
57624b
58624c
59624c
5a624d
5b624d
5c624e
5d624e
5e624f
5f624f
606250
616250
626251
636251
646252
656252
666253
676253
686254
696254
6a6255
6b6255
6c6256
6d6256
6e6257
6f6257
706258
716258
726259
736259
74625a
75625a
76625b
77625b
78625c
79625c
7a625d
7b625d
7c625e
7d625e
7e625f
7f625f
806260
816260
826261
836261
846262
856262
866263
876263
886264
896264
8a6265
8b6265
8c6266
8d6266
8e6267
8f6267
906268
916268
926269
936269
94626a
95626a
96626b
97626b
98626c
99626c
9a626d
9b626d
9c626e
9d626e
9e626f
9f626f
a06270
a16270
a26271
a36271
a46272
a56272
a66273
a76273
a86274
a96274
aa6275
ab6275
ac6276
ad6276
ae6277
af6277
b06278
b16278
b26279
b36279
b4627a
b5627a
b6627b
b7627b
b8627c
b9627c
ba627d
bb627d
bc627e
bd627e
be627f
bf627f
c06280
c16280
c26281
c36281
c46282
c56282
c66283
c76283
c86284
c96284
ca6285
cb6285
cc6286
cd6286
ce6287
cf6287
d06288
d16288
d26289
d36289
d4628a
d5628a
d6628b
d7628b
d8628c
d9628c
da628d
db628d
dc628e
dd628e
de628f
df628f
e06290
e16290
e26291
e36291
e46292
e56292
e66293
e76293
e86294
e96294
ea6295
eb6295
ec6296
ed6296
ee6297
ef6297
f06298
f16298
f26299
f36299
f4629a
f5629a
f6629b
f7629b
f8629c
f9629c
fa629d
fb629d
fc629e
fd629e
ee629f
af629f
5062a0
1162a0
0262a1
0362a1
0462a2
0562a2
0662a3
0762a3
0862a4
0962a4
0a62a5
0b62a5
0c62a6
0d62a6
0e62a7
0f62a7
1062a8
1162a8
1262a9
1362a9
1462aa
1562aa
1662ab
1762ab
1862ac
1962ac
1a62ad
1b62ad
1c62ae
1d62ae
1e62af
1f62af
2062b0
2162b0
2262b1
2362b1
2462b2
2562b2
2662b3
2762b3
2862b4
2962b4
2a62b5
2b62b5
2c62b6
2d62b6
2e62b7
2f62b7
3062b8
3162b8
3262b9
3362b9
3462ba
3562ba
3662bb
3762bb
3862bc
3962bc
3a62bd
3b62bd
3c62be
3d62be
000000
000000
000000
000000
026321
036321
046322
056322
066323
076323
086324
096324
0a6325
0b6325
0c6326
0d6326
0e6327
0f6327
106328
116328
126329
136329
14632a
15632a
16632b
17632b
18632c
19632c
1a632d
1b632d
1c632e
1d632e
1e632f
1f632f
206330
216330
226331
236331
246332
256332
266333
276333
286334
296334
2a6335
2b6335
2c6336
2d6336
2e6337
2f6337
306338
316338
326339
336339
34633a
35633a
36633b
37633b
38633c
39633c
3a633d
3b633d
3c633e
3d633e
3e633f
3f633f
406340
416340
426341
436341
446342
456342
466343
476343
486344
496344
4a6345
4b6345
4c6346
4d6346
4e6347
4f6347
506348
516348
526349
536349
54634a
55634a
56634b
57634b
58634c
59634c
5a634d
5b634d
5c634e
5d634e
5e634f
5f634f
606350
616350
626351
636351
646352
656352
666353
676353
686354
696354
6a6355
6b6355
6c6356
6d6356
6e6357
6f6357
706358
716358
726359
736359
74635a
75635a
76635b
77635b
78635c
79635c
7a635d
7b635d
7c635e
7d635e
7e635f
7f635f
806360
816360
826361
836361
846362
856362
866363
876363
886364
896364
8a6365
8b6365
8c6366
8d6366
8e6367
8f6367
906368
916368
926369
936369
94636a
95636a
96636b
97636b
98636c
99636c
9a636d
9b636d
9c636e
9d636e
9e636f
9f636f
a06370
a16370
a26371
a36371
a46372
a56372
a66373
a76373
a86374
a96374
aa6375
ab6375
ac6376
ad6376
ae6377
af6377
b06378
b16378
b26379
b36379
b4637a
b5637a
b6637b
b7637b
b8637c
b9637c
ba637d
bb637d
bc637e
bd637e
be637f
bf637f
c06380
c16380
c26381
c36381
c46382
c56382
c66383
c76383
c86384
c96384
ca6385
cb6385
cc6386
cd6386
ce6387
cf6387
d06388
d16388
d26389
d36389
d4638a
d5638a
d6638b
d7638b
d8638c
d9638c
da638d
db638d
dc638e
dd638e
de638f
df638f
e06390
e16390
e26391
e36391
e46392
e56392
e66393
e76393
e86394
e96394
ea6395
eb6395
ec6396
ed6396
ee6397
ef6397
f06398
f16398
f26399
f36399
f4639a
f5639a
f6639b
f7639b
f8639c
f9639c
fa639d
fb639d
fc639e
fd639e
ee639f
af639f
5063a0
1163a0
0263a1
0363a1
0463a2
0563a2
0663a3
0763a3
0863a4
0963a4
0a63a5
0b63a5
0c63a6
0d63a6
0e63a7
0f63a7
1063a8
1163a8
1263a9
1363a9
1463aa
1563aa
1663ab
1763ab
1863ac
1963ac
1a63ad
1b63ad
1c63ae
1d63ae
1e63af
1f63af
2063b0
2163b0
2263b1
2363b1
2463b2
2563b2
2663b3
2763b3
2863b4
2963b4
2a63b5
2b63b5
2c63b6
2d63b6
2e63b7
2f63b7
3063b8
3163b8
3263b9
3363b9
3463ba
3563ba
3663bb
3763bb
3863bc
3963bc
3a63bd
3b63bd
3c63be
3d63be
000000
000000
000000
000000
026421
036422
046422
056423
066423
076424
086424
096425
0a6425
0b6426
0c6426
0d6427
0e6427
0f6428
106428
116429
126429
13642a
14642a
15642b
16642b
17642c
18642c
19642d
1a642d
1b642e
1c642e
1d642f
1e642f
1f6430
206430
216431
226431
236432
246432
256433
266433
276434
286434
296435
2a6435
2b6436
2c6436
2d6437
2e6437
2f6438
306438
316439
326439
33643a
34643a
35643b
36643b
37643c
38643c
39643d
3a643d
3b643e
3c643e
3d643f
3e643f
3f6440
406440
416441
426441
436442
446442
456443
466443
476444
486444
496445
4a6445
4b6446
4c6446
4d6447
4e6447
4f6448
506448
516449
526449
53644a
54644a
55644b
56644b
57644c
58644c
59644d
5a644d
5b644e
5c644e
5d644f
5e644f
5f6450
606450
616451
626451
636452
646452
656453
666453
676454
686454
696455
6a6455
6b6456
6c6456
6d6457
6e6457
6f6458
706458
716459
726459
73645a
74645a
75645b
76645b
77645c
78645c
79645d
7a645d
7b645e
7c645e
7d645f
7e645f
7f6460
806460
816461
826461
836462
846462
856463
866463
876464
886464
896465
8a6465
8b6466
8c6466
8d6467
8e6467
8f6468
906468
916469
926469
93646a
94646a
95646b
96646b
97646c
98646c
99646d
9a646d
9b646e
9c646e
9d646f
9e646f
9f6470
a06470
a16471
a26471
a36472
a46472
a56473
a66473
a76474
a86474
a96475
aa6475
ab6476
ac6476
ad6477
ae6477
af6478
b06478
b16479
b26479
b3647a
b4647a
b5647b
b6647b
b7647c
b8647c
b9647d
ba647d
bb647e
bc647e
bd647f
be647f
bf6480
c06480
c16481
c26481
c36482
c46482
c56483
c66483
c76484
c86484
c96485
ca6485
cb6486
cc6486
cd6487
ce6487
cf6488
d06488
d16489
d26489
d3648a
d4648a
d5648b
d6648b
d7648c
d8648c
d9648d
da648d
db648e
dc648e
dd648f
de648f
df6490
e06490
e16491
e26491
e36492
e46492
e56493
e66493
e76494
e86494
e96495
ea6495
eb6496
ec6496
ed6497
ee6497
ef6498
f06498
f16499
f26499
f3649a
f4649a
f5649b
f6649b
f7649c
f8649c
f9649d
fa649d
fb649e
fc649e
fd649f
ee649f
af64a0
5064a0
1164a1
0264a1
0364a2
0464a2
0564a3
0664a3
0764a4
0864a4
0964a5
0a64a5
0b64a6
0c64a6
0d64a7
0e64a7
0f64a8
1064a8
1164a9
1264a9
1364aa
1464aa
1564ab
1664ab
1764ac
1864ac
1964ad
1a64ad
1b64ae
1c64ae
1d64af
1e64af
1f64b0
2064b0
2164b1
2264b1
2364b2
2464b2
2564b3
2664b3
2764b4
2864b4
2964b5
2a64b5
2b64b6
2c64b6
2d64b7
2e64b7
2f64b8
3064b8
3164b9
3264b9
3364ba
3464ba
3564bb
3664bb
3764bc
3864bc
3964bd
3a64bd
3b64be
3c64be
3d64bf
000000
000000
000000
000000
026522
036522
046523
056523
066524
076524
086525
096525
0a6526
0b6526
0c6527
0d6527
0e6528
0f6528
106529
116529
12652a
13652a
14652b
15652b
16652c
17652c
18652d
19652d
1a652e
1b652e
1c652f
1d652f
1e6530
1f6530
206531
216531
226532
236532
246533
256533
266534
276534
286535
296535
2a6536
2b6536
2c6537
2d6537
2e6538
2f6538
306539
316539
32653a
33653a
34653b
35653b
36653c
37653c
38653d
39653d
3a653e
3b653e
3c653f
3d653f
3e6540
3f6540
406541
416541
426542
436542
446543
456543
466544
476544
486545
496545
4a6546
4b6546
4c6547
4d6547
4e6548
4f6548
506549
516549
52654a
53654a
54654b
55654b
56654c
57654c
58654d
59654d
5a654e
5b654e
5c654f
5d654f
5e6550
5f6550
606551
616551
626552
636552
646553
656553
666554
676554
686555
696555
6a6556
6b6556
6c6557
6d6557
6e6558
6f6558
706559
716559
72655a
73655a
74655b
75655b
76655c
77655c
78655d
79655d
7a655e
7b655e
7c655f
7d655f
7e6560
7f6560
806561
816561
826562
836562
846563
856563
866564
876564
886565
896565
8a6566
8b6566
8c6567
8d6567
8e6568
8f6568
906569
916569
92656a
93656a
94656b
95656b
96656c
97656c
98656d
99656d
9a656e
9b656e
9c656f
9d656f
9e6570
9f6570
a06571
a16571
a26572
a36572
a46573
a56573
a66574
a76574
a86575
a96575
aa6576
ab6576
ac6577
ad6577
ae6578
af6578
b06579
b16579
b2657a
b3657a
b4657b
b5657b
b6657c
b7657c
b8657d
b9657d
ba657e
bb657e
bc657f
bd657f
be6580
bf6580
c06581
c16581
c26582
c36582
c46583
c56583
c66584
c76584
c86585
c96585
ca6586
cb6586
cc6587
cd6587
ce6588
cf6588
d06589
d16589
d2658a
d3658a
d4658b
d5658b
d6658c
d7658c
d8658d
d9658d
da658e
db658e
dc658f
dd658f
de6590
df6590
e06591
e16591
e26592
e36592
e46593
e56593
e66594
e76594
e86595
e96595
ea6596
eb6596
ec6597
ed6597
ee6598
ef6598
f06599
f16599
f2659a
f3659a
f4659b
f5659b
f6659c
f7659c
f8659d
f9659d
fa659e
fb659e
fc659f
fd659f
ee65a0
af65a0
5065a1
1165a1
0265a2
0365a2
0465a3
0565a3
0665a4
0765a4
0865a5
0965a5
0a65a6
0b65a6
0c65a7
0d65a7
0e65a8
0f65a8
1065a9
1165a9
1265aa
1365aa
1465ab
1565ab
1665ac
1765ac
1865ad
1965ad
1a65ae
1b65ae
1c65af
1d65af
1e65b0
1f65b0
2065b1
2165b1
2265b2
2365b2
2465b3
2565b3
2665b4
2765b4
2865b5
2965b5
2a65b6
2b65b6
2c65b7
2d65b7
2e65b8
2f65b8
3065b9
3165b9
3265ba
3365ba
3465bb
3565bb
3665bc
3765bc
3865bd
3965bd
3a65be
3b65be
3c65bf
3d65bf
000000
000000
000000
000000
026622
036622
046623
056623
066624
076624
086625
096625
0a6626
0b6626
0c6627
0d6627
0e6628
0f6628
106629
116629
12662a
13662a
14662b
15662b
16662c
17662c
18662d
19662d
1a662e
1b662e
1c662f
1d662f
1e6630
1f6630
206631
216631
226632
236632
246633
256633
266634
276634
286635
296635
2a6636
2b6636
2c6637
2d6637
2e6638
2f6638
306639
316639
32663a
33663a
34663b
35663b
36663c
37663c
38663d
39663d
3a663e
3b663e
3c663f
3d663f
3e6640
3f6640
406641
416641
426642
436642
446643
456643
466644
476644
486645
496645
4a6646
4b6646
4c6647
4d6647
4e6648
4f6648
506649
516649
52664a
53664a
54664b
55664b
56664c
57664c
58664d
59664d
5a664e
5b664e
5c664f
5d664f
5e6650
5f6650
606651
616651
626652
636652
646653
656653
666654
676654
686655
696655
6a6656
6b6656
6c6657
6d6657
6e6658
6f6658
706659
716659
72665a
73665a
74665b
75665b
76665c
77665c
78665d
79665d
7a665e
7b665e
7c665f
7d665f
7e6660
7f6660
806661
816661
826662
836662
846663
856663
866664
876664
886665
896665
8a6666
8b6666
8c6667
8d6667
8e6668
8f6668
906669
916669
92666a
93666a
94666b
95666b
96666c
97666c
98666d
99666d
9a666e
9b666e
9c666f
9d666f
9e6670
9f6670
a06671
a16671
a26672
a36672
a46673
a56673
a66674
a76674
a86675
a96675
aa6676
ab6676
ac6677
ad6677
ae6678
af6678
b06679
b16679
b2667a
b3667a
b4667b
b5667b
b6667c
b7667c
b8667d
b9667d
ba667e
bb667e
bc667f
bd667f
be6680
bf6680
c06681
c16681
c26682
c36682
c46683
c56683
c66684
c76684
c86685
c96685
ca6686
cb6686
cc6687
cd6687
ce6688
cf6688
d06689
d16689
d2668a
d3668a
d4668b
d5668b
d6668c
d7668c
d8668d
d9668d
da668e
db668e
dc668f
dd668f
de6690
df6690
e06691
e16691
e26692
e36692
e46693
e56693
e66694
e76694
e86695
e96695
ea6696
eb6696
ec6697
ed6697
ee6698
ef6698
f06699
f16699
f2669a
f3669a
f4669b
f5669b
f6669c
f7669c
f8669d
f9669d
fa669e
fb669e
fc669f
fd669f
ee66a0
af66a0
5066a1
1166a1
0266a2
0366a2
0466a3
0566a3
0666a4
0766a4
0866a5
0966a5
0a66a6
0b66a6
0c66a7
0d66a7
0e66a8
0f66a8
1066a9
1166a9
1266aa
1366aa
1466ab
1566ab
1666ac
1766ac
1866ad
1966ad
1a66ae
1b66ae
1c66af
1d66af
1e66b0
1f66b0
2066b1
2166b1
2266b2
2366b2
2466b3
2566b3
2666b4
2766b4
2866b5
2966b5
2a66b6
2b66b6
2c66b7
2d66b7
2e66b8
2f66b8
3066b9
3166b9
3266ba
3366ba
3466bb
3566bb
3666bc
3766bc
3866bd
3966bd
3a66be
3b66be
3c66bf
3d66bf
000000
000000
000000
000000
026722
036723
046723
056724
066724
076725
086725
096726
0a6726
0b6727
0c6727
0d6728
0e6728
0f6729
106729
11672a
12672a
13672b
14672b
15672c
16672c
17672d
18672d
19672e
1a672e
1b672f
1c672f
1d6730
1e6730
1f6731
206731
216732
226732
236733
246733
256734
266734
276735
286735
296736
2a6736
2b6737
2c6737
2d6738
2e6738
2f6739
306739
31673a
32673a
33673b
34673b
35673c
36673c
37673d
38673d
39673e
3a673e
3b673f
3c673f
3d6740
3e6740
3f6741
406741
416742
426742
436743
446743
456744
466744
476745
486745
496746
4a6746
4b6747
4c6747
4d6748
4e6748
4f6749
506749
51674a
52674a
53674b
54674b
55674c
56674c
57674d
58674d
59674e
5a674e
5b674f
5c674f
5d6750
5e6750
5f6751
606751
616752
626752
636753
646753
656754
666754
676755
686755
696756
6a6756
6b6757
6c6757
6d6758
6e6758
6f6759
706759
71675a
72675a
73675b
74675b
75675c
76675c
77675d
78675d
79675e
7a675e
7b675f
7c675f
7d6760
7e6760
7f6761
806761
816762
826762
836763
846763
856764
866764
876765
886765
896766
8a6766
8b6767
8c6767
8d6768
8e6768
8f6769
906769
91676a
92676a
93676b
94676b
95676c
96676c
97676d
98676d
99676e
9a676e
9b676f
9c676f
9d6770
9e6770
9f6771
a06771
a16772
a26772
a36773
a46773
a56774
a66774
a76775
a86775
a96776
aa6776
ab6777
ac6777
ad6778
ae6778
af6779
b06779
b1677a
b2677a
b3677b
b4677b
b5677c
b6677c
b7677d
b8677d
b9677e
ba677e
bb677f
bc677f
bd6780
be6780
bf6781
c06781
c16782
c26782
c36783
c46783
c56784
c66784
c76785
c86785
c96786
ca6786
cb6787
cc6787
cd6788
ce6788
cf6789
d06789
d1678a
d2678a
d3678b
d4678b
d5678c
d6678c
d7678d
d8678d
d9678e
da678e
db678f
dc678f
dd6790
de6790
df6791
e06791
e16792
e26792
e36793
e46793
e56794
e66794
e76795
e86795
e96796
ea6796
eb6797
ec6797
ed6798
ee6798
ef6799
f06799
f1679a
f2679a
f3679b
f4679b
f5679c
f6679c
f7679d
f8679d
f9679e
fa679e
fb679f
fc679f
fd67a0
ee67a0
af67a1
5067a1
1167a2
0267a2
0367a3
0467a3
0567a4
0667a4
0767a5
0867a5
0967a6
0a67a6
0b67a7
0c67a7
0d67a8
0e67a8
0f67a9
1067a9
1167aa
1267aa
1367ab
1467ab
1567ac
1667ac
1767ad
1867ad
1967ae
1a67ae
1b67af
1c67af
1d67b0
1e67b0
1f67b1
2067b1
2167b2
2267b2
2367b3
2467b3
2567b4
2667b4
2767b5
2867b5
2967b6
2a67b6
2b67b7
2c67b7
2d67b8
2e67b8
2f67b9
3067b9
3167ba
3267ba
3367bb
3467bb
3567bc
3667bc
3767bd
3867bd
3967be
3a67be
3b67bf
3c67bf
3d67c0
000000
000000
000000
000000
026823
036823
046824
056824
066825
076825
086826
096826
0a6827
0b6827
0c6828
0d6828
0e6829
0f6829
10682a
11682a
12682b
13682b
14682c
15682c
16682d
17682d
18682e
19682e
1a682f
1b682f
1c6830
1d6830
1e6831
1f6831
206832
216832
226833
236833
246834
256834
266835
276835
286836
296836
2a6837
2b6837
2c6838
2d6838
2e6839
2f6839
30683a
31683a
32683b
33683b
34683c
35683c
36683d
37683d
38683e
39683e
3a683f
3b683f
3c6840
3d6840
3e6841
3f6841
406842
416842
426843
436843
446844
456844
466845
476845
486846
496846
4a6847
4b6847
4c6848
4d6848
4e6849
4f6849
50684a
51684a
52684b
53684b
54684c
55684c
56684d
57684d
58684e
59684e
5a684f
5b684f
5c6850
5d6850
5e6851
5f6851
606852
616852
626853
636853
646854
656854
666855
676855
686856
696856
6a6857
6b6857
6c6858
6d6858
6e6859
6f6859
70685a
71685a
72685b
73685b
74685c
75685c
76685d
77685d
78685e
79685e
7a685f
7b685f
7c6860
7d6860
7e6861
7f6861
806862
816862
826863
836863
846864
856864
866865
876865
886866
896866
8a6867
8b6867
8c6868
8d6868
8e6869
8f6869
90686a
91686a
92686b
93686b
94686c
95686c
96686d
97686d
98686e
99686e
9a686f
9b686f
9c6870
9d6870
9e6871
9f6871
a06872
a16872
a26873
a36873
a46874
a56874
a66875
a76875
a86876
a96876
aa6877
ab6877
ac6878
ad6878
ae6879
af6879
b0687a
b1687a
b2687b
b3687b
b4687c
b5687c
b6687d
b7687d
b8687e
b9687e
ba687f
bb687f
bc6880
bd6880
be6881
bf6881
c06882
c16882
c26883
c36883
c46884
c56884
c66885
c76885
c86886
c96886
ca6887
cb6887
cc6888
cd6888
ce6889
cf6889
d0688a
d1688a
d2688b
d3688b
d4688c
d5688c
d6688d
d7688d
d8688e
d9688e
da688f
db688f
dc6890
dd6890
de6891
df6891
e06892
e16892
e26893
e36893
e46894
e56894
e66895
e76895
e86896
e96896
ea6897
eb6897
ec6898
ed6898
ee6899
ef6899
f0689a
f1689a
f2689b
f3689b
f4689c
f5689c
f6689d
f7689d
f8689e
f9689e
fa689f
fb689f
fc68a0
fd68a0
ee68a1
af68a1
5068a2
1168a2
0268a3
0368a3
0468a4
0568a4
0668a5
0768a5
0868a6
0968a6
0a68a7
0b68a7
0c68a8
0d68a8
0e68a9
0f68a9
1068aa
1168aa
1268ab
1368ab
1468ac
1568ac
1668ad
1768ad
1868ae
1968ae
1a68af
1b68af
1c68b0
1d68b0
1e68b1
1f68b1
2068b2
2168b2
2268b3
2368b3
2468b4
2568b4
2668b5
2768b5
2868b6
2968b6
2a68b7
2b68b7
2c68b8
2d68b8
2e68b9
2f68b9
3068ba
3168ba
3268bb
3368bb
3468bc
3568bc
3668bd
3768bd
3868be
3968be
3a68bf
3b68bf
3c68c0
3d68c0
000000
000000
000000
000000
026923
036923
046924
056924
066925
076925
086926
096926
0a6927
0b6927
0c6928
0d6928
0e6929
0f6929
10692a
11692a
12692b
13692b
14692c
15692c
16692d
17692d
18692e
19692e
1a692f
1b692f
1c6930
1d6930
1e6931
1f6931
206932
216932
226933
236933
246934
256934
266935
276935
286936
296936
2a6937
2b6937
2c6938
2d6938
2e6939
2f6939
30693a
31693a
32693b
33693b
34693c
35693c
36693d
37693d
38693e
39693e
3a693f
3b693f
3c6940
3d6940
3e6941
3f6941
406942
416942
426943
436943
446944
456944
466945
476945
486946
496946
4a6947
4b6947
4c6948
4d6948
4e6949
4f6949
50694a
51694a
52694b
53694b
54694c
55694c
56694d
57694d
58694e
59694e
5a694f
5b694f
5c6950
5d6950
5e6951
5f6951
606952
616952
626953
636953
646954
656954
666955
676955
686956
696956
6a6957
6b6957
6c6958
6d6958
6e6959
6f6959
70695a
71695a
72695b
73695b
74695c
75695c
76695d
77695d
78695e
79695e
7a695f
7b695f
7c6960
7d6960
7e6961
7f6961
806962
816962
826963
836963
846964
856964
866965
876965
886966
896966
8a6967
8b6967
8c6968
8d6968
8e6969
8f6969
90696a
91696a
92696b
93696b
94696c
95696c
96696d
97696d
98696e
99696e
9a696f
9b696f
9c6970
9d6970
9e6971
9f6971
a06972
a16972
a26973
a36973
a46974
a56974
a66975
a76975
a86976
a96976
aa6977
ab6977
ac6978
ad6978
ae6979
af6979
b0697a
b1697a
b2697b
b3697b
b4697c
b5697c
b6697d
b7697d
b8697e
b9697e
ba697f
bb697f
bc6980
bd6980
be6981
bf6981
c06982
c16982
c26983
c36983
c46984
c56984
c66985
c76985
c86986
c96986
ca6987
cb6987
cc6988
cd6988
ce6989
cf6989
d0698a
d1698a
d2698b
d3698b
d4698c
d5698c
d6698d
d7698d
d8698e
d9698e
da698f
db698f
dc6990
dd6990
de6991
df6991
e06992
e16992
e26993
e36993
e46994
e56994
e66995
e76995
e86996
e96996
ea6997
eb6997
ec6998
ed6998
ee6999
ef6999
f0699a
f1699a
f2699b
f3699b
f4699c
f5699c
f6699d
f7699d
f8699e
f9699e
fa699f
fb699f
fc69a0
fd69a0
ee69a1
af69a1
5069a2
1169a2
0269a3
0369a3
0469a4
0569a4
0669a5
0769a5
0869a6
0969a6
0a69a7
0b69a7
0c69a8
0d69a8
0e69a9
0f69a9
1069aa
1169aa
1269ab
1369ab
1469ac
1569ac
1669ad
1769ad
1869ae
1969ae
1a69af
1b69af
1c69b0
1d69b0
1e69b1
1f69b1
2069b2
2169b2
2269b3
2369b3
2469b4
2569b4
2669b5
2769b5
2869b6
2969b6
2a69b7
2b69b7
2c69b8
2d69b8
2e69b9
2f69b9
3069ba
3169ba
3269bb
3369bb
3469bc
3569bc
3669bd
3769bd
3869be
3969be
3a69bf
3b69bf
3c69c0
3d69c0
000000
000000
000000
000000
026a23
036a24
046a24
056a25
066a25
076a26
086a26
096a27
0a6a27
0b6a28
0c6a28
0d6a29
0e6a29
0f6a2a
106a2a
116a2b
126a2b
136a2c
146a2c
156a2d
166a2d
176a2e
186a2e
196a2f
1a6a2f
1b6a30
1c6a30
1d6a31
1e6a31
1f6a32
206a32
216a33
226a33
236a34
246a34
256a35
266a35
276a36
286a36
296a37
2a6a37
2b6a38
2c6a38
2d6a39
2e6a39
2f6a3a
306a3a
316a3b
326a3b
336a3c
346a3c
356a3d
366a3d
376a3e
386a3e
396a3f
3a6a3f
3b6a40
3c6a40
3d6a41
3e6a41
3f6a42
406a42
416a43
426a43
436a44
446a44
456a45
466a45
476a46
486a46
496a47
4a6a47
4b6a48
4c6a48
4d6a49
4e6a49
4f6a4a
506a4a
516a4b
526a4b
536a4c
546a4c
556a4d
566a4d
576a4e
586a4e
596a4f
5a6a4f
5b6a50
5c6a50
5d6a51
5e6a51
5f6a52
606a52
616a53
626a53
636a54
646a54
656a55
666a55
676a56
686a56
696a57
6a6a57
6b6a58
6c6a58
6d6a59
6e6a59
6f6a5a
706a5a
716a5b
726a5b
736a5c
746a5c
756a5d
766a5d
776a5e
786a5e
796a5f
7a6a5f
7b6a60
7c6a60
7d6a61
7e6a61
7f6a62
806a62
816a63
826a63
836a64
846a64
856a65
866a65
876a66
886a66
896a67
8a6a67
8b6a68
8c6a68
8d6a69
8e6a69
8f6a6a
906a6a
916a6b
926a6b
936a6c
946a6c
956a6d
966a6d
976a6e
986a6e
996a6f
9a6a6f
9b6a70
9c6a70
9d6a71
9e6a71
9f6a72
a06a72
a16a73
a26a73
a36a74
a46a74
a56a75
a66a75
a76a76
a86a76
a96a77
aa6a77
ab6a78
ac6a78
ad6a79
ae6a79
af6a7a
b06a7a
b16a7b
b26a7b
b36a7c
b46a7c
b56a7d
b66a7d
b76a7e
b86a7e
b96a7f
ba6a7f
bb6a80
bc6a80
bd6a81
be6a81
bf6a82
c06a82
c16a83
c26a83
c36a84
c46a84
c56a85
c66a85
c76a86
c86a86
c96a87
ca6a87
cb6a88
cc6a88
cd6a89
ce6a89
cf6a8a
d06a8a
d16a8b
d26a8b
d36a8c
d46a8c
d56a8d
d66a8d
d76a8e
d86a8e
d96a8f
da6a8f
db6a90
dc6a90
dd6a91
de6a91
df6a92
e06a92
e16a93
e26a93
e36a94
e46a94
e56a95
e66a95
e76a96
e86a96
e96a97
ea6a97
eb6a98
ec6a98
ed6a99
ee6a99
ef6a9a
f06a9a
f16a9b
f26a9b
f36a9c
f46a9c
f56a9d
f66a9d
f76a9e
f86a9e
f96a9f
fa6a9f
fb6aa0
fc6aa0
fd6aa1
ee6aa1
af6aa2
506aa2
116aa3
026aa3
036aa4
046aa4
056aa5
066aa5
076aa6
086aa6
096aa7
0a6aa7
0b6aa8
0c6aa8
0d6aa9
0e6aa9
0f6aaa
106aaa
116aab
126aab
136aac
146aac
156aad
166aad
176aae
186aae
196aaf
1a6aaf
1b6ab0
1c6ab0
1d6ab1
1e6ab1
1f6ab2
206ab2
216ab3
226ab3
236ab4
246ab4
256ab5
266ab5
276ab6
286ab6
296ab7
2a6ab7
2b6ab8
2c6ab8
2d6ab9
2e6ab9
2f6aba
306aba
316abb
326abb
336abc
346abc
356abd
366abd
376abe
386abe
396abf
3a6abf
3b6ac0
3c6ac0
3d6ac1
000000
000000
000000
000000
026b24
036b24
046b25
056b25
066b26
076b26
086b27
096b27
0a6b28
0b6b28
0c6b29
0d6b29
0e6b2a
0f6b2a
106b2b
116b2b
126b2c
136b2c
146b2d
156b2d
166b2e
176b2e
186b2f
196b2f
1a6b30
1b6b30
1c6b31
1d6b31
1e6b32
1f6b32
206b33
216b33
226b34
236b34
246b35
256b35
266b36
276b36
286b37
296b37
2a6b38
2b6b38
2c6b39
2d6b39
2e6b3a
2f6b3a
306b3b
316b3b
326b3c
336b3c
346b3d
356b3d
366b3e
376b3e
386b3f
396b3f
3a6b40
3b6b40
3c6b41
3d6b41
3e6b42
3f6b42
406b43
416b43
426b44
436b44
446b45
456b45
466b46
476b46
486b47
496b47
4a6b48
4b6b48
4c6b49
4d6b49
4e6b4a
4f6b4a
506b4b
516b4b
526b4c
536b4c
546b4d
556b4d
566b4e
576b4e
586b4f
596b4f
5a6b50
5b6b50
5c6b51
5d6b51
5e6b52
5f6b52
606b53
616b53
626b54
636b54
646b55
656b55
666b56
676b56
686b57
696b57
6a6b58
6b6b58
6c6b59
6d6b59
6e6b5a
6f6b5a
706b5b
716b5b
726b5c
736b5c
746b5d
756b5d
766b5e
776b5e
786b5f
796b5f
7a6b60
7b6b60
7c6b61
7d6b61
7e6b62
7f6b62
806b63
816b63
826b64
836b64
846b65
856b65
866b66
876b66
886b67
896b67
8a6b68
8b6b68
8c6b69
8d6b69
8e6b6a
8f6b6a
906b6b
916b6b
926b6c
936b6c
946b6d
956b6d
966b6e
976b6e
986b6f
996b6f
9a6b70
9b6b70
9c6b71
9d6b71
9e6b72
9f6b72
a06b73
a16b73
a26b74
a36b74
a46b75
a56b75
a66b76
a76b76
a86b77
a96b77
aa6b78
ab6b78
ac6b79
ad6b79
ae6b7a
af6b7a
b06b7b
b16b7b
b26b7c
b36b7c
b46b7d
b56b7d
b66b7e
b76b7e
b86b7f
b96b7f
ba6b80
bb6b80
bc6b81
bd6b81
be6b82
bf6b82
c06b83
c16b83
c26b84
c36b84
c46b85
c56b85
c66b86
c76b86
c86b87
c96b87
ca6b88
cb6b88
cc6b89
cd6b89
ce6b8a
cf6b8a
d06b8b
d16b8b
d26b8c
d36b8c
d46b8d
d56b8d
d66b8e
d76b8e
d86b8f
d96b8f
da6b90
db6b90
dc6b91
dd6b91
de6b92
df6b92
e06b93
e16b93
e26b94
e36b94
e46b95
e56b95
e66b96
e76b96
e86b97
e96b97
ea6b98
eb6b98
ec6b99
ed6b99
ee6b9a
ef6b9a
f06b9b
f16b9b
f26b9c
f36b9c
f46b9d
f56b9d
f66b9e
f76b9e
f86b9f
f96b9f
fa6ba0
fb6ba0
fc6ba1
fd6ba1
ee6ba2
af6ba2
506ba3
116ba3
026ba4
036ba4
046ba5
056ba5
066ba6
076ba6
086ba7
096ba7
0a6ba8
0b6ba8
0c6ba9
0d6ba9
0e6baa
0f6baa
106bab
116bab
126bac
136bac
146bad
156bad
166bae
176bae
186baf
196baf
1a6bb0
1b6bb0
1c6bb1
1d6bb1
1e6bb2
1f6bb2
206bb3
216bb3
226bb4
236bb4
246bb5
256bb5
266bb6
276bb6
286bb7
296bb7
2a6bb8
2b6bb8
2c6bb9
2d6bb9
2e6bba
2f6bba
306bbb
316bbb
326bbc
336bbc
346bbd
356bbd
366bbe
376bbe
386bbf
396bbf
3a6bc0
3b6bc0
3c6bc1
3d6bc1
000000
000000
000000
000000
026c24
036c24
046c25
056c25
066c26
076c26
086c27
096c27
0a6c28
0b6c28
0c6c29
0d6c29
0e6c2a
0f6c2a
106c2b
116c2b
126c2c
136c2c
146c2d
156c2d
166c2e
176c2e
186c2f
196c2f
1a6c30
1b6c30
1c6c31
1d6c31
1e6c32
1f6c32
206c33
216c33
226c34
236c34
246c35
256c35
266c36
276c36
286c37
296c37
2a6c38
2b6c38
2c6c39
2d6c39
2e6c3a
2f6c3a
306c3b
316c3b
326c3c
336c3c
346c3d
356c3d
366c3e
376c3e
386c3f
396c3f
3a6c40
3b6c40
3c6c41
3d6c41
3e6c42
3f6c42
406c43
416c43
426c44
436c44
446c45
456c45
466c46
476c46
486c47
496c47
4a6c48
4b6c48
4c6c49
4d6c49
4e6c4a
4f6c4a
506c4b
516c4b
526c4c
536c4c
546c4d
556c4d
566c4e
576c4e
586c4f
596c4f
5a6c50
5b6c50
5c6c51
5d6c51
5e6c52
5f6c52
606c53
616c53
626c54
636c54
646c55
656c55
666c56
676c56
686c57
696c57
6a6c58
6b6c58
6c6c59
6d6c59
6e6c5a
6f6c5a
706c5b
716c5b
726c5c
736c5c
746c5d
756c5d
766c5e
776c5e
786c5f
796c5f
7a6c60
7b6c60
7c6c61
7d6c61
7e6c62
7f6c62
806c63
816c63
826c64
836c64
846c65
856c65
866c66
876c66
886c67
896c67
8a6c68
8b6c68
8c6c69
8d6c69
8e6c6a
8f6c6a
906c6b
916c6b
926c6c
936c6c
946c6d
956c6d
966c6e
976c6e
986c6f
996c6f
9a6c70
9b6c70
9c6c71
9d6c71
9e6c72
9f6c72
a06c73
a16c73
a26c74
a36c74
a46c75
a56c75
a66c76
a76c76
a86c77
a96c77
aa6c78
ab6c78
ac6c79
ad6c79
ae6c7a
af6c7a
b06c7b
b16c7b
b26c7c
b36c7c
b46c7d
b56c7d
b66c7e
b76c7e
b86c7f
b96c7f
ba6c80
bb6c80
bc6c81
bd6c81
be6c82
bf6c82
c06c83
c16c83
c26c84
c36c84
c46c85
c56c85
c66c86
c76c86
c86c87
c96c87
ca6c88
cb6c88
cc6c89
cd6c89
ce6c8a
cf6c8a
d06c8b
d16c8b
d26c8c
d36c8c
d46c8d
d56c8d
d66c8e
d76c8e
d86c8f
d96c8f
da6c90
db6c90
dc6c91
dd6c91
de6c92
df6c92
e06c93
e16c93
e26c94
e36c94
e46c95
e56c95
e66c96
e76c96
e86c97
e96c97
ea6c98
eb6c98
ec6c99
ed6c99
ee6c9a
ef6c9a
f06c9b
f16c9b
f26c9c
f36c9c
f46c9d
f56c9d
f66c9e
f76c9e
f86c9f
f96c9f
fa6ca0
fb6ca0
fc6ca1
fd6ca1
ee6ca2
af6ca2
506ca3
116ca3
026ca4
036ca4
046ca5
056ca5
066ca6
076ca6
086ca7
096ca7
0a6ca8
0b6ca8
0c6ca9
0d6ca9
0e6caa
0f6caa
106cab
116cab
126cac
136cac
146cad
156cad
166cae
176cae
186caf
196caf
1a6cb0
1b6cb0
1c6cb1
1d6cb1
1e6cb2
1f6cb2
206cb3
216cb3
226cb4
236cb4
246cb5
256cb5
266cb6
276cb6
286cb7
296cb7
2a6cb8
2b6cb8
2c6cb9
2d6cb9
2e6cba
2f6cba
306cbb
316cbb
326cbc
336cbc
346cbd
356cbd
366cbe
376cbe
386cbf
396cbf
3a6cc0
3b6cc0
3c6cc1
3d6cc1
000000
000000
000000
000000
026d24
036d25
046d25
056d26
066d26
076d27
086d27
096d28
0a6d28
0b6d29
0c6d29
0d6d2a
0e6d2a
0f6d2b
106d2b
116d2c
126d2c
136d2d
146d2d
156d2e
166d2e
176d2f
186d2f
196d30
1a6d30
1b6d31
1c6d31
1d6d32
1e6d32
1f6d33
206d33
216d34
226d34
236d35
246d35
256d36
266d36
276d37
286d37
296d38
2a6d38
2b6d39
2c6d39
2d6d3a
2e6d3a
2f6d3b
306d3b
316d3c
326d3c
336d3d
346d3d
356d3e
366d3e
376d3f
386d3f
396d40
3a6d40
3b6d41
3c6d41
3d6d42
3e6d42
3f6d43
406d43
416d44
426d44
436d45
446d45
456d46
466d46
476d47
486d47
496d48
4a6d48
4b6d49
4c6d49
4d6d4a
4e6d4a
4f6d4b
506d4b
516d4c
526d4c
536d4d
546d4d
556d4e
566d4e
576d4f
586d4f
596d50
5a6d50
5b6d51
5c6d51
5d6d52
5e6d52
5f6d53
606d53
616d54
626d54
636d55
646d55
656d56
666d56
676d57
686d57
696d58
6a6d58
6b6d59
6c6d59
6d6d5a
6e6d5a
6f6d5b
706d5b
716d5c
726d5c
736d5d
746d5d
756d5e
766d5e
776d5f
786d5f
796d60
7a6d60
7b6d61
7c6d61
7d6d62
7e6d62
7f6d63
806d63
816d64
826d64
836d65
846d65
856d66
866d66
876d67
886d67
896d68
8a6d68
8b6d69
8c6d69
8d6d6a
8e6d6a
8f6d6b
906d6b
916d6c
926d6c
936d6d
946d6d
956d6e
966d6e
976d6f
986d6f
996d70
9a6d70
9b6d71
9c6d71
9d6d72
9e6d72
9f6d73
a06d73
a16d74
a26d74
a36d75
a46d75
a56d76
a66d76
a76d77
a86d77
a96d78
aa6d78
ab6d79
ac6d79
ad6d7a
ae6d7a
af6d7b
b06d7b
b16d7c
b26d7c
b36d7d
b46d7d
b56d7e
b66d7e
b76d7f
b86d7f
b96d80
ba6d80
bb6d81
bc6d81
bd6d82
be6d82
bf6d83
c06d83
c16d84
c26d84
c36d85
c46d85
c56d86
c66d86
c76d87
c86d87
c96d88
ca6d88
cb6d89
cc6d89
cd6d8a
ce6d8a
cf6d8b
d06d8b
d16d8c
d26d8c
d36d8d
d46d8d
d56d8e
d66d8e
d76d8f
d86d8f
d96d90
da6d90
db6d91
dc6d91
dd6d92
de6d92
df6d93
e06d93
e16d94
e26d94
e36d95
e46d95
e56d96
e66d96
e76d97
e86d97
e96d98
ea6d98
eb6d99
ec6d99
ed6d9a
ee6d9a
ef6d9b
f06d9b
f16d9c
f26d9c
f36d9d
f46d9d
f56d9e
f66d9e
f76d9f
f86d9f
f96da0
fa6da0
fb6da1
fc6da1
fd6da2
ee6da2
af6da3
506da3
116da4
026da4
036da5
046da5
056da6
066da6
076da7
086da7
096da8
0a6da8
0b6da9
0c6da9
0d6daa
0e6daa
0f6dab
106dab
116dac
126dac
136dad
146dad
156dae
166dae
176daf
186daf
196db0
1a6db0
1b6db1
1c6db1
1d6db2
1e6db2
1f6db3
206db3
216db4
226db4
236db5
246db5
256db6
266db6
276db7
286db7
296db8
2a6db8
2b6db9
2c6db9
2d6dba
2e6dba
2f6dbb
306dbb
316dbc
326dbc
336dbd
346dbd
356dbe
366dbe
376dbf
386dbf
396dc0
3a6dc0
3b6dc1
3c6dc1
3d6dc2
000000
000000
000000
000000
026e25
036e25
046e26
056e26
066e27
076e27
086e28
096e28
0a6e29
0b6e29
0c6e2a
0d6e2a
0e6e2b
0f6e2b
106e2c
116e2c
126e2d
136e2d
146e2e
156e2e
166e2f
176e2f
186e30
196e30
1a6e31
1b6e31
1c6e32
1d6e32
1e6e33
1f6e33
206e34
216e34
226e35
236e35
246e36
256e36
266e37
276e37
286e38
296e38
2a6e39
2b6e39
2c6e3a
2d6e3a
2e6e3b
2f6e3b
306e3c
316e3c
326e3d
336e3d
346e3e
356e3e
366e3f
376e3f
386e40
396e40
3a6e41
3b6e41
3c6e42
3d6e42
3e6e43
3f6e43
406e44
416e44
426e45
436e45
446e46
456e46
466e47
476e47
486e48
496e48
4a6e49
4b6e49
4c6e4a
4d6e4a
4e6e4b
4f6e4b
506e4c
516e4c
526e4d
536e4d
546e4e
556e4e
566e4f
576e4f
586e50
596e50
5a6e51
5b6e51
5c6e52
5d6e52
5e6e53
5f6e53
606e54
616e54
626e55
636e55
646e56
656e56
666e57
676e57
686e58
696e58
6a6e59
6b6e59
6c6e5a
6d6e5a
6e6e5b
6f6e5b
706e5c
716e5c
726e5d
736e5d
746e5e
756e5e
766e5f
776e5f
786e60
796e60
7a6e61
7b6e61
7c6e62
7d6e62
7e6e63
7f6e63
806e64
816e64
826e65
836e65
846e66
856e66
866e67
876e67
886e68
896e68
8a6e69
8b6e69
8c6e6a
8d6e6a
8e6e6b
8f6e6b
906e6c
916e6c
926e6d
936e6d
946e6e
956e6e
966e6f
976e6f
986e70
996e70
9a6e71
9b6e71
9c6e72
9d6e72
9e6e73
9f6e73
a06e74
a16e74
a26e75
a36e75
a46e76
a56e76
a66e77
a76e77
a86e78
a96e78
aa6e79
ab6e79
ac6e7a
ad6e7a
ae6e7b
af6e7b
b06e7c
b16e7c
b26e7d
b36e7d
b46e7e
b56e7e
b66e7f
b76e7f
b86e80
b96e80
ba6e81
bb6e81
bc6e82
bd6e82
be6e83
bf6e83
c06e84
c16e84
c26e85
c36e85
c46e86
c56e86
c66e87
c76e87
c86e88
c96e88
ca6e89
cb6e89
cc6e8a
cd6e8a
ce6e8b
cf6e8b
d06e8c
d16e8c
d26e8d
d36e8d
d46e8e
d56e8e
d66e8f
d76e8f
d86e90
d96e90
da6e91
db6e91
dc6e92
dd6e92
de6e93
df6e93
e06e94
e16e94
e26e95
e36e95
e46e96
e56e96
e66e97
e76e97
e86e98
e96e98
ea6e99
eb6e99
ec6e9a
ed6e9a
ee6e9b
ef6e9b
f06e9c
f16e9c
f26e9d
f36e9d
f46e9e
f56e9e
f66e9f
f76e9f
f86ea0
f96ea0
fa6ea1
fb6ea1
fc6ea2
fd6ea2
ee6ea3
af6ea3
506ea4
116ea4
026ea5
036ea5
046ea6
056ea6
066ea7
076ea7
086ea8
096ea8
0a6ea9
0b6ea9
0c6eaa
0d6eaa
0e6eab
0f6eab
106eac
116eac
126ead
136ead
146eae
156eae
166eaf
176eaf
186eb0
196eb0
1a6eb1
1b6eb1
1c6eb2
1d6eb2
1e6eb3
1f6eb3
206eb4
216eb4
226eb5
236eb5
246eb6
256eb6
266eb7
276eb7
286eb8
296eb8
2a6eb9
2b6eb9
2c6eba
2d6eba
2e6ebb
2f6ebb
306ebc
316ebc
326ebd
336ebd
346ebe
356ebe
366ebf
376ebf
386ec0
396ec0
3a6ec1
3b6ec1
3c6ec2
3d6ec2
000000
000000
000000
000000
026f25
036f25
046f26
056f26
066f27
076f27
086f28
096f28
0a6f29
0b6f29
0c6f2a
0d6f2a
0e6f2b
0f6f2b
106f2c
116f2c
126f2d
136f2d
146f2e
156f2e
166f2f
176f2f
186f30
196f30
1a6f31
1b6f31
1c6f32
1d6f32
1e6f33
1f6f33
206f34
216f34
226f35
236f35
246f36
256f36
266f37
276f37
286f38
296f38
2a6f39
2b6f39
2c6f3a
2d6f3a
2e6f3b
2f6f3b
306f3c
316f3c
326f3d
336f3d
346f3e
356f3e
366f3f
376f3f
386f40
396f40
3a6f41
3b6f41
3c6f42
3d6f42
3e6f43
3f6f43
406f44
416f44
426f45
436f45
446f46
456f46
466f47
476f47
486f48
496f48
4a6f49
4b6f49
4c6f4a
4d6f4a
4e6f4b
4f6f4b
506f4c
516f4c
526f4d
536f4d
546f4e
556f4e
566f4f
576f4f
586f50
596f50
5a6f51
5b6f51
5c6f52
5d6f52
5e6f53
5f6f53
606f54
616f54
626f55
636f55
646f56
656f56
666f57
676f57
686f58
696f58
6a6f59
6b6f59
6c6f5a
6d6f5a
6e6f5b
6f6f5b
706f5c
716f5c
726f5d
736f5d
746f5e
756f5e
766f5f
776f5f
786f60
796f60
7a6f61
7b6f61
7c6f62
7d6f62
7e6f63
7f6f63
806f64
816f64
826f65
836f65
846f66
856f66
866f67
876f67
886f68
896f68
8a6f69
8b6f69
8c6f6a
8d6f6a
8e6f6b
8f6f6b
906f6c
916f6c
926f6d
936f6d
946f6e
956f6e
966f6f
976f6f
986f70
996f70
9a6f71
9b6f71
9c6f72
9d6f72
9e6f73
9f6f73
a06f74
a16f74
a26f75
a36f75
a46f76
a56f76
a66f77
a76f77
a86f78
a96f78
aa6f79
ab6f79
ac6f7a
ad6f7a
ae6f7b
af6f7b
b06f7c
b16f7c
b26f7d
b36f7d
b46f7e
b56f7e
b66f7f
b76f7f
b86f80
b96f80
ba6f81
bb6f81
bc6f82
bd6f82
be6f83
bf6f83
c06f84
c16f84
c26f85
c36f85
c46f86
c56f86
c66f87
c76f87
c86f88
c96f88
ca6f89
cb6f89
cc6f8a
cd6f8a
ce6f8b
cf6f8b
d06f8c
d16f8c
d26f8d
d36f8d
d46f8e
d56f8e
d66f8f
d76f8f
d86f90
d96f90
da6f91
db6f91
dc6f92
dd6f92
de6f93
df6f93
e06f94
e16f94
e26f95
e36f95
e46f96
e56f96
e66f97
e76f97
e86f98
e96f98
ea6f99
eb6f99
ec6f9a
ed6f9a
ee6f9b
ef6f9b
f06f9c
f16f9c
f26f9d
f36f9d
f46f9e
f56f9e
f66f9f
f76f9f
f86fa0
f96fa0
fa6fa1
fb6fa1
fc6fa2
fd6fa2
ee6fa3
af6fa3
506fa4
116fa4
026fa5
036fa5
046fa6
056fa6
066fa7
076fa7
086fa8
096fa8
0a6fa9
0b6fa9
0c6faa
0d6faa
0e6fab
0f6fab
106fac
116fac
126fad
136fad
146fae
156fae
166faf
176faf
186fb0
196fb0
1a6fb1
1b6fb1
1c6fb2
1d6fb2
1e6fb3
1f6fb3
206fb4
216fb4
226fb5
236fb5
246fb6
256fb6
266fb7
276fb7
286fb8
296fb8
2a6fb9
2b6fb9
2c6fba
2d6fba
2e6fbb
2f6fbb
306fbc
316fbc
326fbd
336fbd
346fbe
356fbe
366fbf
376fbf
386fc0
396fc0
3a6fc1
3b6fc1
3c6fc2
3d6fc2
000000
000000
000000
000000
027025
037026
047026
057027
067027
077028
087028
097029
0a7029
0b702a
0c702a
0d702b
0e702b
0f702c
10702c
11702d
12702d
13702e
14702e
15702f
16702f
177030
187030
197031
1a7031
1b7032
1c7032
1d7033
1e7033
1f7034
207034
217035
227035
237036
247036
257037
267037
277038
287038
297039
2a7039
2b703a
2c703a
2d703b
2e703b
2f703c
30703c
31703d
32703d
33703e
34703e
35703f
36703f
377040
387040
397041
3a7041
3b7042
3c7042
3d7043
3e7043
3f7044
407044
417045
427045
437046
447046
457047
467047
477048
487048
497049
4a7049
4b704a
4c704a
4d704b
4e704b
4f704c
50704c
51704d
52704d
53704e
54704e
55704f
56704f
577050
587050
597051
5a7051
5b7052
5c7052
5d7053
5e7053
5f7054
607054
617055
627055
637056
647056
657057
667057
677058
687058
697059
6a7059
6b705a
6c705a
6d705b
6e705b
6f705c
70705c
71705d
72705d
73705e
74705e
75705f
76705f
777060
787060
797061
7a7061
7b7062
7c7062
7d7063
7e7063
7f7064
807064
817065
827065
837066
847066
857067
867067
877068
887068
897069
8a7069
8b706a
8c706a
8d706b
8e706b
8f706c
90706c
91706d
92706d
93706e
94706e
95706f
96706f
977070
987070
997071
9a7071
9b7072
9c7072
9d7073
9e7073
9f7074
a07074
a17075
a27075
a37076
a47076
a57077
a67077
a77078
a87078
a97079
aa7079
ab707a
ac707a
ad707b
ae707b
af707c
b0707c
b1707d
b2707d
b3707e
b4707e
b5707f
b6707f
b77080
b87080
b97081
ba7081
bb7082
bc7082
bd7083
be7083
bf7084
c07084
c17085
c27085
c37086
c47086
c57087
c67087
c77088
c87088
c97089
ca7089
cb708a
cc708a
cd708b
ce708b
cf708c
d0708c
d1708d
d2708d
d3708e
d4708e
d5708f
d6708f
d77090
d87090
d97091
da7091
db7092
dc7092
dd7093
de7093
df7094
e07094
e17095
e27095
e37096
e47096
e57097
e67097
e77098
e87098
e97099
ea7099
eb709a
ec709a
ed709b
ee709b
ef709c
f0709c
f1709d
f2709d
f3709e
f4709e
f5709f
f6709f
f770a0
f870a0
f970a1
fa70a1
fb70a2
fc70a2
fd70a3
ee70a3
af70a4
5070a4
1170a5
0270a5
0370a6
0470a6
0570a7
0670a7
0770a8
0870a8
0970a9
0a70a9
0b70aa
0c70aa
0d70ab
0e70ab
0f70ac
1070ac
1170ad
1270ad
1370ae
1470ae
1570af
1670af
1770b0
1870b0
1970b1
1a70b1
1b70b2
1c70b2
1d70b3
1e70b3
1f70b4
2070b4
2170b5
2270b5
2370b6
2470b6
2570b7
2670b7
2770b8
2870b8
2970b9
2a70b9
2b70ba
2c70ba
2d70bb
2e70bb
2f70bc
3070bc
3170bd
3270bd
3370be
3470be
3570bf
3670bf
3770c0
3870c0
3970c1
3a70c1
3b70c2
3c70c2
3d70c3
000000
000000
000000
000000
027126
037126
047127
057127
067128
077128
087129
097129
0a712a
0b712a
0c712b
0d712b
0e712c
0f712c
10712d
11712d
12712e
13712e
14712f
15712f
167130
177130
187131
197131
1a7132
1b7132
1c7133
1d7133
1e7134
1f7134
207135
217135
227136
237136
247137
257137
267138
277138
287139
297139
2a713a
2b713a
2c713b
2d713b
2e713c
2f713c
30713d
31713d
32713e
33713e
34713f
35713f
367140
377140
387141
397141
3a7142
3b7142
3c7143
3d7143
3e7144
3f7144
407145
417145
427146
437146
447147
457147
467148
477148
487149
497149
4a714a
4b714a
4c714b
4d714b
4e714c
4f714c
50714d
51714d
52714e
53714e
54714f
55714f
567150
577150
587151
597151
5a7152
5b7152
5c7153
5d7153
5e7154
5f7154
607155
617155
627156
637156
647157
657157
667158
677158
687159
697159
6a715a
6b715a
6c715b
6d715b
6e715c
6f715c
70715d
71715d
72715e
73715e
74715f
75715f
767160
777160
787161
797161
7a7162
7b7162
7c7163
7d7163
7e7164
7f7164
807165
817165
827166
837166
847167
857167
867168
877168
887169
897169
8a716a
8b716a
8c716b
8d716b
8e716c
8f716c
90716d
91716d
92716e
93716e
94716f
95716f
967170
977170
987171
997171
9a7172
9b7172
9c7173
9d7173
9e7174
9f7174
a07175
a17175
a27176
a37176
a47177
a57177
a67178
a77178
a87179
a97179
aa717a
ab717a
ac717b
ad717b
ae717c
af717c
b0717d
b1717d
b2717e
b3717e
b4717f
b5717f
b67180
b77180
b87181
b97181
ba7182
bb7182
bc7183
bd7183
be7184
bf7184
c07185
c17185
c27186
c37186
c47187
c57187
c67188
c77188
c87189
c97189
ca718a
cb718a
cc718b
cd718b
ce718c
cf718c
d0718d
d1718d
d2718e
d3718e
d4718f
d5718f
d67190
d77190
d87191
d97191
da7192
db7192
dc7193
dd7193
de7194
df7194
e07195
e17195
e27196
e37196
e47197
e57197
e67198
e77198
e87199
e97199
ea719a
eb719a
ec719b
ed719b
ee719c
ef719c
f0719d
f1719d
f2719e
f3719e
f4719f
f5719f
f671a0
f771a0
f871a1
f971a1
fa71a2
fb71a2
fc71a3
fd71a3
ee71a4
af71a4
5071a5
1171a5
0271a6
0371a6
0471a7
0571a7
0671a8
0771a8
0871a9
0971a9
0a71aa
0b71aa
0c71ab
0d71ab
0e71ac
0f71ac
1071ad
1171ad
1271ae
1371ae
1471af
1571af
1671b0
1771b0
1871b1
1971b1
1a71b2
1b71b2
1c71b3
1d71b3
1e71b4
1f71b4
2071b5
2171b5
2271b6
2371b6
2471b7
2571b7
2671b8
2771b8
2871b9
2971b9
2a71ba
2b71ba
2c71bb
2d71bb
2e71bc
2f71bc
3071bd
3171bd
3271be
3371be
3471bf
3571bf
3671c0
3771c0
3871c1
3971c1
3a71c2
3b71c2
3c71c3
3d71c3
000000
000000
000000
000000
027226
037226
047227
057227
067228
077228
087229
097229
0a722a
0b722a
0c722b
0d722b
0e722c
0f722c
10722d
11722d
12722e
13722e
14722f
15722f
167230
177230
187231
197231
1a7232
1b7232
1c7233
1d7233
1e7234
1f7234
207235
217235
227236
237236
247237
257237
267238
277238
287239
297239
2a723a
2b723a
2c723b
2d723b
2e723c
2f723c
30723d
31723d
32723e
33723e
34723f
35723f
367240
377240
387241
397241
3a7242
3b7242
3c7243
3d7243
3e7244
3f7244
407245
417245
427246
437246
447247
457247
467248
477248
487249
497249
4a724a
4b724a
4c724b
4d724b
4e724c
4f724c
50724d
51724d
52724e
53724e
54724f
55724f
567250
577250
587251
597251
5a7252
5b7252
5c7253
5d7253
5e7254
5f7254
607255
617255
627256
637256
647257
657257
667258
677258
687259
697259
6a725a
6b725a
6c725b
6d725b
6e725c
6f725c
70725d
71725d
72725e
73725e
74725f
75725f
767260
777260
787261
797261
7a7262
7b7262
7c7263
7d7263
7e7264
7f7264
807265
817265
827266
837266
847267
857267
867268
877268
887269
897269
8a726a
8b726a
8c726b
8d726b
8e726c
8f726c
90726d
91726d
92726e
93726e
94726f
95726f
967270
977270
987271
997271
9a7272
9b7272
9c7273
9d7273
9e7274
9f7274
a07275
a17275
a27276
a37276
a47277
a57277
a67278
a77278
a87279
a97279
aa727a
ab727a
ac727b
ad727b
ae727c
af727c
b0727d
b1727d
b2727e
b3727e
b4727f
b5727f
b67280
b77280
b87281
b97281
ba7282
bb7282
bc7283
bd7283
be7284
bf7284
c07285
c17285
c27286
c37286
c47287
c57287
c67288
c77288
c87289
c97289
ca728a
cb728a
cc728b
cd728b
ce728c
cf728c
d0728d
d1728d
d2728e
d3728e
d4728f
d5728f
d67290
d77290
d87291
d97291
da7292
db7292
dc7293
dd7293
de7294
df7294
e07295
e17295
e27296
e37296
e47297
e57297
e67298
e77298
e87299
e97299
ea729a
eb729a
ec729b
ed729b
ee729c
ef729c
f0729d
f1729d
f2729e
f3729e
f4729f
f5729f
f672a0
f772a0
f872a1
f972a1
fa72a2
fb72a2
fc72a3
fd72a3
ee72a4
af72a4
5072a5
1172a5
0272a6
0372a6
0472a7
0572a7
0672a8
0772a8
0872a9
0972a9
0a72aa
0b72aa
0c72ab
0d72ab
0e72ac
0f72ac
1072ad
1172ad
1272ae
1372ae
1472af
1572af
1672b0
1772b0
1872b1
1972b1
1a72b2
1b72b2
1c72b3
1d72b3
1e72b4
1f72b4
2072b5
2172b5
2272b6
2372b6
2472b7
2572b7
2672b8
2772b8
2872b9
2972b9
2a72ba
2b72ba
2c72bb
2d72bb
2e72bc
2f72bc
3072bd
3172bd
3272be
3372be
3472bf
3572bf
3672c0
3772c0
3872c1
3972c1
3a72c2
3b72c2
3c72c3
3d72c3
000000
000000
000000
000000
027326
037327
047327
057328
067328
077329
087329
09732a
0a732a
0b732b
0c732b
0d732c
0e732c
0f732d
10732d
11732e
12732e
13732f
14732f
157330
167330
177331
187331
197332
1a7332
1b7333
1c7333
1d7334
1e7334
1f7335
207335
217336
227336
237337
247337
257338
267338
277339
287339
29733a
2a733a
2b733b
2c733b
2d733c
2e733c
2f733d
30733d
31733e
32733e
33733f
34733f
357340
367340
377341
387341
397342
3a7342
3b7343
3c7343
3d7344
3e7344
3f7345
407345
417346
427346
437347
447347
457348
467348
477349
487349
49734a
4a734a
4b734b
4c734b
4d734c
4e734c
4f734d
50734d
51734e
52734e
53734f
54734f
557350
567350
577351
587351
597352
5a7352
5b7353
5c7353
5d7354
5e7354
5f7355
607355
617356
627356
637357
647357
657358
667358
677359
687359
69735a
6a735a
6b735b
6c735b
6d735c
6e735c
6f735d
70735d
71735e
72735e
73735f
74735f
757360
767360
777361
787361
797362
7a7362
7b7363
7c7363
7d7364
7e7364
7f7365
807365
817366
827366
837367
847367
857368
867368
877369
887369
89736a
8a736a
8b736b
8c736b
8d736c
8e736c
8f736d
90736d
91736e
92736e
93736f
94736f
957370
967370
977371
987371
997372
9a7372
9b7373
9c7373
9d7374
9e7374
9f7375
a07375
a17376
a27376
a37377
a47377
a57378
a67378
a77379
a87379
a9737a
aa737a
ab737b
ac737b
ad737c
ae737c
af737d
b0737d
b1737e
b2737e
b3737f
b4737f
b57380
b67380
b77381
b87381
b97382
ba7382
bb7383
bc7383
bd7384
be7384
bf7385
c07385
c17386
c27386
c37387
c47387
c57388
c67388
c77389
c87389
c9738a
ca738a
cb738b
cc738b
cd738c
ce738c
cf738d
d0738d
d1738e
d2738e
d3738f
d4738f
d57390
d67390
d77391
d87391
d97392
da7392
db7393
dc7393
dd7394
de7394
df7395
e07395
e17396
e27396
e37397
e47397
e57398
e67398
e77399
e87399
e9739a
ea739a
eb739b
ec739b
ed739c
ee739c
ef739d
f0739d
f1739e
f2739e
f3739f
f4739f
f573a0
f673a0
f773a1
f873a1
f973a2
fa73a2
fb73a3
fc73a3
fd73a4
ee73a4
af73a5
5073a5
1173a6
0273a6
0373a7
0473a7
0573a8
0673a8
0773a9
0873a9
0973aa
0a73aa
0b73ab
0c73ab
0d73ac
0e73ac
0f73ad
1073ad
1173ae
1273ae
1373af
1473af
1573b0
1673b0
1773b1
1873b1
1973b2
1a73b2
1b73b3
1c73b3
1d73b4
1e73b4
1f73b5
2073b5
2173b6
2273b6
2373b7
2473b7
2573b8
2673b8
2773b9
2873b9
2973ba
2a73ba
2b73bb
2c73bb
2d73bc
2e73bc
2f73bd
3073bd
3173be
3273be
3373bf
3473bf
3573c0
3673c0
3773c1
3873c1
3973c2
3a73c2
3b73c3
3c73c3
3d73c4
000000
000000
000000
000000
027427
037427
047428
057428
067429
077429
08742a
09742a
0a742b
0b742b
0c742c
0d742c
0e742d
0f742d
10742e
11742e
12742f
13742f
147430
157430
167431
177431
187432
197432
1a7433
1b7433
1c7434
1d7434
1e7435
1f7435
207436
217436
227437
237437
247438
257438
267439
277439
28743a
29743a
2a743b
2b743b
2c743c
2d743c
2e743d
2f743d
30743e
31743e
32743f
33743f
347440
357440
367441
377441
387442
397442
3a7443
3b7443
3c7444
3d7444
3e7445
3f7445
407446
417446
427447
437447
447448
457448
467449
477449
48744a
49744a
4a744b
4b744b
4c744c
4d744c
4e744d
4f744d
50744e
51744e
52744f
53744f
547450
557450
567451
577451
587452
597452
5a7453
5b7453
5c7454
5d7454
5e7455
5f7455
607456
617456
627457
637457
647458
657458
667459
677459
68745a
69745a
6a745b
6b745b
6c745c
6d745c
6e745d
6f745d
70745e
71745e
72745f
73745f
747460
757460
767461
777461
787462
797462
7a7463
7b7463
7c7464
7d7464
7e7465
7f7465
807466
817466
827467
837467
847468
857468
867469
877469
88746a
89746a
8a746b
8b746b
8c746c
8d746c
8e746d
8f746d
90746e
91746e
92746f
93746f
947470
957470
967471
977471
987472
997472
9a7473
9b7473
9c7474
9d7474
9e7475
9f7475
a07476
a17476
a27477
a37477
a47478
a57478
a67479
a77479
a8747a
a9747a
aa747b
ab747b
ac747c
ad747c
ae747d
af747d
b0747e
b1747e
b2747f
b3747f
b47480
b57480
b67481
b77481
b87482
b97482
ba7483
bb7483
bc7484
bd7484
be7485
bf7485
c07486
c17486
c27487
c37487
c47488
c57488
c67489
c77489
c8748a
c9748a
ca748b
cb748b
cc748c
cd748c
ce748d
cf748d
d0748e
d1748e
d2748f
d3748f
d47490
d57490
d67491
d77491
d87492
d97492
da7493
db7493
dc7494
dd7494
de7495
df7495
e07496
e17496
e27497
e37497
e47498
e57498
e67499
e77499
e8749a
e9749a
ea749b
eb749b
ec749c
ed749c
ee749d
ef749d
f0749e
f1749e
f2749f
f3749f
f474a0
f574a0
f674a1
f774a1
f874a2
f974a2
fa74a3
fb74a3
fc74a4
fd74a4
ee74a5
af74a5
5074a6
1174a6
0274a7
0374a7
0474a8
0574a8
0674a9
0774a9
0874aa
0974aa
0a74ab
0b74ab
0c74ac
0d74ac
0e74ad
0f74ad
1074ae
1174ae
1274af
1374af
1474b0
1574b0
1674b1
1774b1
1874b2
1974b2
1a74b3
1b74b3
1c74b4
1d74b4
1e74b5
1f74b5
2074b6
2174b6
2274b7
2374b7
2474b8
2574b8
2674b9
2774b9
2874ba
2974ba
2a74bb
2b74bb
2c74bc
2d74bc
2e74bd
2f74bd
3074be
3174be
3274bf
3374bf
3474c0
3574c0
3674c1
3774c1
3874c2
3974c2
3a74c3
3b74c3
3c74c4
3d74c4
000000
000000
000000
000000
027527
037527
047528
057528
067529
077529
08752a
09752a
0a752b
0b752b
0c752c
0d752c
0e752d
0f752d
10752e
11752e
12752f
13752f
147530
157530
167531
177531
187532
197532
1a7533
1b7533
1c7534
1d7534
1e7535
1f7535
207536
217536
227537
237537
247538
257538
267539
277539
28753a
29753a
2a753b
2b753b
2c753c
2d753c
2e753d
2f753d
30753e
31753e
32753f
33753f
347540
357540
367541
377541
387542
397542
3a7543
3b7543
3c7544
3d7544
3e7545
3f7545
407546
417546
427547
437547
447548
457548
467549
477549
48754a
49754a
4a754b
4b754b
4c754c
4d754c
4e754d
4f754d
50754e
51754e
52754f
53754f
547550
557550
567551
577551
587552
597552
5a7553
5b7553
5c7554
5d7554
5e7555
5f7555
607556
617556
627557
637557
647558
657558
667559
677559
68755a
69755a
6a755b
6b755b
6c755c
6d755c
6e755d
6f755d
70755e
71755e
72755f
73755f
747560
757560
767561
777561
787562
797562
7a7563
7b7563
7c7564
7d7564
7e7565
7f7565
807566
817566
827567
837567
847568
857568
867569
877569
88756a
89756a
8a756b
8b756b
8c756c
8d756c
8e756d
8f756d
90756e
91756e
92756f
93756f
947570
957570
967571
977571
987572
997572
9a7573
9b7573
9c7574
9d7574
9e7575
9f7575
a07576
a17576
a27577
a37577
a47578
a57578
a67579
a77579
a8757a
a9757a
aa757b
ab757b
ac757c
ad757c
ae757d
af757d
b0757e
b1757e
b2757f
b3757f
b47580
b57580
b67581
b77581
b87582
b97582
ba7583
bb7583
bc7584
bd7584
be7585
bf7585
c07586
c17586
c27587
c37587
c47588
c57588
c67589
c77589
c8758a
c9758a
ca758b
cb758b
cc758c
cd758c
ce758d
cf758d
d0758e
d1758e
d2758f
d3758f
d47590
d57590
d67591
d77591
d87592
d97592
da7593
db7593
dc7594
dd7594
de7595
df7595
e07596
e17596
e27597
e37597
e47598
e57598
e67599
e77599
e8759a
e9759a
ea759b
eb759b
ec759c
ed759c
ee759d
ef759d
f0759e
f1759e
f2759f
f3759f
f475a0
f575a0
f675a1
f775a1
f875a2
f975a2
fa75a3
fb75a3
fc75a4
fd75a4
ee75a5
af75a5
5075a6
1175a6
0275a7
0375a7
0475a8
0575a8
0675a9
0775a9
0875aa
0975aa
0a75ab
0b75ab
0c75ac
0d75ac
0e75ad
0f75ad
1075ae
1175ae
1275af
1375af
1475b0
1575b0
1675b1
1775b1
1875b2
1975b2
1a75b3
1b75b3
1c75b4
1d75b4
1e75b5
1f75b5
2075b6
2175b6
2275b7
2375b7
2475b8
2575b8
2675b9
2775b9
2875ba
2975ba
2a75bb
2b75bb
2c75bc
2d75bc
2e75bd
2f75bd
3075be
3175be
3275bf
3375bf
3475c0
3575c0
3675c1
3775c1
3875c2
3975c2
3a75c3
3b75c3
3c75c4
3d75c4
000000
000000
000000
000000
027627
037628
047628
057629
067629
07762a
08762a
09762b
0a762b
0b762c
0c762c
0d762d
0e762d
0f762e
10762e
11762f
12762f
137630
147630
157631
167631
177632
187632
197633
1a7633
1b7634
1c7634
1d7635
1e7635
1f7636
207636
217637
227637
237638
247638
257639
267639
27763a
28763a
29763b
2a763b
2b763c
2c763c
2d763d
2e763d
2f763e
30763e
31763f
32763f
337640
347640
357641
367641
377642
387642
397643
3a7643
3b7644
3c7644
3d7645
3e7645
3f7646
407646
417647
427647
437648
447648
457649
467649
47764a
48764a
49764b
4a764b
4b764c
4c764c
4d764d
4e764d
4f764e
50764e
51764f
52764f
537650
547650
557651
567651
577652
587652
597653
5a7653
5b7654
5c7654
5d7655
5e7655
5f7656
607656
617657
627657
637658
647658
657659
667659
67765a
68765a
69765b
6a765b
6b765c
6c765c
6d765d
6e765d
6f765e
70765e
71765f
72765f
737660
747660
757661
767661
777662
787662
797663
7a7663
7b7664
7c7664
7d7665
7e7665
7f7666
807666
817667
827667
837668
847668
857669
867669
87766a
88766a
89766b
8a766b
8b766c
8c766c
8d766d
8e766d
8f766e
90766e
91766f
92766f
937670
947670
957671
967671
977672
987672
997673
9a7673
9b7674
9c7674
9d7675
9e7675
9f7676
a07676
a17677
a27677
a37678
a47678
a57679
a67679
a7767a
a8767a
a9767b
aa767b
ab767c
ac767c
ad767d
ae767d
af767e
b0767e
b1767f
b2767f
b37680
b47680
b57681
b67681
b77682
b87682
b97683
ba7683
bb7684
bc7684
bd7685
be7685
bf7686
c07686
c17687
c27687
c37688
c47688
c57689
c67689
c7768a
c8768a
c9768b
ca768b
cb768c
cc768c
cd768d
ce768d
cf768e
d0768e
d1768f
d2768f
d37690
d47690
d57691
d67691
d77692
d87692
d97693
da7693
db7694
dc7694
dd7695
de7695
df7696
e07696
e17697
e27697
e37698
e47698
e57699
e67699
e7769a
e8769a
e9769b
ea769b
eb769c
ec769c
ed769d
ee769d
ef769e
f0769e
f1769f
f2769f
f376a0
f476a0
f576a1
f676a1
f776a2
f876a2
f976a3
fa76a3
fb76a4
fc76a4
fd76a5
ee76a5
af76a6
5076a6
1176a7
0276a7
0376a8
0476a8
0576a9
0676a9
0776aa
0876aa
0976ab
0a76ab
0b76ac
0c76ac
0d76ad
0e76ad
0f76ae
1076ae
1176af
1276af
1376b0
1476b0
1576b1
1676b1
1776b2
1876b2
1976b3
1a76b3
1b76b4
1c76b4
1d76b5
1e76b5
1f76b6
2076b6
2176b7
2276b7
2376b8
2476b8
2576b9
2676b9
2776ba
2876ba
2976bb
2a76bb
2b76bc
2c76bc
2d76bd
2e76bd
2f76be
3076be
3176bf
3276bf
3376c0
3476c0
3576c1
3676c1
3776c2
3876c2
3976c3
3a76c3
3b76c4
3c76c4
3d76c5
000000
000000
000000
000000
027728
037728
047729
057729
06772a
07772a
08772b
09772b
0a772c
0b772c
0c772d
0d772d
0e772e
0f772e
10772f
11772f
127730
137730
147731
157731
167732
177732
187733
197733
1a7734
1b7734
1c7735
1d7735
1e7736
1f7736
207737
217737
227738
237738
247739
257739
26773a
27773a
28773b
29773b
2a773c
2b773c
2c773d
2d773d
2e773e
2f773e
30773f
31773f
327740
337740
347741
357741
367742
377742
387743
397743
3a7744
3b7744
3c7745
3d7745
3e7746
3f7746
407747
417747
427748
437748
447749
457749
46774a
47774a
48774b
49774b
4a774c
4b774c
4c774d
4d774d
4e774e
4f774e
50774f
51774f
527750
537750
547751
557751
567752
577752
587753
597753
5a7754
5b7754
5c7755
5d7755
5e7756
5f7756
607757
617757
627758
637758
647759
657759
66775a
67775a
68775b
69775b
6a775c
6b775c
6c775d
6d775d
6e775e
6f775e
70775f
71775f
727760
737760
747761
757761
767762
777762
787763
797763
7a7764
7b7764
7c7765
7d7765
7e7766
7f7766
807767
817767
827768
837768
847769
857769
86776a
87776a
88776b
89776b
8a776c
8b776c
8c776d
8d776d
8e776e
8f776e
90776f
91776f
927770
937770
947771
957771
967772
977772
987773
997773
9a7774
9b7774
9c7775
9d7775
9e7776
9f7776
a07777
a17777
a27778
a37778
a47779
a57779
a6777a
a7777a
a8777b
a9777b
aa777c
ab777c
ac777d
ad777d
ae777e
af777e
b0777f
b1777f
b27780
b37780
b47781
b57781
b67782
b77782
b87783
b97783
ba7784
bb7784
bc7785
bd7785
be7786
bf7786
c07787
c17787
c27788
c37788
c47789
c57789
c6778a
c7778a
c8778b
c9778b
ca778c
cb778c
cc778d
cd778d
ce778e
cf778e
d0778f
d1778f
d27790
d37790
d47791
d57791
d67792
d77792
d87793
d97793
da7794
db7794
dc7795
dd7795
de7796
df7796
e07797
e17797
e27798
e37798
e47799
e57799
e6779a
e7779a
e8779b
e9779b
ea779c
eb779c
ec779d
ed779d
ee779e
ef779e
f0779f
f1779f
f277a0
f377a0
f477a1
f577a1
f677a2
f777a2
f877a3
f977a3
fa77a4
fb77a4
fc77a5
fd77a5
ee77a6
af77a6
5077a7
1177a7
0277a8
0377a8
0477a9
0577a9
0677aa
0777aa
0877ab
0977ab
0a77ac
0b77ac
0c77ad
0d77ad
0e77ae
0f77ae
1077af
1177af
1277b0
1377b0
1477b1
1577b1
1677b2
1777b2
1877b3
1977b3
1a77b4
1b77b4
1c77b5
1d77b5
1e77b6
1f77b6
2077b7
2177b7
2277b8
2377b8
2477b9
2577b9
2677ba
2777ba
2877bb
2977bb
2a77bc
2b77bc
2c77bd
2d77bd
2e77be
2f77be
3077bf
3177bf
3277c0
3377c0
3477c1
3577c1
3677c2
3777c2
3877c3
3977c3
3a77c4
3b77c4
3c77c5
3d77c5
000000
000000
000000
000000
027828
037828
047829
057829
06782a
07782a
08782b
09782b
0a782c
0b782c
0c782d
0d782d
0e782e
0f782e
10782f
11782f
127830
137830
147831
157831
167832
177832
187833
197833
1a7834
1b7834
1c7835
1d7835
1e7836
1f7836
207837
217837
227838
237838
247839
257839
26783a
27783a
28783b
29783b
2a783c
2b783c
2c783d
2d783d
2e783e
2f783e
30783f
31783f
327840
337840
347841
357841
367842
377842
387843
397843
3a7844
3b7844
3c7845
3d7845
3e7846
3f7846
407847
417847
427848
437848
447849
457849
46784a
47784a
48784b
49784b
4a784c
4b784c
4c784d
4d784d
4e784e
4f784e
50784f
51784f
527850
537850
547851
557851
567852
577852
587853
597853
5a7854
5b7854
5c7855
5d7855
5e7856
5f7856
607857
617857
627858
637858
647859
657859
66785a
67785a
68785b
69785b
6a785c
6b785c
6c785d
6d785d
6e785e
6f785e
70785f
71785f
727860
737860
747861
757861
767862
777862
787863
797863
7a7864
7b7864
7c7865
7d7865
7e7866
7f7866
807867
817867
827868
837868
847869
857869
86786a
87786a
88786b
89786b
8a786c
8b786c
8c786d
8d786d
8e786e
8f786e
90786f
91786f
927870
937870
947871
957871
967872
977872
987873
997873
9a7874
9b7874
9c7875
9d7875
9e7876
9f7876
a07877
a17877
a27878
a37878
a47879
a57879
a6787a
a7787a
a8787b
a9787b
aa787c
ab787c
ac787d
ad787d
ae787e
af787e
b0787f
b1787f
b27880
b37880
b47881
b57881
b67882
b77882
b87883
b97883
ba7884
bb7884
bc7885
bd7885
be7886
bf7886
c07887
c17887
c27888
c37888
c47889
c57889
c6788a
c7788a
c8788b
c9788b
ca788c
cb788c
cc788d
cd788d
ce788e
cf788e
d0788f
d1788f
d27890
d37890
d47891
d57891
d67892
d77892
d87893
d97893
da7894
db7894
dc7895
dd7895
de7896
df7896
e07897
e17897
e27898
e37898
e47899
e57899
e6789a
e7789a
e8789b
e9789b
ea789c
eb789c
ec789d
ed789d
ee789e
ef789e
f0789f
f1789f
f278a0
f378a0
f478a1
f578a1
f678a2
f778a2
f878a3
f978a3
fa78a4
fb78a4
fc78a5
fd78a5
ee78a6
af78a6
5078a7
1178a7
0278a8
0378a8
0478a9
0578a9
0678aa
0778aa
0878ab
0978ab
0a78ac
0b78ac
0c78ad
0d78ad
0e78ae
0f78ae
1078af
1178af
1278b0
1378b0
1478b1
1578b1
1678b2
1778b2
1878b3
1978b3
1a78b4
1b78b4
1c78b5
1d78b5
1e78b6
1f78b6
2078b7
2178b7
2278b8
2378b8
2478b9
2578b9
2678ba
2778ba
2878bb
2978bb
2a78bc
2b78bc
2c78bd
2d78bd
2e78be
2f78be
3078bf
3178bf
3278c0
3378c0
3478c1
3578c1
3678c2
3778c2
3878c3
3978c3
3a78c4
3b78c4
3c78c5
3d78c5
000000
000000
000000
000000
027928
037929
047929
05792a
06792a
07792b
08792b
09792c
0a792c
0b792d
0c792d
0d792e
0e792e
0f792f
10792f
117930
127930
137931
147931
157932
167932
177933
187933
197934
1a7934
1b7935
1c7935
1d7936
1e7936
1f7937
207937
217938
227938
237939
247939
25793a
26793a
27793b
28793b
29793c
2a793c
2b793d
2c793d
2d793e
2e793e
2f793f
30793f
317940
327940
337941
347941
357942
367942
377943
387943
397944
3a7944
3b7945
3c7945
3d7946
3e7946
3f7947
407947
417948
427948
437949
447949
45794a
46794a
47794b
48794b
49794c
4a794c
4b794d
4c794d
4d794e
4e794e
4f794f
50794f
517950
527950
537951
547951
557952
567952
577953
587953
597954
5a7954
5b7955
5c7955
5d7956
5e7956
5f7957
607957
617958
627958
637959
647959
65795a
66795a
67795b
68795b
69795c
6a795c
6b795d
6c795d
6d795e
6e795e
6f795f
70795f
717960
727960
737961
747961
757962
767962
777963
787963
797964
7a7964
7b7965
7c7965
7d7966
7e7966
7f7967
807967
817968
827968
837969
847969
85796a
86796a
87796b
88796b
89796c
8a796c
8b796d
8c796d
8d796e
8e796e
8f796f
90796f
917970
927970
937971
947971
957972
967972
977973
987973
997974
9a7974
9b7975
9c7975
9d7976
9e7976
9f7977
a07977
a17978
a27978
a37979
a47979
a5797a
a6797a
a7797b
a8797b
a9797c
aa797c
ab797d
ac797d
ad797e
ae797e
af797f
b0797f
b17980
b27980
b37981
b47981
b57982
b67982
b77983
b87983
b97984
ba7984
bb7985
bc7985
bd7986
be7986
bf7987
c07987
c17988
c27988
c37989
c47989
c5798a
c6798a
c7798b
c8798b
c9798c
ca798c
cb798d
cc798d
cd798e
ce798e
cf798f
d0798f
d17990
d27990
d37991
d47991
d57992
d67992
d77993
d87993
d97994
da7994
db7995
dc7995
dd7996
de7996
df7997
e07997
e17998
e27998
e37999
e47999
e5799a
e6799a
e7799b
e8799b
e9799c
ea799c
eb799d
ec799d
ed799e
ee799e
ef799f
f0799f
f179a0
f279a0
f379a1
f479a1
f579a2
f679a2
f779a3
f879a3
f979a4
fa79a4
fb79a5
fc79a5
fd79a6
ee79a6
af79a7
5079a7
1179a8
0279a8
0379a9
0479a9
0579aa
0679aa
0779ab
0879ab
0979ac
0a79ac
0b79ad
0c79ad
0d79ae
0e79ae
0f79af
1079af
1179b0
1279b0
1379b1
1479b1
1579b2
1679b2
1779b3
1879b3
1979b4
1a79b4
1b79b5
1c79b5
1d79b6
1e79b6
1f79b7
2079b7
2179b8
2279b8
2379b9
2479b9
2579ba
2679ba
2779bb
2879bb
2979bc
2a79bc
2b79bd
2c79bd
2d79be
2e79be
2f79bf
3079bf
3179c0
3279c0
3379c1
3479c1
3579c2
3679c2
3779c3
3879c3
3979c4
3a79c4
3b79c5
3c79c5
3d79c6
000000
000000
000000
000000
027a29
037a29
047a2a
057a2a
067a2b
077a2b
087a2c
097a2c
0a7a2d
0b7a2d
0c7a2e
0d7a2e
0e7a2f
0f7a2f
107a30
117a30
127a31
137a31
147a32
157a32
167a33
177a33
187a34
197a34
1a7a35
1b7a35
1c7a36
1d7a36
1e7a37
1f7a37
207a38
217a38
227a39
237a39
247a3a
257a3a
267a3b
277a3b
287a3c
297a3c
2a7a3d
2b7a3d
2c7a3e
2d7a3e
2e7a3f
2f7a3f
307a40
317a40
327a41
337a41
347a42
357a42
367a43
377a43
387a44
397a44
3a7a45
3b7a45
3c7a46
3d7a46
3e7a47
3f7a47
407a48
417a48
427a49
437a49
447a4a
457a4a
467a4b
477a4b
487a4c
497a4c
4a7a4d
4b7a4d
4c7a4e
4d7a4e
4e7a4f
4f7a4f
507a50
517a50
527a51
537a51
547a52
557a52
567a53
577a53
587a54
597a54
5a7a55
5b7a55
5c7a56
5d7a56
5e7a57
5f7a57
607a58
617a58
627a59
637a59
647a5a
657a5a
667a5b
677a5b
687a5c
697a5c
6a7a5d
6b7a5d
6c7a5e
6d7a5e
6e7a5f
6f7a5f
707a60
717a60
727a61
737a61
747a62
757a62
767a63
777a63
787a64
797a64
7a7a65
7b7a65
7c7a66
7d7a66
7e7a67
7f7a67
807a68
817a68
827a69
837a69
847a6a
857a6a
867a6b
877a6b
887a6c
897a6c
8a7a6d
8b7a6d
8c7a6e
8d7a6e
8e7a6f
8f7a6f
907a70
917a70
927a71
937a71
947a72
957a72
967a73
977a73
987a74
997a74
9a7a75
9b7a75
9c7a76
9d7a76
9e7a77
9f7a77
a07a78
a17a78
a27a79
a37a79
a47a7a
a57a7a
a67a7b
a77a7b
a87a7c
a97a7c
aa7a7d
ab7a7d
ac7a7e
ad7a7e
ae7a7f
af7a7f
b07a80
b17a80
b27a81
b37a81
b47a82
b57a82
b67a83
b77a83
b87a84
b97a84
ba7a85
bb7a85
bc7a86
bd7a86
be7a87
bf7a87
c07a88
c17a88
c27a89
c37a89
c47a8a
c57a8a
c67a8b
c77a8b
c87a8c
c97a8c
ca7a8d
cb7a8d
cc7a8e
cd7a8e
ce7a8f
cf7a8f
d07a90
d17a90
d27a91
d37a91
d47a92
d57a92
d67a93
d77a93
d87a94
d97a94
da7a95
db7a95
dc7a96
dd7a96
de7a97
df7a97
e07a98
e17a98
e27a99
e37a99
e47a9a
e57a9a
e67a9b
e77a9b
e87a9c
e97a9c
ea7a9d
eb7a9d
ec7a9e
ed7a9e
ee7a9f
ef7a9f
f07aa0
f17aa0
f27aa1
f37aa1
f47aa2
f57aa2
f67aa3
f77aa3
f87aa4
f97aa4
fa7aa5
fb7aa5
fc7aa6
fd7aa6
ee7aa7
af7aa7
507aa8
117aa8
027aa9
037aa9
047aaa
057aaa
067aab
077aab
087aac
097aac
0a7aad
0b7aad
0c7aae
0d7aae
0e7aaf
0f7aaf
107ab0
117ab0
127ab1
137ab1
147ab2
157ab2
167ab3
177ab3
187ab4
197ab4
1a7ab5
1b7ab5
1c7ab6
1d7ab6
1e7ab7
1f7ab7
207ab8
217ab8
227ab9
237ab9
247aba
257aba
267abb
277abb
287abc
297abc
2a7abd
2b7abd
2c7abe
2d7abe
2e7abf
2f7abf
307ac0
317ac0
327ac1
337ac1
347ac2
357ac2
367ac3
377ac3
387ac4
397ac4
3a7ac5
3b7ac5
3c7ac6
3d7ac6
000000
000000
000000
000000
027b29
037b29
047b2a
057b2a
067b2b
077b2b
087b2c
097b2c
0a7b2d
0b7b2d
0c7b2e
0d7b2e
0e7b2f
0f7b2f
107b30
117b30
127b31
137b31
147b32
157b32
167b33
177b33
187b34
197b34
1a7b35
1b7b35
1c7b36
1d7b36
1e7b37
1f7b37
207b38
217b38
227b39
237b39
247b3a
257b3a
267b3b
277b3b
287b3c
297b3c
2a7b3d
2b7b3d
2c7b3e
2d7b3e
2e7b3f
2f7b3f
307b40
317b40
327b41
337b41
347b42
357b42
367b43
377b43
387b44
397b44
3a7b45
3b7b45
3c7b46
3d7b46
3e7b47
3f7b47
407b48
417b48
427b49
437b49
447b4a
457b4a
467b4b
477b4b
487b4c
497b4c
4a7b4d
4b7b4d
4c7b4e
4d7b4e
4e7b4f
4f7b4f
507b50
517b50
527b51
537b51
547b52
557b52
567b53
577b53
587b54
597b54
5a7b55
5b7b55
5c7b56
5d7b56
5e7b57
5f7b57
607b58
617b58
627b59
637b59
647b5a
657b5a
667b5b
677b5b
687b5c
697b5c
6a7b5d
6b7b5d
6c7b5e
6d7b5e
6e7b5f
6f7b5f
707b60
717b60
727b61
737b61
747b62
757b62
767b63
777b63
787b64
797b64
7a7b65
7b7b65
7c7b66
7d7b66
7e7b67
7f7b67
807b68
817b68
827b69
837b69
847b6a
857b6a
867b6b
877b6b
887b6c
897b6c
8a7b6d
8b7b6d
8c7b6e
8d7b6e
8e7b6f
8f7b6f
907b70
917b70
927b71
937b71
947b72
957b72
967b73
977b73
987b74
997b74
9a7b75
9b7b75
9c7b76
9d7b76
9e7b77
9f7b77
a07b78
a17b78
a27b79
a37b79
a47b7a
a57b7a
a67b7b
a77b7b
a87b7c
a97b7c
aa7b7d
ab7b7d
ac7b7e
ad7b7e
ae7b7f
af7b7f
b07b80
b17b80
b27b81
b37b81
b47b82
b57b82
b67b83
b77b83
b87b84
b97b84
ba7b85
bb7b85
bc7b86
bd7b86
be7b87
bf7b87
c07b88
c17b88
c27b89
c37b89
c47b8a
c57b8a
c67b8b
c77b8b
c87b8c
c97b8c
ca7b8d
cb7b8d
cc7b8e
cd7b8e
ce7b8f
cf7b8f
d07b90
d17b90
d27b91
d37b91
d47b92
d57b92
d67b93
d77b93
d87b94
d97b94
da7b95
db7b95
dc7b96
dd7b96
de7b97
df7b97
e07b98
e17b98
e27b99
e37b99
e47b9a
e57b9a
e67b9b
e77b9b
e87b9c
e97b9c
ea7b9d
eb7b9d
ec7b9e
ed7b9e
ee7b9f
ef7b9f
f07ba0
f17ba0
f27ba1
f37ba1
f47ba2
f57ba2
f67ba3
f77ba3
f87ba4
f97ba4
fa7ba5
fb7ba5
fc7ba6
fd7ba6
ee7ba7
af7ba7
507ba8
117ba8
027ba9
037ba9
047baa
057baa
067bab
077bab
087bac
097bac
0a7bad
0b7bad
0c7bae
0d7bae
0e7baf
0f7baf
107bb0
117bb0
127bb1
137bb1
147bb2
157bb2
167bb3
177bb3
187bb4
197bb4
1a7bb5
1b7bb5
1c7bb6
1d7bb6
1e7bb7
1f7bb7
207bb8
217bb8
227bb9
237bb9
247bba
257bba
267bbb
277bbb
287bbc
297bbc
2a7bbd
2b7bbd
2c7bbe
2d7bbe
2e7bbf
2f7bbf
307bc0
317bc0
327bc1
337bc1
347bc2
357bc2
367bc3
377bc3
387bc4
397bc4
3a7bc5
3b7bc5
3c7bc6
3d7bc6
000000
000000
000000
000000
027c29
037c2a
047c2a
057c2b
067c2b
077c2c
087c2c
097c2d
0a7c2d
0b7c2e
0c7c2e
0d7c2f
0e7c2f
0f7c30
107c30
117c31
127c31
137c32
147c32
157c33
167c33
177c34
187c34
197c35
1a7c35
1b7c36
1c7c36
1d7c37
1e7c37
1f7c38
207c38
217c39
227c39
237c3a
247c3a
257c3b
267c3b
277c3c
287c3c
297c3d
2a7c3d
2b7c3e
2c7c3e
2d7c3f
2e7c3f
2f7c40
307c40
317c41
327c41
337c42
347c42
357c43
367c43
377c44
387c44
397c45
3a7c45
3b7c46
3c7c46
3d7c47
3e7c47
3f7c48
407c48
417c49
427c49
437c4a
447c4a
457c4b
467c4b
477c4c
487c4c
497c4d
4a7c4d
4b7c4e
4c7c4e
4d7c4f
4e7c4f
4f7c50
507c50
517c51
527c51
537c52
547c52
557c53
567c53
577c54
587c54
597c55
5a7c55
5b7c56
5c7c56
5d7c57
5e7c57
5f7c58
607c58
617c59
627c59
637c5a
647c5a
657c5b
667c5b
677c5c
687c5c
697c5d
6a7c5d
6b7c5e
6c7c5e
6d7c5f
6e7c5f
6f7c60
707c60
717c61
727c61
737c62
747c62
757c63
767c63
777c64
787c64
797c65
7a7c65
7b7c66
7c7c66
7d7c67
7e7c67
7f7c68
807c68
817c69
827c69
837c6a
847c6a
857c6b
867c6b
877c6c
887c6c
897c6d
8a7c6d
8b7c6e
8c7c6e
8d7c6f
8e7c6f
8f7c70
907c70
917c71
927c71
937c72
947c72
957c73
967c73
977c74
987c74
997c75
9a7c75
9b7c76
9c7c76
9d7c77
9e7c77
9f7c78
a07c78
a17c79
a27c79
a37c7a
a47c7a
a57c7b
a67c7b
a77c7c
a87c7c
a97c7d
aa7c7d
ab7c7e
ac7c7e
ad7c7f
ae7c7f
af7c80
b07c80
b17c81
b27c81
b37c82
b47c82
b57c83
b67c83
b77c84
b87c84
b97c85
ba7c85
bb7c86
bc7c86
bd7c87
be7c87
bf7c88
c07c88
c17c89
c27c89
c37c8a
c47c8a
c57c8b
c67c8b
c77c8c
c87c8c
c97c8d
ca7c8d
cb7c8e
cc7c8e
cd7c8f
ce7c8f
cf7c90
d07c90
d17c91
d27c91
d37c92
d47c92
d57c93
d67c93
d77c94
d87c94
d97c95
da7c95
db7c96
dc7c96
dd7c97
de7c97
df7c98
e07c98
e17c99
e27c99
e37c9a
e47c9a
e57c9b
e67c9b
e77c9c
e87c9c
e97c9d
ea7c9d
eb7c9e
ec7c9e
ed7c9f
ee7c9f
ef7ca0
f07ca0
f17ca1
f27ca1
f37ca2
f47ca2
f57ca3
f67ca3
f77ca4
f87ca4
f97ca5
fa7ca5
fb7ca6
fc7ca6
fd7ca7
ee7ca7
af7ca8
507ca8
117ca9
027ca9
037caa
047caa
057cab
067cab
077cac
087cac
097cad
0a7cad
0b7cae
0c7cae
0d7caf
0e7caf
0f7cb0
107cb0
117cb1
127cb1
137cb2
147cb2
157cb3
167cb3
177cb4
187cb4
197cb5
1a7cb5
1b7cb6
1c7cb6
1d7cb7
1e7cb7
1f7cb8
207cb8
217cb9
227cb9
237cba
247cba
257cbb
267cbb
277cbc
287cbc
297cbd
2a7cbd
2b7cbe
2c7cbe
2d7cbf
2e7cbf
2f7cc0
307cc0
317cc1
327cc1
337cc2
347cc2
357cc3
367cc3
377cc4
387cc4
397cc5
3a7cc5
3b7cc6
3c7cc6
3d7cc7
000000
000000
000000
000000
027d2a
037d2a
047d2b
057d2b
067d2c
077d2c
087d2d
097d2d
0a7d2e
0b7d2e
0c7d2f
0d7d2f
0e7d30
0f7d30
107d31
117d31
127d32
137d32
147d33
157d33
167d34
177d34
187d35
197d35
1a7d36
1b7d36
1c7d37
1d7d37
1e7d38
1f7d38
207d39
217d39
227d3a
237d3a
247d3b
257d3b
267d3c
277d3c
287d3d
297d3d
2a7d3e
2b7d3e
2c7d3f
2d7d3f
2e7d40
2f7d40
307d41
317d41
327d42
337d42
347d43
357d43
367d44
377d44
387d45
397d45
3a7d46
3b7d46
3c7d47
3d7d47
3e7d48
3f7d48
407d49
417d49
427d4a
437d4a
447d4b
457d4b
467d4c
477d4c
487d4d
497d4d
4a7d4e
4b7d4e
4c7d4f
4d7d4f
4e7d50
4f7d50
507d51
517d51
527d52
537d52
547d53
557d53
567d54
577d54
587d55
597d55
5a7d56
5b7d56
5c7d57
5d7d57
5e7d58
5f7d58
607d59
617d59
627d5a
637d5a
647d5b
657d5b
667d5c
677d5c
687d5d
697d5d
6a7d5e
6b7d5e
6c7d5f
6d7d5f
6e7d60
6f7d60
707d61
717d61
727d62
737d62
747d63
757d63
767d64
777d64
787d65
797d65
7a7d66
7b7d66
7c7d67
7d7d67
7e7d68
7f7d68
807d69
817d69
827d6a
837d6a
847d6b
857d6b
867d6c
877d6c
887d6d
897d6d
8a7d6e
8b7d6e
8c7d6f
8d7d6f
8e7d70
8f7d70
907d71
917d71
927d72
937d72
947d73
957d73
967d74
977d74
987d75
997d75
9a7d76
9b7d76
9c7d77
9d7d77
9e7d78
9f7d78
a07d79
a17d79
a27d7a
a37d7a
a47d7b
a57d7b
a67d7c
a77d7c
a87d7d
a97d7d
aa7d7e
ab7d7e
ac7d7f
ad7d7f
ae7d80
af7d80
b07d81
b17d81
b27d82
b37d82
b47d83
b57d83
b67d84
b77d84
b87d85
b97d85
ba7d86
bb7d86
bc7d87
bd7d87
be7d88
bf7d88
c07d89
c17d89
c27d8a
c37d8a
c47d8b
c57d8b
c67d8c
c77d8c
c87d8d
c97d8d
ca7d8e
cb7d8e
cc7d8f
cd7d8f
ce7d90
cf7d90
d07d91
d17d91
d27d92
d37d92
d47d93
d57d93
d67d94
d77d94
d87d95
d97d95
da7d96
db7d96
dc7d97
dd7d97
de7d98
df7d98
e07d99
e17d99
e27d9a
e37d9a
e47d9b
e57d9b
e67d9c
e77d9c
e87d9d
e97d9d
ea7d9e
eb7d9e
ec7d9f
ed7d9f
ee7da0
ef7da0
f07da1
f17da1
f27da2
f37da2
f47da3
f57da3
f67da4
f77da4
f87da5
f97da5
fa7da6
fb7da6
fc7da7
fd7da7
ee7da8
af7da8
507da9
117da9
027daa
037daa
047dab
057dab
067dac
077dac
087dad
097dad
0a7dae
0b7dae
0c7daf
0d7daf
0e7db0
0f7db0
107db1
117db1
127db2
137db2
147db3
157db3
167db4
177db4
187db5
197db5
1a7db6
1b7db6
1c7db7
1d7db7
1e7db8
1f7db8
207db9
217db9
227dba
237dba
247dbb
257dbb
267dbc
277dbc
287dbd
297dbd
2a7dbe
2b7dbe
2c7dbf
2d7dbf
2e7dc0
2f7dc0
307dc1
317dc1
327dc2
337dc2
347dc3
357dc3
367dc4
377dc4
387dc5
397dc5
3a7dc6
3b7dc6
3c7dc7
3d7dc7
000000
000000
000000
000000
027e2a
037e2a
047e2b
057e2b
067e2c
077e2c
087e2d
097e2d
0a7e2e
0b7e2e
0c7e2f
0d7e2f
0e7e30
0f7e30
107e31
117e31
127e32
137e32
147e33
157e33
167e34
177e34
187e35
197e35
1a7e36
1b7e36
1c7e37
1d7e37
1e7e38
1f7e38
207e39
217e39
227e3a
237e3a
247e3b
257e3b
267e3c
277e3c
287e3d
297e3d
2a7e3e
2b7e3e
2c7e3f
2d7e3f
2e7e40
2f7e40
307e41
317e41
327e42
337e42
347e43
357e43
367e44
377e44
387e45
397e45
3a7e46
3b7e46
3c7e47
3d7e47
3e7e48
3f7e48
407e49
417e49
427e4a
437e4a
447e4b
457e4b
467e4c
477e4c
487e4d
497e4d
4a7e4e
4b7e4e
4c7e4f
4d7e4f
4e7e50
4f7e50
507e51
517e51
527e52
537e52
547e53
557e53
567e54
577e54
587e55
597e55
5a7e56
5b7e56
5c7e57
5d7e57
5e7e58
5f7e58
607e59
617e59
627e5a
637e5a
647e5b
657e5b
667e5c
677e5c
687e5d
697e5d
6a7e5e
6b7e5e
6c7e5f
6d7e5f
6e7e60
6f7e60
707e61
717e61
727e62
737e62
747e63
757e63
767e64
777e64
787e65
797e65
7a7e66
7b7e66
7c7e67
7d7e67
7e7e68
7f7e68
807e69
817e69
827e6a
837e6a
847e6b
857e6b
867e6c
877e6c
887e6d
897e6d
8a7e6e
8b7e6e
8c7e6f
8d7e6f
8e7e70
8f7e70
907e71
917e71
927e72
937e72
947e73
957e73
967e74
977e74
987e75
997e75
9a7e76
9b7e76
9c7e77
9d7e77
9e7e78
9f7e78
a07e79
a17e79
a27e7a
a37e7a
a47e7b
a57e7b
a67e7c
a77e7c
a87e7d
a97e7d
aa7e7e
ab7e7e
ac7e7f
ad7e7f
ae7e80
af7e80
b07e81
b17e81
b27e82
b37e82
b47e83
b57e83
b67e84
b77e84
b87e85
b97e85
ba7e86
bb7e86
bc7e87
bd7e87
be7e88
bf7e88
c07e89
c17e89
c27e8a
c37e8a
c47e8b
c57e8b
c67e8c
c77e8c
c87e8d
c97e8d
ca7e8e
cb7e8e
cc7e8f
cd7e8f
ce7e90
cf7e90
d07e91
d17e91
d27e92
d37e92
d47e93
d57e93
d67e94
d77e94
d87e95
d97e95
da7e96
db7e96
dc7e97
dd7e97
de7e98
df7e98
e07e99
e17e99
e27e9a
e37e9a
e47e9b
e57e9b
e67e9c
e77e9c
e87e9d
e97e9d
ea7e9e
eb7e9e
ec7e9f
ed7e9f
ee7ea0
ef7ea0
f07ea1
f17ea1
f27ea2
f37ea2
f47ea3
f57ea3
f67ea4
f77ea4
f87ea5
f97ea5
fa7ea6
fb7ea6
fc7ea7
fd7ea7
ee7ea8
af7ea8
507ea9
117ea9
027eaa
037eaa
047eab
057eab
067eac
077eac
087ead
097ead
0a7eae
0b7eae
0c7eaf
0d7eaf
0e7eb0
0f7eb0
107eb1
117eb1
127eb2
137eb2
147eb3
157eb3
167eb4
177eb4
187eb5
197eb5
1a7eb6
1b7eb6
1c7eb7
1d7eb7
1e7eb8
1f7eb8
207eb9
217eb9
227eba
237eba
247ebb
257ebb
267ebc
277ebc
287ebd
297ebd
2a7ebe
2b7ebe
2c7ebf
2d7ebf
2e7ec0
2f7ec0
307ec1
317ec1
327ec2
337ec2
347ec3
357ec3
367ec4
377ec4
387ec5
397ec5
3a7ec6
3b7ec6
3c7ec7
3d7ec7
000000
000000
000000
000000
027f2a
037f2b
047f2b
057f2c
067f2c
077f2d
087f2d
097f2e
0a7f2e
0b7f2f
0c7f2f
0d7f30
0e7f30
0f7f31
107f31
117f32
127f32
137f33
147f33
157f34
167f34
177f35
187f35
197f36
1a7f36
1b7f37
1c7f37
1d7f38
1e7f38
1f7f39
207f39
217f3a
227f3a
237f3b
247f3b
257f3c
267f3c
277f3d
287f3d
297f3e
2a7f3e
2b7f3f
2c7f3f
2d7f40
2e7f40
2f7f41
307f41
317f42
327f42
337f43
347f43
357f44
367f44
377f45
387f45
397f46
3a7f46
3b7f47
3c7f47
3d7f48
3e7f48
3f7f49
407f49
417f4a
427f4a
437f4b
447f4b
457f4c
467f4c
477f4d
487f4d
497f4e
4a7f4e
4b7f4f
4c7f4f
4d7f50
4e7f50
4f7f51
507f51
517f52
527f52
537f53
547f53
557f54
567f54
577f55
587f55
597f56
5a7f56
5b7f57
5c7f57
5d7f58
5e7f58
5f7f59
607f59
617f5a
627f5a
637f5b
647f5b
657f5c
667f5c
677f5d
687f5d
697f5e
6a7f5e
6b7f5f
6c7f5f
6d7f60
6e7f60
6f7f61
707f61
717f62
727f62
737f63
747f63
757f64
767f64
777f65
787f65
797f66
7a7f66
7b7f67
7c7f67
7d7f68
7e7f68
7f7f69
807f69
817f6a
827f6a
837f6b
847f6b
857f6c
867f6c
877f6d
887f6d
897f6e
8a7f6e
8b7f6f
8c7f6f
8d7f70
8e7f70
8f7f71
907f71
917f72
927f72
937f73
947f73
957f74
967f74
977f75
987f75
997f76
9a7f76
9b7f77
9c7f77
9d7f78
9e7f78
9f7f79
a07f79
a17f7a
a27f7a
a37f7b
a47f7b
a57f7c
a67f7c
a77f7d
a87f7d
a97f7e
aa7f7e
ab7f7f
ac7f7f
ad7f80
ae7f80
af7f81
b07f81
b17f82
b27f82
b37f83
b47f83
b57f84
b67f84
b77f85
b87f85
b97f86
ba7f86
bb7f87
bc7f87
bd7f88
be7f88
bf7f89
c07f89
c17f8a
c27f8a
c37f8b
c47f8b
c57f8c
c67f8c
c77f8d
c87f8d
c97f8e
ca7f8e
cb7f8f
cc7f8f
cd7f90
ce7f90
cf7f91
d07f91
d17f92
d27f92
d37f93
d47f93
d57f94
d67f94
d77f95
d87f95
d97f96
da7f96
db7f97
dc7f97
dd7f98
de7f98
df7f99
e07f99
e17f9a
e27f9a
e37f9b
e47f9b
e57f9c
e67f9c
e77f9d
e87f9d
e97f9e
ea7f9e
eb7f9f
ec7f9f
ed7fa0
ee7fa0
ef7fa1
f07fa1
f17fa2
f27fa2
f37fa3
f47fa3
f57fa4
f67fa4
f77fa5
f87fa5
f97fa6
fa7fa6
fb7fa7
fc7fa7
fd7fa8
ee7fa8
af7fa9
507fa9
117faa
027faa
037fab
047fab
057fac
067fac
077fad
087fad
097fae
0a7fae
0b7faf
0c7faf
0d7fb0
0e7fb0
0f7fb1
107fb1
117fb2
127fb2
137fb3
147fb3
157fb4
167fb4
177fb5
187fb5
197fb6
1a7fb6
1b7fb7
1c7fb7
1d7fb8
1e7fb8
1f7fb9
207fb9
217fba
227fba
237fbb
247fbb
257fbc
267fbc
277fbd
287fbd
297fbe
2a7fbe
2b7fbf
2c7fbf
2d7fc0
2e7fc0
2f7fc1
307fc1
317fc2
327fc2
337fc3
347fc3
357fc4
367fc4
377fc5
387fc5
397fc6
3a7fc6
3b7fc7
3c7fc7
3d7fc8
000000
000000
000000
000000
02802b
03802b
04802c
05802c
06802d
07802d
08802e
09802e
0a802f
0b802f
0c8030
0d8030
0e8031
0f8031
108032
118032
128033
138033
148034
158034
168035
178035
188036
198036
1a8037
1b8037
1c8038
1d8038
1e8039
1f8039
20803a
21803a
22803b
23803b
24803c
25803c
26803d
27803d
28803e
29803e
2a803f
2b803f
2c8040
2d8040
2e8041
2f8041
308042
318042
328043
338043
348044
358044
368045
378045
388046
398046
3a8047
3b8047
3c8048
3d8048
3e8049
3f8049
40804a
41804a
42804b
43804b
44804c
45804c
46804d
47804d
48804e
49804e
4a804f
4b804f
4c8050
4d8050
4e8051
4f8051
508052
518052
528053
538053
548054
558054
568055
578055
588056
598056
5a8057
5b8057
5c8058
5d8058
5e8059
5f8059
60805a
61805a
62805b
63805b
64805c
65805c
66805d
67805d
68805e
69805e
6a805f
6b805f
6c8060
6d8060
6e8061
6f8061
708062
718062
728063
738063
748064
758064
768065
778065
788066
798066
7a8067
7b8067
7c8068
7d8068
7e8069
7f8069
80806a
81806a
82806b
83806b
84806c
85806c
86806d
87806d
88806e
89806e
8a806f
8b806f
8c8070
8d8070
8e8071
8f8071
908072
918072
928073
938073
948074
958074
968075
978075
988076
998076
9a8077
9b8077
9c8078
9d8078
9e8079
9f8079
a0807a
a1807a
a2807b
a3807b
a4807c
a5807c
a6807d
a7807d
a8807e
a9807e
aa807f
ab807f
ac8080
ad8080
ae8081
af8081
b08082
b18082
b28083
b38083
b48084
b58084
b68085
b78085
b88086
b98086
ba8087
bb8087
bc8088
bd8088
be8089
bf8089
c0808a
c1808a
c2808b
c3808b
c4808c
c5808c
c6808d
c7808d
c8808e
c9808e
ca808f
cb808f
cc8090
cd8090
ce8091
cf8091
d08092
d18092
d28093
d38093
d48094
d58094
d68095
d78095
d88096
d98096
da8097
db8097
dc8098
dd8098
de8099
df8099
e0809a
e1809a
e2809b
e3809b
e4809c
e5809c
e6809d
e7809d
e8809e
e9809e
ea809f
eb809f
ec80a0
ed80a0
ee80a1
ef80a1
f080a2
f180a2
f280a3
f380a3
f480a4
f580a4
f680a5
f780a5
f880a6
f980a6
fa80a7
fb80a7
fc80a8
fd80a8
ee80a9
af80a9
5080aa
1180aa
0280ab
0380ab
0480ac
0580ac
0680ad
0780ad
0880ae
0980ae
0a80af
0b80af
0c80b0
0d80b0
0e80b1
0f80b1
1080b2
1180b2
1280b3
1380b3
1480b4
1580b4
1680b5
1780b5
1880b6
1980b6
1a80b7
1b80b7
1c80b8
1d80b8
1e80b9
1f80b9
2080ba
2180ba
2280bb
2380bb
2480bc
2580bc
2680bd
2780bd
2880be
2980be
2a80bf
2b80bf
2c80c0
2d80c0
2e80c1
2f80c1
3080c2
3180c2
3280c3
3380c3
3480c4
3580c4
3680c5
3780c5
3880c6
3980c6
3a80c7
3b80c7
3c80c8
3d80c8
000000
000000
000000
000000
02812b
03812b
04812c
05812c
06812d
07812d
08812e
09812e
0a812f
0b812f
0c8130
0d8130
0e8131
0f8131
108132
118132
128133
138133
148134
158134
168135
178135
188136
198136
1a8137
1b8137
1c8138
1d8138
1e8139
1f8139
20813a
21813a
22813b
23813b
24813c
25813c
26813d
27813d
28813e
29813e
2a813f
2b813f
2c8140
2d8140
2e8141
2f8141
308142
318142
328143
338143
348144
358144
368145
378145
388146
398146
3a8147
3b8147
3c8148
3d8148
3e8149
3f8149
40814a
41814a
42814b
43814b
44814c
45814c
46814d
47814d
48814e
49814e
4a814f
4b814f
4c8150
4d8150
4e8151
4f8151
508152
518152
528153
538153
548154
558154
568155
578155
588156
598156
5a8157
5b8157
5c8158
5d8158
5e8159
5f8159
60815a
61815a
62815b
63815b
64815c
65815c
66815d
67815d
68815e
69815e
6a815f
6b815f
6c8160
6d8160
6e8161
6f8161
708162
718162
728163
738163
748164
758164
768165
778165
788166
798166
7a8167
7b8167
7c8168
7d8168
7e8169
7f8169
80816a
81816a
82816b
83816b
84816c
85816c
86816d
87816d
88816e
89816e
8a816f
8b816f
8c8170
8d8170
8e8171
8f8171
908172
918172
928173
938173
948174
958174
968175
978175
988176
998176
9a8177
9b8177
9c8178
9d8178
9e8179
9f8179
a0817a
a1817a
a2817b
a3817b
a4817c
a5817c
a6817d
a7817d
a8817e
a9817e
aa817f
ab817f
ac8180
ad8180
ae8181
af8181
b08182
b18182
b28183
b38183
b48184
b58184
b68185
b78185
b88186
b98186
ba8187
bb8187
bc8188
bd8188
be8189
bf8189
c0818a
c1818a
c2818b
c3818b
c4818c
c5818c
c6818d
c7818d
c8818e
c9818e
ca818f
cb818f
cc8190
cd8190
ce8191
cf8191
d08192
d18192
d28193
d38193
d48194
d58194
d68195
d78195
d88196
d98196
da8197
db8197
dc8198
dd8198
de8199
df8199
e0819a
e1819a
e2819b
e3819b
e4819c
e5819c
e6819d
e7819d
e8819e
e9819e
ea819f
eb819f
ec81a0
ed81a0
ee81a1
ef81a1
f081a2
f181a2
f281a3
f381a3
f481a4
f581a4
f681a5
f781a5
f881a6
f981a6
fa81a7
fb81a7
fc81a8
fd81a8
ee81a9
af81a9
5081aa
1181aa
0281ab
0381ab
0481ac
0581ac
0681ad
0781ad
0881ae
0981ae
0a81af
0b81af
0c81b0
0d81b0
0e81b1
0f81b1
1081b2
1181b2
1281b3
1381b3
1481b4
1581b4
1681b5
1781b5
1881b6
1981b6
1a81b7
1b81b7
1c81b8
1d81b8
1e81b9
1f81b9
2081ba
2181ba
2281bb
2381bb
2481bc
2581bc
2681bd
2781bd
2881be
2981be
2a81bf
2b81bf
2c81c0
2d81c0
2e81c1
2f81c1
3081c2
3181c2
3281c3
3381c3
3481c4
3581c4
3681c5
3781c5
3881c6
3981c6
3a81c7
3b81c7
3c81c8
3d81c8
000000
000000
000000
000000
02822b
03822c
04822c
05822d
06822d
07822e
08822e
09822f
0a822f
0b8230
0c8230
0d8231
0e8231
0f8232
108232
118233
128233
138234
148234
158235
168235
178236
188236
198237
1a8237
1b8238
1c8238
1d8239
1e8239
1f823a
20823a
21823b
22823b
23823c
24823c
25823d
26823d
27823e
28823e
29823f
2a823f
2b8240
2c8240
2d8241
2e8241
2f8242
308242
318243
328243
338244
348244
358245
368245
378246
388246
398247
3a8247
3b8248
3c8248
3d8249
3e8249
3f824a
40824a
41824b
42824b
43824c
44824c
45824d
46824d
47824e
48824e
49824f
4a824f
4b8250
4c8250
4d8251
4e8251
4f8252
508252
518253
528253
538254
548254
558255
568255
578256
588256
598257
5a8257
5b8258
5c8258
5d8259
5e8259
5f825a
60825a
61825b
62825b
63825c
64825c
65825d
66825d
67825e
68825e
69825f
6a825f
6b8260
6c8260
6d8261
6e8261
6f8262
708262
718263
728263
738264
748264
758265
768265
778266
788266
798267
7a8267
7b8268
7c8268
7d8269
7e8269
7f826a
80826a
81826b
82826b
83826c
84826c
85826d
86826d
87826e
88826e
89826f
8a826f
8b8270
8c8270
8d8271
8e8271
8f8272
908272
918273
928273
938274
948274
958275
968275
978276
988276
998277
9a8277
9b8278
9c8278
9d8279
9e8279
9f827a
a0827a
a1827b
a2827b
a3827c
a4827c
a5827d
a6827d
a7827e
a8827e
a9827f
aa827f
ab8280
ac8280
ad8281
ae8281
af8282
b08282
b18283
b28283
b38284
b48284
b58285
b68285
b78286
b88286
b98287
ba8287
bb8288
bc8288
bd8289
be8289
bf828a
c0828a
c1828b
c2828b
c3828c
c4828c
c5828d
c6828d
c7828e
c8828e
c9828f
ca828f
cb8290
cc8290
cd8291
ce8291
cf8292
d08292
d18293
d28293
d38294
d48294
d58295
d68295
d78296
d88296
d98297
da8297
db8298
dc8298
dd8299
de8299
df829a
e0829a
e1829b
e2829b
e3829c
e4829c
e5829d
e6829d
e7829e
e8829e
e9829f
ea829f
eb82a0
ec82a0
ed82a1
ee82a1
ef82a2
f082a2
f182a3
f282a3
f382a4
f482a4
f582a5
f682a5
f782a6
f882a6
f982a7
fa82a7
fb82a8
fc82a8
fd82a9
ee82a9
af82aa
5082aa
1182ab
0282ab
0382ac
0482ac
0582ad
0682ad
0782ae
0882ae
0982af
0a82af
0b82b0
0c82b0
0d82b1
0e82b1
0f82b2
1082b2
1182b3
1282b3
1382b4
1482b4
1582b5
1682b5
1782b6
1882b6
1982b7
1a82b7
1b82b8
1c82b8
1d82b9
1e82b9
1f82ba
2082ba
2182bb
2282bb
2382bc
2482bc
2582bd
2682bd
2782be
2882be
2982bf
2a82bf
2b82c0
2c82c0
2d82c1
2e82c1
2f82c2
3082c2
3182c3
3282c3
3382c4
3482c4
3582c5
3682c5
3782c6
3882c6
3982c7
3a82c7
3b82c8
3c82c8
3d82c9
000000
000000
000000
000000
02832c
03832c
04832d
05832d
06832e
07832e
08832f
09832f
0a8330
0b8330
0c8331
0d8331
0e8332
0f8332
108333
118333
128334
138334
148335
158335
168336
178336
188337
198337
1a8338
1b8338
1c8339
1d8339
1e833a
1f833a
20833b
21833b
22833c
23833c
24833d
25833d
26833e
27833e
28833f
29833f
2a8340
2b8340
2c8341
2d8341
2e8342
2f8342
308343
318343
328344
338344
348345
358345
368346
378346
388347
398347
3a8348
3b8348
3c8349
3d8349
3e834a
3f834a
40834b
41834b
42834c
43834c
44834d
45834d
46834e
47834e
48834f
49834f
4a8350
4b8350
4c8351
4d8351
4e8352
4f8352
508353
518353
528354
538354
548355
558355
568356
578356
588357
598357
5a8358
5b8358
5c8359
5d8359
5e835a
5f835a
60835b
61835b
62835c
63835c
64835d
65835d
66835e
67835e
68835f
69835f
6a8360
6b8360
6c8361
6d8361
6e8362
6f8362
708363
718363
728364
738364
748365
758365
768366
778366
788367
798367
7a8368
7b8368
7c8369
7d8369
7e836a
7f836a
80836b
81836b
82836c
83836c
84836d
85836d
86836e
87836e
88836f
89836f
8a8370
8b8370
8c8371
8d8371
8e8372
8f8372
908373
918373
928374
938374
948375
958375
968376
978376
988377
998377
9a8378
9b8378
9c8379
9d8379
9e837a
9f837a
a0837b
a1837b
a2837c
a3837c
a4837d
a5837d
a6837e
a7837e
a8837f
a9837f
aa8380
ab8380
ac8381
ad8381
ae8382
af8382
b08383
b18383
b28384
b38384
b48385
b58385
b68386
b78386
b88387
b98387
ba8388
bb8388
bc8389
bd8389
be838a
bf838a
c0838b
c1838b
c2838c
c3838c
c4838d
c5838d
c6838e
c7838e
c8838f
c9838f
ca8390
cb8390
cc8391
cd8391
ce8392
cf8392
d08393
d18393
d28394
d38394
d48395
d58395
d68396
d78396
d88397
d98397
da8398
db8398
dc8399
dd8399
de839a
df839a
e0839b
e1839b
e2839c
e3839c
e4839d
e5839d
e6839e
e7839e
e8839f
e9839f
ea83a0
eb83a0
ec83a1
ed83a1
ee83a2
ef83a2
f083a3
f183a3
f283a4
f383a4
f483a5
f583a5
f683a6
f783a6
f883a7
f983a7
fa83a8
fb83a8
fc83a9
fd83a9
ee83aa
af83aa
5083ab
1183ab
0283ac
0383ac
0483ad
0583ad
0683ae
0783ae
0883af
0983af
0a83b0
0b83b0
0c83b1
0d83b1
0e83b2
0f83b2
1083b3
1183b3
1283b4
1383b4
1483b5
1583b5
1683b6
1783b6
1883b7
1983b7
1a83b8
1b83b8
1c83b9
1d83b9
1e83ba
1f83ba
2083bb
2183bb
2283bc
2383bc
2483bd
2583bd
2683be
2783be
2883bf
2983bf
2a83c0
2b83c0
2c83c1
2d83c1
2e83c2
2f83c2
3083c3
3183c3
3283c4
3383c4
3483c5
3583c5
3683c6
3783c6
3883c7
3983c7
3a83c8
3b83c8
3c83c9
3d83c9
000000
000000
000000
000000
02842c
03842c
04842d
05842d
06842e
07842e
08842f
09842f
0a8430
0b8430
0c8431
0d8431
0e8432
0f8432
108433
118433
128434
138434
148435
158435
168436
178436
188437
198437
1a8438
1b8438
1c8439
1d8439
1e843a
1f843a
20843b
21843b
22843c
23843c
24843d
25843d
26843e
27843e
28843f
29843f
2a8440
2b8440
2c8441
2d8441
2e8442
2f8442
308443
318443
328444
338444
348445
358445
368446
378446
388447
398447
3a8448
3b8448
3c8449
3d8449
3e844a
3f844a
40844b
41844b
42844c
43844c
44844d
45844d
46844e
47844e
48844f
49844f
4a8450
4b8450
4c8451
4d8451
4e8452
4f8452
508453
518453
528454
538454
548455
558455
568456
578456
588457
598457
5a8458
5b8458
5c8459
5d8459
5e845a
5f845a
60845b
61845b
62845c
63845c
64845d
65845d
66845e
67845e
68845f
69845f
6a8460
6b8460
6c8461
6d8461
6e8462
6f8462
708463
718463
728464
738464
748465
758465
768466
778466
788467
798467
7a8468
7b8468
7c8469
7d8469
7e846a
7f846a
80846b
81846b
82846c
83846c
84846d
85846d
86846e
87846e
88846f
89846f
8a8470
8b8470
8c8471
8d8471
8e8472
8f8472
908473
918473
928474
938474
948475
958475
968476
978476
988477
998477
9a8478
9b8478
9c8479
9d8479
9e847a
9f847a
a0847b
a1847b
a2847c
a3847c
a4847d
a5847d
a6847e
a7847e
a8847f
a9847f
aa8480
ab8480
ac8481
ad8481
ae8482
af8482
b08483
b18483
b28484
b38484
b48485
b58485
b68486
b78486
b88487
b98487
ba8488
bb8488
bc8489
bd8489
be848a
bf848a
c0848b
c1848b
c2848c
c3848c
c4848d
c5848d
c6848e
c7848e
c8848f
c9848f
ca8490
cb8490
cc8491
cd8491
ce8492
cf8492
d08493
d18493
d28494
d38494
d48495
d58495
d68496
d78496
d88497
d98497
da8498
db8498
dc8499
dd8499
de849a
df849a
e0849b
e1849b
e2849c
e3849c
e4849d
e5849d
e6849e
e7849e
e8849f
e9849f
ea84a0
eb84a0
ec84a1
ed84a1
ee84a2
ef84a2
f084a3
f184a3
f284a4
f384a4
f484a5
f584a5
f684a6
f784a6
f884a7
f984a7
fa84a8
fb84a8
fc84a9
fd84a9
ee84aa
af84aa
5084ab
1184ab
0284ac
0384ac
0484ad
0584ad
0684ae
0784ae
0884af
0984af
0a84b0
0b84b0
0c84b1
0d84b1
0e84b2
0f84b2
1084b3
1184b3
1284b4
1384b4
1484b5
1584b5
1684b6
1784b6
1884b7
1984b7
1a84b8
1b84b8
1c84b9
1d84b9
1e84ba
1f84ba
2084bb
2184bb
2284bc
2384bc
2484bd
2584bd
2684be
2784be
2884bf
2984bf
2a84c0
2b84c0
2c84c1
2d84c1
2e84c2
2f84c2
3084c3
3184c3
3284c4
3384c4
3484c5
3584c5
3684c6
3784c6
3884c7
3984c7
3a84c8
3b84c8
3c84c9
3d84c9
000000
000000
000000
000000
02852c
03852d
04852d
05852e
06852e
07852f
08852f
098530
0a8530
0b8531
0c8531
0d8532
0e8532
0f8533
108533
118534
128534
138535
148535
158536
168536
178537
188537
198538
1a8538
1b8539
1c8539
1d853a
1e853a
1f853b
20853b
21853c
22853c
23853d
24853d
25853e
26853e
27853f
28853f
298540
2a8540
2b8541
2c8541
2d8542
2e8542
2f8543
308543
318544
328544
338545
348545
358546
368546
378547
388547
398548
3a8548
3b8549
3c8549
3d854a
3e854a
3f854b
40854b
41854c
42854c
43854d
44854d
45854e
46854e
47854f
48854f
498550
4a8550
4b8551
4c8551
4d8552
4e8552
4f8553
508553
518554
528554
538555
548555
558556
568556
578557
588557
598558
5a8558
5b8559
5c8559
5d855a
5e855a
5f855b
60855b
61855c
62855c
63855d
64855d
65855e
66855e
67855f
68855f
698560
6a8560
6b8561
6c8561
6d8562
6e8562
6f8563
708563
718564
728564
738565
748565
758566
768566
778567
788567
798568
7a8568
7b8569
7c8569
7d856a
7e856a
7f856b
80856b
81856c
82856c
83856d
84856d
85856e
86856e
87856f
88856f
898570
8a8570
8b8571
8c8571
8d8572
8e8572
8f8573
908573
918574
928574
938575
948575
958576
968576
978577
988577
998578
9a8578
9b8579
9c8579
9d857a
9e857a
9f857b
a0857b
a1857c
a2857c
a3857d
a4857d
a5857e
a6857e
a7857f
a8857f
a98580
aa8580
ab8581
ac8581
ad8582
ae8582
af8583
b08583
b18584
b28584
b38585
b48585
b58586
b68586
b78587
b88587
b98588
ba8588
bb8589
bc8589
bd858a
be858a
bf858b
c0858b
c1858c
c2858c
c3858d
c4858d
c5858e
c6858e
c7858f
c8858f
c98590
ca8590
cb8591
cc8591
cd8592
ce8592
cf8593
d08593
d18594
d28594
d38595
d48595
d58596
d68596
d78597
d88597
d98598
da8598
db8599
dc8599
dd859a
de859a
df859b
e0859b
e1859c
e2859c
e3859d
e4859d
e5859e
e6859e
e7859f
e8859f
e985a0
ea85a0
eb85a1
ec85a1
ed85a2
ee85a2
ef85a3
f085a3
f185a4
f285a4
f385a5
f485a5
f585a6
f685a6
f785a7
f885a7
f985a8
fa85a8
fb85a9
fc85a9
fd85aa
ee85aa
af85ab
5085ab
1185ac
0285ac
0385ad
0485ad
0585ae
0685ae
0785af
0885af
0985b0
0a85b0
0b85b1
0c85b1
0d85b2
0e85b2
0f85b3
1085b3
1185b4
1285b4
1385b5
1485b5
1585b6
1685b6
1785b7
1885b7
1985b8
1a85b8
1b85b9
1c85b9
1d85ba
1e85ba
1f85bb
2085bb
2185bc
2285bc
2385bd
2485bd
2585be
2685be
2785bf
2885bf
2985c0
2a85c0
2b85c1
2c85c1
2d85c2
2e85c2
2f85c3
3085c3
3185c4
3285c4
3385c5
3485c5
3585c6
3685c6
3785c7
3885c7
3985c8
3a85c8
3b85c9
3c85c9
3d85ca
000000
000000
000000
000000
02862d
03862d
04862e
05862e
06862f
07862f
088630
098630
0a8631
0b8631
0c8632
0d8632
0e8633
0f8633
108634
118634
128635
138635
148636
158636
168637
178637
188638
198638
1a8639
1b8639
1c863a
1d863a
1e863b
1f863b
20863c
21863c
22863d
23863d
24863e
25863e
26863f
27863f
288640
298640
2a8641
2b8641
2c8642
2d8642
2e8643
2f8643
308644
318644
328645
338645
348646
358646
368647
378647
388648
398648
3a8649
3b8649
3c864a
3d864a
3e864b
3f864b
40864c
41864c
42864d
43864d
44864e
45864e
46864f
47864f
488650
498650
4a8651
4b8651
4c8652
4d8652
4e8653
4f8653
508654
518654
528655
538655
548656
558656
568657
578657
588658
598658
5a8659
5b8659
5c865a
5d865a
5e865b
5f865b
60865c
61865c
62865d
63865d
64865e
65865e
66865f
67865f
688660
698660
6a8661
6b8661
6c8662
6d8662
6e8663
6f8663
708664
718664
728665
738665
748666
758666
768667
778667
788668
798668
7a8669
7b8669
7c866a
7d866a
7e866b
7f866b
80866c
81866c
82866d
83866d
84866e
85866e
86866f
87866f
888670
898670
8a8671
8b8671
8c8672
8d8672
8e8673
8f8673
908674
918674
928675
938675
948676
958676
968677
978677
988678
998678
9a8679
9b8679
9c867a
9d867a
9e867b
9f867b
a0867c
a1867c
a2867d
a3867d
a4867e
a5867e
a6867f
a7867f
a88680
a98680
aa8681
ab8681
ac8682
ad8682
ae8683
af8683
b08684
b18684
b28685
b38685
b48686
b58686
b68687
b78687
b88688
b98688
ba8689
bb8689
bc868a
bd868a
be868b
bf868b
c0868c
c1868c
c2868d
c3868d
c4868e
c5868e
c6868f
c7868f
c88690
c98690
ca8691
cb8691
cc8692
cd8692
ce8693
cf8693
d08694
d18694
d28695
d38695
d48696
d58696
d68697
d78697
d88698
d98698
da8699
db8699
dc869a
dd869a
de869b
df869b
e0869c
e1869c
e2869d
e3869d
e4869e
e5869e
e6869f
e7869f
e886a0
e986a0
ea86a1
eb86a1
ec86a2
ed86a2
ee86a3
ef86a3
f086a4
f186a4
f286a5
f386a5
f486a6
f586a6
f686a7
f786a7
f886a8
f986a8
fa86a9
fb86a9
fc86aa
fd86aa
ee86ab
af86ab
5086ac
1186ac
0286ad
0386ad
0486ae
0586ae
0686af
0786af
0886b0
0986b0
0a86b1
0b86b1
0c86b2
0d86b2
0e86b3
0f86b3
1086b4
1186b4
1286b5
1386b5
1486b6
1586b6
1686b7
1786b7
1886b8
1986b8
1a86b9
1b86b9
1c86ba
1d86ba
1e86bb
1f86bb
2086bc
2186bc
2286bd
2386bd
2486be
2586be
2686bf
2786bf
2886c0
2986c0
2a86c1
2b86c1
2c86c2
2d86c2
2e86c3
2f86c3
3086c4
3186c4
3286c5
3386c5
3486c6
3586c6
3686c7
3786c7
3886c8
3986c8
3a86c9
3b86c9
3c86ca
3d86ca
000000
000000
000000
000000
02872d
03872d
04872e
05872e
06872f
07872f
088730
098730
0a8731
0b8731
0c8732
0d8732
0e8733
0f8733
108734
118734
128735
138735
148736
158736
168737
178737
188738
198738
1a8739
1b8739
1c873a
1d873a
1e873b
1f873b
20873c
21873c
22873d
23873d
24873e
25873e
26873f
27873f
288740
298740
2a8741
2b8741
2c8742
2d8742
2e8743
2f8743
308744
318744
328745
338745
348746
358746
368747
378747
388748
398748
3a8749
3b8749
3c874a
3d874a
3e874b
3f874b
40874c
41874c
42874d
43874d
44874e
45874e
46874f
47874f
488750
498750
4a8751
4b8751
4c8752
4d8752
4e8753
4f8753
508754
518754
528755
538755
548756
558756
568757
578757
588758
598758
5a8759
5b8759
5c875a
5d875a
5e875b
5f875b
60875c
61875c
62875d
63875d
64875e
65875e
66875f
67875f
688760
698760
6a8761
6b8761
6c8762
6d8762
6e8763
6f8763
708764
718764
728765
738765
748766
758766
768767
778767
788768
798768
7a8769
7b8769
7c876a
7d876a
7e876b
7f876b
80876c
81876c
82876d
83876d
84876e
85876e
86876f
87876f
888770
898770
8a8771
8b8771
8c8772
8d8772
8e8773
8f8773
908774
918774
928775
938775
948776
958776
968777
978777
988778
998778
9a8779
9b8779
9c877a
9d877a
9e877b
9f877b
a0877c
a1877c
a2877d
a3877d
a4877e
a5877e
a6877f
a7877f
a88780
a98780
aa8781
ab8781
ac8782
ad8782
ae8783
af8783
b08784
b18784
b28785
b38785
b48786
b58786
b68787
b78787
b88788
b98788
ba8789
bb8789
bc878a
bd878a
be878b
bf878b
c0878c
c1878c
c2878d
c3878d
c4878e
c5878e
c6878f
c7878f
c88790
c98790
ca8791
cb8791
cc8792
cd8792
ce8793
cf8793
d08794
d18794
d28795
d38795
d48796
d58796
d68797
d78797
d88798
d98798
da8799
db8799
dc879a
dd879a
de879b
df879b
e0879c
e1879c
e2879d
e3879d
e4879e
e5879e
e6879f
e7879f
e887a0
e987a0
ea87a1
eb87a1
ec87a2
ed87a2
ee87a3
ef87a3
f087a4
f187a4
f287a5
f387a5
f487a6
f587a6
f687a7
f787a7
f887a8
f987a8
fa87a9
fb87a9
fc87aa
fd87aa
ee87ab
af87ab
5087ac
1187ac
0287ad
0387ad
0487ae
0587ae
0687af
0787af
0887b0
0987b0
0a87b1
0b87b1
0c87b2
0d87b2
0e87b3
0f87b3
1087b4
1187b4
1287b5
1387b5
1487b6
1587b6
1687b7
1787b7
1887b8
1987b8
1a87b9
1b87b9
1c87ba
1d87ba
1e87bb
1f87bb
2087bc
2187bc
2287bd
2387bd
2487be
2587be
2687bf
2787bf
2887c0
2987c0
2a87c1
2b87c1
2c87c2
2d87c2
2e87c3
2f87c3
3087c4
3187c4
3287c5
3387c5
3487c6
3587c6
3687c7
3787c7
3887c8
3987c8
3a87c9
3b87c9
3c87ca
3d87ca
000000
000000
000000
000000
02882d
03882e
04882e
05882f
06882f
078830
088830
098831
0a8831
0b8832
0c8832
0d8833
0e8833
0f8834
108834
118835
128835
138836
148836
158837
168837
178838
188838
198839
1a8839
1b883a
1c883a
1d883b
1e883b
1f883c
20883c
21883d
22883d
23883e
24883e
25883f
26883f
278840
288840
298841
2a8841
2b8842
2c8842
2d8843
2e8843
2f8844
308844
318845
328845
338846
348846
358847
368847
378848
388848
398849
3a8849
3b884a
3c884a
3d884b
3e884b
3f884c
40884c
41884d
42884d
43884e
44884e
45884f
46884f
478850
488850
498851
4a8851
4b8852
4c8852
4d8853
4e8853
4f8854
508854
518855
528855
538856
548856
558857
568857
578858
588858
598859
5a8859
5b885a
5c885a
5d885b
5e885b
5f885c
60885c
61885d
62885d
63885e
64885e
65885f
66885f
678860
688860
698861
6a8861
6b8862
6c8862
6d8863
6e8863
6f8864
708864
718865
728865
738866
748866
758867
768867
778868
788868
798869
7a8869
7b886a
7c886a
7d886b
7e886b
7f886c
80886c
81886d
82886d
83886e
84886e
85886f
86886f
878870
888870
898871
8a8871
8b8872
8c8872
8d8873
8e8873
8f8874
908874
918875
928875
938876
948876
958877
968877
978878
988878
998879
9a8879
9b887a
9c887a
9d887b
9e887b
9f887c
a0887c
a1887d
a2887d
a3887e
a4887e
a5887f
a6887f
a78880
a88880
a98881
aa8881
ab8882
ac8882
ad8883
ae8883
af8884
b08884
b18885
b28885
b38886
b48886
b58887
b68887
b78888
b88888
b98889
ba8889
bb888a
bc888a
bd888b
be888b
bf888c
c0888c
c1888d
c2888d
c3888e
c4888e
c5888f
c6888f
c78890
c88890
c98891
ca8891
cb8892
cc8892
cd8893
ce8893
cf8894
d08894
d18895
d28895
d38896
d48896
d58897
d68897
d78898
d88898
d98899
da8899
db889a
dc889a
dd889b
de889b
df889c
e0889c
e1889d
e2889d
e3889e
e4889e
e5889f
e6889f
e788a0
e888a0
e988a1
ea88a1
eb88a2
ec88a2
ed88a3
ee88a3
ef88a4
f088a4
f188a5
f288a5
f388a6
f488a6
f588a7
f688a7
f788a8
f888a8
f988a9
fa88a9
fb88aa
fc88aa
fd88ab
ee88ab
af88ac
5088ac
1188ad
0288ad
0388ae
0488ae
0588af
0688af
0788b0
0888b0
0988b1
0a88b1
0b88b2
0c88b2
0d88b3
0e88b3
0f88b4
1088b4
1188b5
1288b5
1388b6
1488b6
1588b7
1688b7
1788b8
1888b8
1988b9
1a88b9
1b88ba
1c88ba
1d88bb
1e88bb
1f88bc
2088bc
2188bd
2288bd
2388be
2488be
2588bf
2688bf
2788c0
2888c0
2988c1
2a88c1
2b88c2
2c88c2
2d88c3
2e88c3
2f88c4
3088c4
3188c5
3288c5
3388c6
3488c6
3588c7
3688c7
3788c8
3888c8
3988c9
3a88c9
3b88ca
3c88ca
3d88cb
000000
000000
000000
000000
02892e
03892e
04892f
05892f
068930
078930
088931
098931
0a8932
0b8932
0c8933
0d8933
0e8934
0f8934
108935
118935
128936
138936
148937
158937
168938
178938
188939
198939
1a893a
1b893a
1c893b
1d893b
1e893c
1f893c
20893d
21893d
22893e
23893e
24893f
25893f
268940
278940
288941
298941
2a8942
2b8942
2c8943
2d8943
2e8944
2f8944
308945
318945
328946
338946
348947
358947
368948
378948
388949
398949
3a894a
3b894a
3c894b
3d894b
3e894c
3f894c
40894d
41894d
42894e
43894e
44894f
45894f
468950
478950
488951
498951
4a8952
4b8952
4c8953
4d8953
4e8954
4f8954
508955
518955
528956
538956
548957
558957
568958
578958
588959
598959
5a895a
5b895a
5c895b
5d895b
5e895c
5f895c
60895d
61895d
62895e
63895e
64895f
65895f
668960
678960
688961
698961
6a8962
6b8962
6c8963
6d8963
6e8964
6f8964
708965
718965
728966
738966
748967
758967
768968
778968
788969
798969
7a896a
7b896a
7c896b
7d896b
7e896c
7f896c
80896d
81896d
82896e
83896e
84896f
85896f
868970
878970
888971
898971
8a8972
8b8972
8c8973
8d8973
8e8974
8f8974
908975
918975
928976
938976
948977
958977
968978
978978
988979
998979
9a897a
9b897a
9c897b
9d897b
9e897c
9f897c
a0897d
a1897d
a2897e
a3897e
a4897f
a5897f
a68980
a78980
a88981
a98981
aa8982
ab8982
ac8983
ad8983
ae8984
af8984
b08985
b18985
b28986
b38986
b48987
b58987
b68988
b78988
b88989
b98989
ba898a
bb898a
bc898b
bd898b
be898c
bf898c
c0898d
c1898d
c2898e
c3898e
c4898f
c5898f
c68990
c78990
c88991
c98991
ca8992
cb8992
cc8993
cd8993
ce8994
cf8994
d08995
d18995
d28996
d38996
d48997
d58997
d68998
d78998
d88999
d98999
da899a
db899a
dc899b
dd899b
de899c
df899c
e0899d
e1899d
e2899e
e3899e
e4899f
e5899f
e689a0
e789a0
e889a1
e989a1
ea89a2
eb89a2
ec89a3
ed89a3
ee89a4
ef89a4
f089a5
f189a5
f289a6
f389a6
f489a7
f589a7
f689a8
f789a8
f889a9
f989a9
fa89aa
fb89aa
fc89ab
fd89ab
ee89ac
af89ac
5089ad
1189ad
0289ae
0389ae
0489af
0589af
0689b0
0789b0
0889b1
0989b1
0a89b2
0b89b2
0c89b3
0d89b3
0e89b4
0f89b4
1089b5
1189b5
1289b6
1389b6
1489b7
1589b7
1689b8
1789b8
1889b9
1989b9
1a89ba
1b89ba
1c89bb
1d89bb
1e89bc
1f89bc
2089bd
2189bd
2289be
2389be
2489bf
2589bf
2689c0
2789c0
2889c1
2989c1
2a89c2
2b89c2
2c89c3
2d89c3
2e89c4
2f89c4
3089c5
3189c5
3289c6
3389c6
3489c7
3589c7
3689c8
3789c8
3889c9
3989c9
3a89ca
3b89ca
3c89cb
3d89cb
000000
000000
000000
000000
028a2e
038a2e
048a2f
058a2f
068a30
078a30
088a31
098a31
0a8a32
0b8a32
0c8a33
0d8a33
0e8a34
0f8a34
108a35
118a35
128a36
138a36
148a37
158a37
168a38
178a38
188a39
198a39
1a8a3a
1b8a3a
1c8a3b
1d8a3b
1e8a3c
1f8a3c
208a3d
218a3d
228a3e
238a3e
248a3f
258a3f
268a40
278a40
288a41
298a41
2a8a42
2b8a42
2c8a43
2d8a43
2e8a44
2f8a44
308a45
318a45
328a46
338a46
348a47
358a47
368a48
378a48
388a49
398a49
3a8a4a
3b8a4a
3c8a4b
3d8a4b
3e8a4c
3f8a4c
408a4d
418a4d
428a4e
438a4e
448a4f
458a4f
468a50
478a50
488a51
498a51
4a8a52
4b8a52
4c8a53
4d8a53
4e8a54
4f8a54
508a55
518a55
528a56
538a56
548a57
558a57
568a58
578a58
588a59
598a59
5a8a5a
5b8a5a
5c8a5b
5d8a5b
5e8a5c
5f8a5c
608a5d
618a5d
628a5e
638a5e
648a5f
658a5f
668a60
678a60
688a61
698a61
6a8a62
6b8a62
6c8a63
6d8a63
6e8a64
6f8a64
708a65
718a65
728a66
738a66
748a67
758a67
768a68
778a68
788a69
798a69
7a8a6a
7b8a6a
7c8a6b
7d8a6b
7e8a6c
7f8a6c
808a6d
818a6d
828a6e
838a6e
848a6f
858a6f
868a70
878a70
888a71
898a71
8a8a72
8b8a72
8c8a73
8d8a73
8e8a74
8f8a74
908a75
918a75
928a76
938a76
948a77
958a77
968a78
978a78
988a79
998a79
9a8a7a
9b8a7a
9c8a7b
9d8a7b
9e8a7c
9f8a7c
a08a7d
a18a7d
a28a7e
a38a7e
a48a7f
a58a7f
a68a80
a78a80
a88a81
a98a81
aa8a82
ab8a82
ac8a83
ad8a83
ae8a84
af8a84
b08a85
b18a85
b28a86
b38a86
b48a87
b58a87
b68a88
b78a88
b88a89
b98a89
ba8a8a
bb8a8a
bc8a8b
bd8a8b
be8a8c
bf8a8c
c08a8d
c18a8d
c28a8e
c38a8e
c48a8f
c58a8f
c68a90
c78a90
c88a91
c98a91
ca8a92
cb8a92
cc8a93
cd8a93
ce8a94
cf8a94
d08a95
d18a95
d28a96
d38a96
d48a97
d58a97
d68a98
d78a98
d88a99
d98a99
da8a9a
db8a9a
dc8a9b
dd8a9b
de8a9c
df8a9c
e08a9d
e18a9d
e28a9e
e38a9e
e48a9f
e58a9f
e68aa0
e78aa0
e88aa1
e98aa1
ea8aa2
eb8aa2
ec8aa3
ed8aa3
ee8aa4
ef8aa4
f08aa5
f18aa5
f28aa6
f38aa6
f48aa7
f58aa7
f68aa8
f78aa8
f88aa9
f98aa9
fa8aaa
fb8aaa
fc8aab
fd8aab
ee8aac
af8aac
508aad
118aad
028aae
038aae
048aaf
058aaf
068ab0
078ab0
088ab1
098ab1
0a8ab2
0b8ab2
0c8ab3
0d8ab3
0e8ab4
0f8ab4
108ab5
118ab5
128ab6
138ab6
148ab7
158ab7
168ab8
178ab8
188ab9
198ab9
1a8aba
1b8aba
1c8abb
1d8abb
1e8abc
1f8abc
208abd
218abd
228abe
238abe
248abf
258abf
268ac0
278ac0
288ac1
298ac1
2a8ac2
2b8ac2
2c8ac3
2d8ac3
2e8ac4
2f8ac4
308ac5
318ac5
328ac6
338ac6
348ac7
358ac7
368ac8
378ac8
388ac9
398ac9
3a8aca
3b8aca
3c8acb
3d8acb
000000
000000
000000
000000
028b2e
038b2f
048b2f
058b30
068b30
078b31
088b31
098b32
0a8b32
0b8b33
0c8b33
0d8b34
0e8b34
0f8b35
108b35
118b36
128b36
138b37
148b37
158b38
168b38
178b39
188b39
198b3a
1a8b3a
1b8b3b
1c8b3b
1d8b3c
1e8b3c
1f8b3d
208b3d
218b3e
228b3e
238b3f
248b3f
258b40
268b40
278b41
288b41
298b42
2a8b42
2b8b43
2c8b43
2d8b44
2e8b44
2f8b45
308b45
318b46
328b46
338b47
348b47
358b48
368b48
378b49
388b49
398b4a
3a8b4a
3b8b4b
3c8b4b
3d8b4c
3e8b4c
3f8b4d
408b4d
418b4e
428b4e
438b4f
448b4f
458b50
468b50
478b51
488b51
498b52
4a8b52
4b8b53
4c8b53
4d8b54
4e8b54
4f8b55
508b55
518b56
528b56
538b57
548b57
558b58
568b58
578b59
588b59
598b5a
5a8b5a
5b8b5b
5c8b5b
5d8b5c
5e8b5c
5f8b5d
608b5d
618b5e
628b5e
638b5f
648b5f
658b60
668b60
678b61
688b61
698b62
6a8b62
6b8b63
6c8b63
6d8b64
6e8b64
6f8b65
708b65
718b66
728b66
738b67
748b67
758b68
768b68
778b69
788b69
798b6a
7a8b6a
7b8b6b
7c8b6b
7d8b6c
7e8b6c
7f8b6d
808b6d
818b6e
828b6e
838b6f
848b6f
858b70
868b70
878b71
888b71
898b72
8a8b72
8b8b73
8c8b73
8d8b74
8e8b74
8f8b75
908b75
918b76
928b76
938b77
948b77
958b78
968b78
978b79
988b79
998b7a
9a8b7a
9b8b7b
9c8b7b
9d8b7c
9e8b7c
9f8b7d
a08b7d
a18b7e
a28b7e
a38b7f
a48b7f
a58b80
a68b80
a78b81
a88b81
a98b82
aa8b82
ab8b83
ac8b83
ad8b84
ae8b84
af8b85
b08b85
b18b86
b28b86
b38b87
b48b87
b58b88
b68b88
b78b89
b88b89
b98b8a
ba8b8a
bb8b8b
bc8b8b
bd8b8c
be8b8c
bf8b8d
c08b8d
c18b8e
c28b8e
c38b8f
c48b8f
c58b90
c68b90
c78b91
c88b91
c98b92
ca8b92
cb8b93
cc8b93
cd8b94
ce8b94
cf8b95
d08b95
d18b96
d28b96
d38b97
d48b97
d58b98
d68b98
d78b99
d88b99
d98b9a
da8b9a
db8b9b
dc8b9b
dd8b9c
de8b9c
df8b9d
e08b9d
e18b9e
e28b9e
e38b9f
e48b9f
e58ba0
e68ba0
e78ba1
e88ba1
e98ba2
ea8ba2
eb8ba3
ec8ba3
ed8ba4
ee8ba4
ef8ba5
f08ba5
f18ba6
f28ba6
f38ba7
f48ba7
f58ba8
f68ba8
f78ba9
f88ba9
f98baa
fa8baa
fb8bab
fc8bab
fd8bac
ee8bac
af8bad
508bad
118bae
028bae
038baf
048baf
058bb0
068bb0
078bb1
088bb1
098bb2
0a8bb2
0b8bb3
0c8bb3
0d8bb4
0e8bb4
0f8bb5
108bb5
118bb6
128bb6
138bb7
148bb7
158bb8
168bb8
178bb9
188bb9
198bba
1a8bba
1b8bbb
1c8bbb
1d8bbc
1e8bbc
1f8bbd
208bbd
218bbe
228bbe
238bbf
248bbf
258bc0
268bc0
278bc1
288bc1
298bc2
2a8bc2
2b8bc3
2c8bc3
2d8bc4
2e8bc4
2f8bc5
308bc5
318bc6
328bc6
338bc7
348bc7
358bc8
368bc8
378bc9
388bc9
398bca
3a8bca
3b8bcb
3c8bcb
3d8bcc
000000
000000
000000
000000
028c2f
038c2f
048c30
058c30
068c31
078c31
088c32
098c32
0a8c33
0b8c33
0c8c34
0d8c34
0e8c35
0f8c35
108c36
118c36
128c37
138c37
148c38
158c38
168c39
178c39
188c3a
198c3a
1a8c3b
1b8c3b
1c8c3c
1d8c3c
1e8c3d
1f8c3d
208c3e
218c3e
228c3f
238c3f
248c40
258c40
268c41
278c41
288c42
298c42
2a8c43
2b8c43
2c8c44
2d8c44
2e8c45
2f8c45
308c46
318c46
328c47
338c47
348c48
358c48
368c49
378c49
388c4a
398c4a
3a8c4b
3b8c4b
3c8c4c
3d8c4c
3e8c4d
3f8c4d
408c4e
418c4e
428c4f
438c4f
448c50
458c50
468c51
478c51
488c52
498c52
4a8c53
4b8c53
4c8c54
4d8c54
4e8c55
4f8c55
508c56
518c56
528c57
538c57
548c58
558c58
568c59
578c59
588c5a
598c5a
5a8c5b
5b8c5b
5c8c5c
5d8c5c
5e8c5d
5f8c5d
608c5e
618c5e
628c5f
638c5f
648c60
658c60
668c61
678c61
688c62
698c62
6a8c63
6b8c63
6c8c64
6d8c64
6e8c65
6f8c65
708c66
718c66
728c67
738c67
748c68
758c68
768c69
778c69
788c6a
798c6a
7a8c6b
7b8c6b
7c8c6c
7d8c6c
7e8c6d
7f8c6d
808c6e
818c6e
828c6f
838c6f
848c70
858c70
868c71
878c71
888c72
898c72
8a8c73
8b8c73
8c8c74
8d8c74
8e8c75
8f8c75
908c76
918c76
928c77
938c77
948c78
958c78
968c79
978c79
988c7a
998c7a
9a8c7b
9b8c7b
9c8c7c
9d8c7c
9e8c7d
9f8c7d
a08c7e
a18c7e
a28c7f
a38c7f
a48c80
a58c80
a68c81
a78c81
a88c82
a98c82
aa8c83
ab8c83
ac8c84
ad8c84
ae8c85
af8c85
b08c86
b18c86
b28c87
b38c87
b48c88
b58c88
b68c89
b78c89
b88c8a
b98c8a
ba8c8b
bb8c8b
bc8c8c
bd8c8c
be8c8d
bf8c8d
c08c8e
c18c8e
c28c8f
c38c8f
c48c90
c58c90
c68c91
c78c91
c88c92
c98c92
ca8c93
cb8c93
cc8c94
cd8c94
ce8c95
cf8c95
d08c96
d18c96
d28c97
d38c97
d48c98
d58c98
d68c99
d78c99
d88c9a
d98c9a
da8c9b
db8c9b
dc8c9c
dd8c9c
de8c9d
df8c9d
e08c9e
e18c9e
e28c9f
e38c9f
e48ca0
e58ca0
e68ca1
e78ca1
e88ca2
e98ca2
ea8ca3
eb8ca3
ec8ca4
ed8ca4
ee8ca5
ef8ca5
f08ca6
f18ca6
f28ca7
f38ca7
f48ca8
f58ca8
f68ca9
f78ca9
f88caa
f98caa
fa8cab
fb8cab
fc8cac
fd8cac
ee8cad
af8cad
508cae
118cae
028caf
038caf
048cb0
058cb0
068cb1
078cb1
088cb2
098cb2
0a8cb3
0b8cb3
0c8cb4
0d8cb4
0e8cb5
0f8cb5
108cb6
118cb6
128cb7
138cb7
148cb8
158cb8
168cb9
178cb9
188cba
198cba
1a8cbb
1b8cbb
1c8cbc
1d8cbc
1e8cbd
1f8cbd
208cbe
218cbe
228cbf
238cbf
248cc0
258cc0
268cc1
278cc1
288cc2
298cc2
2a8cc3
2b8cc3
2c8cc4
2d8cc4
2e8cc5
2f8cc5
308cc6
318cc6
328cc7
338cc7
348cc8
358cc8
368cc9
378cc9
388cca
398cca
3a8ccb
3b8ccb
3c8ccc
3d8ccc
000000
000000
000000
000000
028d2f
038d2f
048d30
058d30
068d31
078d31
088d32
098d32
0a8d33
0b8d33
0c8d34
0d8d34
0e8d35
0f8d35
108d36
118d36
128d37
138d37
148d38
158d38
168d39
178d39
188d3a
198d3a
1a8d3b
1b8d3b
1c8d3c
1d8d3c
1e8d3d
1f8d3d
208d3e
218d3e
228d3f
238d3f
248d40
258d40
268d41
278d41
288d42
298d42
2a8d43
2b8d43
2c8d44
2d8d44
2e8d45
2f8d45
308d46
318d46
328d47
338d47
348d48
358d48
368d49
378d49
388d4a
398d4a
3a8d4b
3b8d4b
3c8d4c
3d8d4c
3e8d4d
3f8d4d
408d4e
418d4e
428d4f
438d4f
448d50
458d50
468d51
478d51
488d52
498d52
4a8d53
4b8d53
4c8d54
4d8d54
4e8d55
4f8d55
508d56
518d56
528d57
538d57
548d58
558d58
568d59
578d59
588d5a
598d5a
5a8d5b
5b8d5b
5c8d5c
5d8d5c
5e8d5d
5f8d5d
608d5e
618d5e
628d5f
638d5f
648d60
658d60
668d61
678d61
688d62
698d62
6a8d63
6b8d63
6c8d64
6d8d64
6e8d65
6f8d65
708d66
718d66
728d67
738d67
748d68
758d68
768d69
778d69
788d6a
798d6a
7a8d6b
7b8d6b
7c8d6c
7d8d6c
7e8d6d
7f8d6d
808d6e
818d6e
828d6f
838d6f
848d70
858d70
868d71
878d71
888d72
898d72
8a8d73
8b8d73
8c8d74
8d8d74
8e8d75
8f8d75
908d76
918d76
928d77
938d77
948d78
958d78
968d79
978d79
988d7a
998d7a
9a8d7b
9b8d7b
9c8d7c
9d8d7c
9e8d7d
9f8d7d
a08d7e
a18d7e
a28d7f
a38d7f
a48d80
a58d80
a68d81
a78d81
a88d82
a98d82
aa8d83
ab8d83
ac8d84
ad8d84
ae8d85
af8d85
b08d86
b18d86
b28d87
b38d87
b48d88
b58d88
b68d89
b78d89
b88d8a
b98d8a
ba8d8b
bb8d8b
bc8d8c
bd8d8c
be8d8d
bf8d8d
c08d8e
c18d8e
c28d8f
c38d8f
c48d90
c58d90
c68d91
c78d91
c88d92
c98d92
ca8d93
cb8d93
cc8d94
cd8d94
ce8d95
cf8d95
d08d96
d18d96
d28d97
d38d97
d48d98
d58d98
d68d99
d78d99
d88d9a
d98d9a
da8d9b
db8d9b
dc8d9c
dd8d9c
de8d9d
df8d9d
e08d9e
e18d9e
e28d9f
e38d9f
e48da0
e58da0
e68da1
e78da1
e88da2
e98da2
ea8da3
eb8da3
ec8da4
ed8da4
ee8da5
ef8da5
f08da6
f18da6
f28da7
f38da7
f48da8
f58da8
f68da9
f78da9
f88daa
f98daa
fa8dab
fb8dab
fc8dac
fd8dac
ee8dad
af8dad
508dae
118dae
028daf
038daf
048db0
058db0
068db1
078db1
088db2
098db2
0a8db3
0b8db3
0c8db4
0d8db4
0e8db5
0f8db5
108db6
118db6
128db7
138db7
148db8
158db8
168db9
178db9
188dba
198dba
1a8dbb
1b8dbb
1c8dbc
1d8dbc
1e8dbd
1f8dbd
208dbe
218dbe
228dbf
238dbf
248dc0
258dc0
268dc1
278dc1
288dc2
298dc2
2a8dc3
2b8dc3
2c8dc4
2d8dc4
2e8dc5
2f8dc5
308dc6
318dc6
328dc7
338dc7
348dc8
358dc8
368dc9
378dc9
388dca
398dca
3a8dcb
3b8dcb
3c8dcc
3d8dcc
000000
000000
000000
000000
028e2f
038e30
048e30
058e31
068e31
078e32
088e32
098e33
0a8e33
0b8e34
0c8e34
0d8e35
0e8e35
0f8e36
108e36
118e37
128e37
138e38
148e38
158e39
168e39
178e3a
188e3a
198e3b
1a8e3b
1b8e3c
1c8e3c
1d8e3d
1e8e3d
1f8e3e
208e3e
218e3f
228e3f
238e40
248e40
258e41
268e41
278e42
288e42
298e43
2a8e43
2b8e44
2c8e44
2d8e45
2e8e45
2f8e46
308e46
318e47
328e47
338e48
348e48
358e49
368e49
378e4a
388e4a
398e4b
3a8e4b
3b8e4c
3c8e4c
3d8e4d
3e8e4d
3f8e4e
408e4e
418e4f
428e4f
438e50
448e50
458e51
468e51
478e52
488e52
498e53
4a8e53
4b8e54
4c8e54
4d8e55
4e8e55
4f8e56
508e56
518e57
528e57
538e58
548e58
558e59
568e59
578e5a
588e5a
598e5b
5a8e5b
5b8e5c
5c8e5c
5d8e5d
5e8e5d
5f8e5e
608e5e
618e5f
628e5f
638e60
648e60
658e61
668e61
678e62
688e62
698e63
6a8e63
6b8e64
6c8e64
6d8e65
6e8e65
6f8e66
708e66
718e67
728e67
738e68
748e68
758e69
768e69
778e6a
788e6a
798e6b
7a8e6b
7b8e6c
7c8e6c
7d8e6d
7e8e6d
7f8e6e
808e6e
818e6f
828e6f
838e70
848e70
858e71
868e71
878e72
888e72
898e73
8a8e73
8b8e74
8c8e74
8d8e75
8e8e75
8f8e76
908e76
918e77
928e77
938e78
948e78
958e79
968e79
978e7a
988e7a
998e7b
9a8e7b
9b8e7c
9c8e7c
9d8e7d
9e8e7d
9f8e7e
a08e7e
a18e7f
a28e7f
a38e80
a48e80
a58e81
a68e81
a78e82
a88e82
a98e83
aa8e83
ab8e84
ac8e84
ad8e85
ae8e85
af8e86
b08e86
b18e87
b28e87
b38e88
b48e88
b58e89
b68e89
b78e8a
b88e8a
b98e8b
ba8e8b
bb8e8c
bc8e8c
bd8e8d
be8e8d
bf8e8e
c08e8e
c18e8f
c28e8f
c38e90
c48e90
c58e91
c68e91
c78e92
c88e92
c98e93
ca8e93
cb8e94
cc8e94
cd8e95
ce8e95
cf8e96
d08e96
d18e97
d28e97
d38e98
d48e98
d58e99
d68e99
d78e9a
d88e9a
d98e9b
da8e9b
db8e9c
dc8e9c
dd8e9d
de8e9d
df8e9e
e08e9e
e18e9f
e28e9f
e38ea0
e48ea0
e58ea1
e68ea1
e78ea2
e88ea2
e98ea3
ea8ea3
eb8ea4
ec8ea4
ed8ea5
ee8ea5
ef8ea6
f08ea6
f18ea7
f28ea7
f38ea8
f48ea8
f58ea9
f68ea9
f78eaa
f88eaa
f98eab
fa8eab
fb8eac
fc8eac
fd8ead
ee8ead
af8eae
508eae
118eaf
028eaf
038eb0
048eb0
058eb1
068eb1
078eb2
088eb2
098eb3
0a8eb3
0b8eb4
0c8eb4
0d8eb5
0e8eb5
0f8eb6
108eb6
118eb7
128eb7
138eb8
148eb8
158eb9
168eb9
178eba
188eba
198ebb
1a8ebb
1b8ebc
1c8ebc
1d8ebd
1e8ebd
1f8ebe
208ebe
218ebf
228ebf
238ec0
248ec0
258ec1
268ec1
278ec2
288ec2
298ec3
2a8ec3
2b8ec4
2c8ec4
2d8ec5
2e8ec5
2f8ec6
308ec6
318ec7
328ec7
338ec8
348ec8
358ec9
368ec9
378eca
388eca
398ecb
3a8ecb
3b8ecc
3c8ecc
3d8ecd
000000
000000
000000
000000
028f30
038f30
048f31
058f31
068f32
078f32
088f33
098f33
0a8f34
0b8f34
0c8f35
0d8f35
0e8f36
0f8f36
108f37
118f37
128f38
138f38
148f39
158f39
168f3a
178f3a
188f3b
198f3b
1a8f3c
1b8f3c
1c8f3d
1d8f3d
1e8f3e
1f8f3e
208f3f
218f3f
228f40
238f40
248f41
258f41
268f42
278f42
288f43
298f43
2a8f44
2b8f44
2c8f45
2d8f45
2e8f46
2f8f46
308f47
318f47
328f48
338f48
348f49
358f49
368f4a
378f4a
388f4b
398f4b
3a8f4c
3b8f4c
3c8f4d
3d8f4d
3e8f4e
3f8f4e
408f4f
418f4f
428f50
438f50
448f51
458f51
468f52
478f52
488f53
498f53
4a8f54
4b8f54
4c8f55
4d8f55
4e8f56
4f8f56
508f57
518f57
528f58
538f58
548f59
558f59
568f5a
578f5a
588f5b
598f5b
5a8f5c
5b8f5c
5c8f5d
5d8f5d
5e8f5e
5f8f5e
608f5f
618f5f
628f60
638f60
648f61
658f61
668f62
678f62
688f63
698f63
6a8f64
6b8f64
6c8f65
6d8f65
6e8f66
6f8f66
708f67
718f67
728f68
738f68
748f69
758f69
768f6a
778f6a
788f6b
798f6b
7a8f6c
7b8f6c
7c8f6d
7d8f6d
7e8f6e
7f8f6e
808f6f
818f6f
828f70
838f70
848f71
858f71
868f72
878f72
888f73
898f73
8a8f74
8b8f74
8c8f75
8d8f75
8e8f76
8f8f76
908f77
918f77
928f78
938f78
948f79
958f79
968f7a
978f7a
988f7b
998f7b
9a8f7c
9b8f7c
9c8f7d
9d8f7d
9e8f7e
9f8f7e
a08f7f
a18f7f
a28f80
a38f80
a48f81
a58f81
a68f82
a78f82
a88f83
a98f83
aa8f84
ab8f84
ac8f85
ad8f85
ae8f86
af8f86
b08f87
b18f87
b28f88
b38f88
b48f89
b58f89
b68f8a
b78f8a
b88f8b
b98f8b
ba8f8c
bb8f8c
bc8f8d
bd8f8d
be8f8e
bf8f8e
c08f8f
c18f8f
c28f90
c38f90
c48f91
c58f91
c68f92
c78f92
c88f93
c98f93
ca8f94
cb8f94
cc8f95
cd8f95
ce8f96
cf8f96
d08f97
d18f97
d28f98
d38f98
d48f99
d58f99
d68f9a
d78f9a
d88f9b
d98f9b
da8f9c
db8f9c
dc8f9d
dd8f9d
de8f9e
df8f9e
e08f9f
e18f9f
e28fa0
e38fa0
e48fa1
e58fa1
e68fa2
e78fa2
e88fa3
e98fa3
ea8fa4
eb8fa4
ec8fa5
ed8fa5
ee8fa6
ef8fa6
f08fa7
f18fa7
f28fa8
f38fa8
f48fa9
f58fa9
f68faa
f78faa
f88fab
f98fab
fa8fac
fb8fac
fc8fad
fd8fad
ee8fae
af8fae
508faf
118faf
028fb0
038fb0
048fb1
058fb1
068fb2
078fb2
088fb3
098fb3
0a8fb4
0b8fb4
0c8fb5
0d8fb5
0e8fb6
0f8fb6
108fb7
118fb7
128fb8
138fb8
148fb9
158fb9
168fba
178fba
188fbb
198fbb
1a8fbc
1b8fbc
1c8fbd
1d8fbd
1e8fbe
1f8fbe
208fbf
218fbf
228fc0
238fc0
248fc1
258fc1
268fc2
278fc2
288fc3
298fc3
2a8fc4
2b8fc4
2c8fc5
2d8fc5
2e8fc6
2f8fc6
308fc7
318fc7
328fc8
338fc8
348fc9
358fc9
368fca
378fca
388fcb
398fcb
3a8fcc
3b8fcc
3c8fcd
3d8fcd
000000
000000
000000
000000
029030
039030
049031
059031
069032
079032
089033
099033
0a9034
0b9034
0c9035
0d9035
0e9036
0f9036
109037
119037
129038
139038
149039
159039
16903a
17903a
18903b
19903b
1a903c
1b903c
1c903d
1d903d
1e903e
1f903e
20903f
21903f
229040
239040
249041
259041
269042
279042
289043
299043
2a9044
2b9044
2c9045
2d9045
2e9046
2f9046
309047
319047
329048
339048
349049
359049
36904a
37904a
38904b
39904b
3a904c
3b904c
3c904d
3d904d
3e904e
3f904e
40904f
41904f
429050
439050
449051
459051
469052
479052
489053
499053
4a9054
4b9054
4c9055
4d9055
4e9056
4f9056
509057
519057
529058
539058
549059
559059
56905a
57905a
58905b
59905b
5a905c
5b905c
5c905d
5d905d
5e905e
5f905e
60905f
61905f
629060
639060
649061
659061
669062
679062
689063
699063
6a9064
6b9064
6c9065
6d9065
6e9066
6f9066
709067
719067
729068
739068
749069
759069
76906a
77906a
78906b
79906b
7a906c
7b906c
7c906d
7d906d
7e906e
7f906e
80906f
81906f
829070
839070
849071
859071
869072
879072
889073
899073
8a9074
8b9074
8c9075
8d9075
8e9076
8f9076
909077
919077
929078
939078
949079
959079
96907a
97907a
98907b
99907b
9a907c
9b907c
9c907d
9d907d
9e907e
9f907e
a0907f
a1907f
a29080
a39080
a49081
a59081
a69082
a79082
a89083
a99083
aa9084
ab9084
ac9085
ad9085
ae9086
af9086
b09087
b19087
b29088
b39088
b49089
b59089
b6908a
b7908a
b8908b
b9908b
ba908c
bb908c
bc908d
bd908d
be908e
bf908e
c0908f
c1908f
c29090
c39090
c49091
c59091
c69092
c79092
c89093
c99093
ca9094
cb9094
cc9095
cd9095
ce9096
cf9096
d09097
d19097
d29098
d39098
d49099
d59099
d6909a
d7909a
d8909b
d9909b
da909c
db909c
dc909d
dd909d
de909e
df909e
e0909f
e1909f
e290a0
e390a0
e490a1
e590a1
e690a2
e790a2
e890a3
e990a3
ea90a4
eb90a4
ec90a5
ed90a5
ee90a6
ef90a6
f090a7
f190a7
f290a8
f390a8
f490a9
f590a9
f690aa
f790aa
f890ab
f990ab
fa90ac
fb90ac
fc90ad
fd90ad
ee90ae
af90ae
5090af
1190af
0290b0
0390b0
0490b1
0590b1
0690b2
0790b2
0890b3
0990b3
0a90b4
0b90b4
0c90b5
0d90b5
0e90b6
0f90b6
1090b7
1190b7
1290b8
1390b8
1490b9
1590b9
1690ba
1790ba
1890bb
1990bb
1a90bc
1b90bc
1c90bd
1d90bd
1e90be
1f90be
2090bf
2190bf
2290c0
2390c0
2490c1
2590c1
2690c2
2790c2
2890c3
2990c3
2a90c4
2b90c4
2c90c5
2d90c5
2e90c6
2f90c6
3090c7
3190c7
3290c8
3390c8
3490c9
3590c9
3690ca
3790ca
3890cb
3990cb
3a90cc
3b90cc
3c90cd
3d90cd
000000
000000
000000
000000
029130
039131
049131
059132
069132
079133
089133
099134
0a9134
0b9135
0c9135
0d9136
0e9136
0f9137
109137
119138
129138
139139
149139
15913a
16913a
17913b
18913b
19913c
1a913c
1b913d
1c913d
1d913e
1e913e
1f913f
20913f
219140
229140
239141
249141
259142
269142
279143
289143
299144
2a9144
2b9145
2c9145
2d9146
2e9146
2f9147
309147
319148
329148
339149
349149
35914a
36914a
37914b
38914b
39914c
3a914c
3b914d
3c914d
3d914e
3e914e
3f914f
40914f
419150
429150
439151
449151
459152
469152
479153
489153
499154
4a9154
4b9155
4c9155
4d9156
4e9156
4f9157
509157
519158
529158
539159
549159
55915a
56915a
57915b
58915b
59915c
5a915c
5b915d
5c915d
5d915e
5e915e
5f915f
60915f
619160
629160
639161
649161
659162
669162
679163
689163
699164
6a9164
6b9165
6c9165
6d9166
6e9166
6f9167
709167
719168
729168
739169
749169
75916a
76916a
77916b
78916b
79916c
7a916c
7b916d
7c916d
7d916e
7e916e
7f916f
80916f
819170
829170
839171
849171
859172
869172
879173
889173
899174
8a9174
8b9175
8c9175
8d9176
8e9176
8f9177
909177
919178
929178
939179
949179
95917a
96917a
97917b
98917b
99917c
9a917c
9b917d
9c917d
9d917e
9e917e
9f917f
a0917f
a19180
a29180
a39181
a49181
a59182
a69182
a79183
a89183
a99184
aa9184
ab9185
ac9185
ad9186
ae9186
af9187
b09187
b19188
b29188
b39189
b49189
b5918a
b6918a
b7918b
b8918b
b9918c
ba918c
bb918d
bc918d
bd918e
be918e
bf918f
c0918f
c19190
c29190
c39191
c49191
c59192
c69192
c79193
c89193
c99194
ca9194
cb9195
cc9195
cd9196
ce9196
cf9197
d09197
d19198
d29198
d39199
d49199
d5919a
d6919a
d7919b
d8919b
d9919c
da919c
db919d
dc919d
dd919e
de919e
df919f
e0919f
e191a0
e291a0
e391a1
e491a1
e591a2
e691a2
e791a3
e891a3
e991a4
ea91a4
eb91a5
ec91a5
ed91a6
ee91a6
ef91a7
f091a7
f191a8
f291a8
f391a9
f491a9
f591aa
f691aa
f791ab
f891ab
f991ac
fa91ac
fb91ad
fc91ad
fd91ae
ee91ae
af91af
5091af
1191b0
0291b0
0391b1
0491b1
0591b2
0691b2
0791b3
0891b3
0991b4
0a91b4
0b91b5
0c91b5
0d91b6
0e91b6
0f91b7
1091b7
1191b8
1291b8
1391b9
1491b9
1591ba
1691ba
1791bb
1891bb
1991bc
1a91bc
1b91bd
1c91bd
1d91be
1e91be
1f91bf
2091bf
2191c0
2291c0
2391c1
2491c1
2591c2
2691c2
2791c3
2891c3
2991c4
2a91c4
2b91c5
2c91c5
2d91c6
2e91c6
2f91c7
3091c7
3191c8
3291c8
3391c9
3491c9
3591ca
3691ca
3791cb
3891cb
3991cc
3a91cc
3b91cd
3c91cd
3d91ce
000000
000000
000000
000000
029231
039231
049232
059232
069233
079233
089234
099234
0a9235
0b9235
0c9236
0d9236
0e9237
0f9237
109238
119238
129239
139239
14923a
15923a
16923b
17923b
18923c
19923c
1a923d
1b923d
1c923e
1d923e
1e923f
1f923f
209240
219240
229241
239241
249242
259242
269243
279243
289244
299244
2a9245
2b9245
2c9246
2d9246
2e9247
2f9247
309248
319248
329249
339249
34924a
35924a
36924b
37924b
38924c
39924c
3a924d
3b924d
3c924e
3d924e
3e924f
3f924f
409250
419250
429251
439251
449252
459252
469253
479253
489254
499254
4a9255
4b9255
4c9256
4d9256
4e9257
4f9257
509258
519258
529259
539259
54925a
55925a
56925b
57925b
58925c
59925c
5a925d
5b925d
5c925e
5d925e
5e925f
5f925f
609260
619260
629261
639261
649262
659262
669263
679263
689264
699264
6a9265
6b9265
6c9266
6d9266
6e9267
6f9267
709268
719268
729269
739269
74926a
75926a
76926b
77926b
78926c
79926c
7a926d
7b926d
7c926e
7d926e
7e926f
7f926f
809270
819270
829271
839271
849272
859272
869273
879273
889274
899274
8a9275
8b9275
8c9276
8d9276
8e9277
8f9277
909278
919278
929279
939279
94927a
95927a
96927b
97927b
98927c
99927c
9a927d
9b927d
9c927e
9d927e
9e927f
9f927f
a09280
a19280
a29281
a39281
a49282
a59282
a69283
a79283
a89284
a99284
aa9285
ab9285
ac9286
ad9286
ae9287
af9287
b09288
b19288
b29289
b39289
b4928a
b5928a
b6928b
b7928b
b8928c
b9928c
ba928d
bb928d
bc928e
bd928e
be928f
bf928f
c09290
c19290
c29291
c39291
c49292
c59292
c69293
c79293
c89294
c99294
ca9295
cb9295
cc9296
cd9296
ce9297
cf9297
d09298
d19298
d29299
d39299
d4929a
d5929a
d6929b
d7929b
d8929c
d9929c
da929d
db929d
dc929e
dd929e
de929f
df929f
e092a0
e192a0
e292a1
e392a1
e492a2
e592a2
e692a3
e792a3
e892a4
e992a4
ea92a5
eb92a5
ec92a6
ed92a6
ee92a7
ef92a7
f092a8
f192a8
f292a9
f392a9
f492aa
f592aa
f692ab
f792ab
f892ac
f992ac
fa92ad
fb92ad
fc92ae
fd92ae
ee92af
af92af
5092b0
1192b0
0292b1
0392b1
0492b2
0592b2
0692b3
0792b3
0892b4
0992b4
0a92b5
0b92b5
0c92b6
0d92b6
0e92b7
0f92b7
1092b8
1192b8
1292b9
1392b9
1492ba
1592ba
1692bb
1792bb
1892bc
1992bc
1a92bd
1b92bd
1c92be
1d92be
1e92bf
1f92bf
2092c0
2192c0
2292c1
2392c1
2492c2
2592c2
2692c3
2792c3
2892c4
2992c4
2a92c5
2b92c5
2c92c6
2d92c6
2e92c7
2f92c7
3092c8
3192c8
3292c9
3392c9
3492ca
3592ca
3692cb
3792cb
3892cc
3992cc
3a92cd
3b92cd
3c92ce
3d92ce
000000
000000
000000
000000
029331
039331
049332
059332
069333
079333
089334
099334
0a9335
0b9335
0c9336
0d9336
0e9337
0f9337
109338
119338
129339
139339
14933a
15933a
16933b
17933b
18933c
19933c
1a933d
1b933d
1c933e
1d933e
1e933f
1f933f
209340
219340
229341
239341
249342
259342
269343
279343
289344
299344
2a9345
2b9345
2c9346
2d9346
2e9347
2f9347
309348
319348
329349
339349
34934a
35934a
36934b
37934b
38934c
39934c
3a934d
3b934d
3c934e
3d934e
3e934f
3f934f
409350
419350
429351
439351
449352
459352
469353
479353
489354
499354
4a9355
4b9355
4c9356
4d9356
4e9357
4f9357
509358
519358
529359
539359
54935a
55935a
56935b
57935b
58935c
59935c
5a935d
5b935d
5c935e
5d935e
5e935f
5f935f
609360
619360
629361
639361
649362
659362
669363
679363
689364
699364
6a9365
6b9365
6c9366
6d9366
6e9367
6f9367
709368
719368
729369
739369
74936a
75936a
76936b
77936b
78936c
79936c
7a936d
7b936d
7c936e
7d936e
7e936f
7f936f
809370
819370
829371
839371
849372
859372
869373
879373
889374
899374
8a9375
8b9375
8c9376
8d9376
8e9377
8f9377
909378
919378
929379
939379
94937a
95937a
96937b
97937b
98937c
99937c
9a937d
9b937d
9c937e
9d937e
9e937f
9f937f
a09380
a19380
a29381
a39381
a49382
a59382
a69383
a79383
a89384
a99384
aa9385
ab9385
ac9386
ad9386
ae9387
af9387
b09388
b19388
b29389
b39389
b4938a
b5938a
b6938b
b7938b
b8938c
b9938c
ba938d
bb938d
bc938e
bd938e
be938f
bf938f
c09390
c19390
c29391
c39391
c49392
c59392
c69393
c79393
c89394
c99394
ca9395
cb9395
cc9396
cd9396
ce9397
cf9397
d09398
d19398
d29399
d39399
d4939a
d5939a
d6939b
d7939b
d8939c
d9939c
da939d
db939d
dc939e
dd939e
de939f
df939f
e093a0
e193a0
e293a1
e393a1
e493a2
e593a2
e693a3
e793a3
e893a4
e993a4
ea93a5
eb93a5
ec93a6
ed93a6
ee93a7
ef93a7
f093a8
f193a8
f293a9
f393a9
f493aa
f593aa
f693ab
f793ab
f893ac
f993ac
fa93ad
fb93ad
fc93ae
fd93ae
ee93af
af93af
5093b0
1193b0
0293b1
0393b1
0493b2
0593b2
0693b3
0793b3
0893b4
0993b4
0a93b5
0b93b5
0c93b6
0d93b6
0e93b7
0f93b7
1093b8
1193b8
1293b9
1393b9
1493ba
1593ba
1693bb
1793bb
1893bc
1993bc
1a93bd
1b93bd
1c93be
1d93be
1e93bf
1f93bf
2093c0
2193c0
2293c1
2393c1
2493c2
2593c2
2693c3
2793c3
2893c4
2993c4
2a93c5
2b93c5
2c93c6
2d93c6
2e93c7
2f93c7
3093c8
3193c8
3293c9
3393c9
3493ca
3593ca
3693cb
3793cb
3893cc
3993cc
3a93cd
3b93cd
3c93ce
3d93ce
000000
000000
000000
000000
029431
039432
049432
059433
069433
079434
089434
099435
0a9435
0b9436
0c9436
0d9437
0e9437
0f9438
109438
119439
129439
13943a
14943a
15943b
16943b
17943c
18943c
19943d
1a943d
1b943e
1c943e
1d943f
1e943f
1f9440
209440
219441
229441
239442
249442
259443
269443
279444
289444
299445
2a9445
2b9446
2c9446
2d9447
2e9447
2f9448
309448
319449
329449
33944a
34944a
35944b
36944b
37944c
38944c
39944d
3a944d
3b944e
3c944e
3d944f
3e944f
3f9450
409450
419451
429451
439452
449452
459453
469453
479454
489454
499455
4a9455
4b9456
4c9456
4d9457
4e9457
4f9458
509458
519459
529459
53945a
54945a
55945b
56945b
57945c
58945c
59945d
5a945d
5b945e
5c945e
5d945f
5e945f
5f9460
609460
619461
629461
639462
649462
659463
669463
679464
689464
699465
6a9465
6b9466
6c9466
6d9467
6e9467
6f9468
709468
719469
729469
73946a
74946a
75946b
76946b
77946c
78946c
79946d
7a946d
7b946e
7c946e
7d946f
7e946f
7f9470
809470
819471
829471
839472
849472
859473
869473
879474
889474
899475
8a9475
8b9476
8c9476
8d9477
8e9477
8f9478
909478
919479
929479
93947a
94947a
95947b
96947b
97947c
98947c
99947d
9a947d
9b947e
9c947e
9d947f
9e947f
9f9480
a09480
a19481
a29481
a39482
a49482
a59483
a69483
a79484
a89484
a99485
aa9485
ab9486
ac9486
ad9487
ae9487
af9488
b09488
b19489
b29489
b3948a
b4948a
b5948b
b6948b
b7948c
b8948c
b9948d
ba948d
bb948e
bc948e
bd948f
be948f
bf9490
c09490
c19491
c29491
c39492
c49492
c59493
c69493
c79494
c89494
c99495
ca9495
cb9496
cc9496
cd9497
ce9497
cf9498
d09498
d19499
d29499
d3949a
d4949a
d5949b
d6949b
d7949c
d8949c
d9949d
da949d
db949e
dc949e
dd949f
de949f
df94a0
e094a0
e194a1
e294a1
e394a2
e494a2
e594a3
e694a3
e794a4
e894a4
e994a5
ea94a5
eb94a6
ec94a6
ed94a7
ee94a7
ef94a8
f094a8
f194a9
f294a9
f394aa
f494aa
f594ab
f694ab
f794ac
f894ac
f994ad
fa94ad
fb94ae
fc94ae
fd94af
ee94af
af94b0
5094b0
1194b1
0294b1
0394b2
0494b2
0594b3
0694b3
0794b4
0894b4
0994b5
0a94b5
0b94b6
0c94b6
0d94b7
0e94b7
0f94b8
1094b8
1194b9
1294b9
1394ba
1494ba
1594bb
1694bb
1794bc
1894bc
1994bd
1a94bd
1b94be
1c94be
1d94bf
1e94bf
1f94c0
2094c0
2194c1
2294c1
2394c2
2494c2
2594c3
2694c3
2794c4
2894c4
2994c5
2a94c5
2b94c6
2c94c6
2d94c7
2e94c7
2f94c8
3094c8
3194c9
3294c9
3394ca
3494ca
3594cb
3694cb
3794cc
3894cc
3994cd
3a94cd
3b94ce
3c94ce
3d94cf
000000
000000
000000
000000
029532
039532
049533
059533
069534
079534
089535
099535
0a9536
0b9536
0c9537
0d9537
0e9538
0f9538
109539
119539
12953a
13953a
14953b
15953b
16953c
17953c
18953d
19953d
1a953e
1b953e
1c953f
1d953f
1e9540
1f9540
209541
219541
229542
239542
249543
259543
269544
279544
289545
299545
2a9546
2b9546
2c9547
2d9547
2e9548
2f9548
309549
319549
32954a
33954a
34954b
35954b
36954c
37954c
38954d
39954d
3a954e
3b954e
3c954f
3d954f
3e9550
3f9550
409551
419551
429552
439552
449553
459553
469554
479554
489555
499555
4a9556
4b9556
4c9557
4d9557
4e9558
4f9558
509559
519559
52955a
53955a
54955b
55955b
56955c
57955c
58955d
59955d
5a955e
5b955e
5c955f
5d955f
5e9560
5f9560
609561
619561
629562
639562
649563
659563
669564
679564
689565
699565
6a9566
6b9566
6c9567
6d9567
6e9568
6f9568
709569
719569
72956a
73956a
74956b
75956b
76956c
77956c
78956d
79956d
7a956e
7b956e
7c956f
7d956f
7e9570
7f9570
809571
819571
829572
839572
849573
859573
869574
879574
889575
899575
8a9576
8b9576
8c9577
8d9577
8e9578
8f9578
909579
919579
92957a
93957a
94957b
95957b
96957c
97957c
98957d
99957d
9a957e
9b957e
9c957f
9d957f
9e9580
9f9580
a09581
a19581
a29582
a39582
a49583
a59583
a69584
a79584
a89585
a99585
aa9586
ab9586
ac9587
ad9587
ae9588
af9588
b09589
b19589
b2958a
b3958a
b4958b
b5958b
b6958c
b7958c
b8958d
b9958d
ba958e
bb958e
bc958f
bd958f
be9590
bf9590
c09591
c19591
c29592
c39592
c49593
c59593
c69594
c79594
c89595
c99595
ca9596
cb9596
cc9597
cd9597
ce9598
cf9598
d09599
d19599
d2959a
d3959a
d4959b
d5959b
d6959c
d7959c
d8959d
d9959d
da959e
db959e
dc959f
dd959f
de95a0
df95a0
e095a1
e195a1
e295a2
e395a2
e495a3
e595a3
e695a4
e795a4
e895a5
e995a5
ea95a6
eb95a6
ec95a7
ed95a7
ee95a8
ef95a8
f095a9
f195a9
f295aa
f395aa
f495ab
f595ab
f695ac
f795ac
f895ad
f995ad
fa95ae
fb95ae
fc95af
fd95af
ee95b0
af95b0
5095b1
1195b1
0295b2
0395b2
0495b3
0595b3
0695b4
0795b4
0895b5
0995b5
0a95b6
0b95b6
0c95b7
0d95b7
0e95b8
0f95b8
1095b9
1195b9
1295ba
1395ba
1495bb
1595bb
1695bc
1795bc
1895bd
1995bd
1a95be
1b95be
1c95bf
1d95bf
1e95c0
1f95c0
2095c1
2195c1
2295c2
2395c2
2495c3
2595c3
2695c4
2795c4
2895c5
2995c5
2a95c6
2b95c6
2c95c7
2d95c7
2e95c8
2f95c8
3095c9
3195c9
3295ca
3395ca
3495cb
3595cb
3695cc
3795cc
3895cd
3995cd
3a95ce
3b95ce
3c95cf
3d95cf
000000
000000
000000
000000
029632
039632
049633
059633
069634
079634
089635
099635
0a9636
0b9636
0c9637
0d9637
0e9638
0f9638
109639
119639
12963a
13963a
14963b
15963b
16963c
17963c
18963d
19963d
1a963e
1b963e
1c963f
1d963f
1e9640
1f9640
209641
219641
229642
239642
249643
259643
269644
279644
289645
299645
2a9646
2b9646
2c9647
2d9647
2e9648
2f9648
309649
319649
32964a
33964a
34964b
35964b
36964c
37964c
38964d
39964d
3a964e
3b964e
3c964f
3d964f
3e9650
3f9650
409651
419651
429652
439652
449653
459653
469654
479654
489655
499655
4a9656
4b9656
4c9657
4d9657
4e9658
4f9658
509659
519659
52965a
53965a
54965b
55965b
56965c
57965c
58965d
59965d
5a965e
5b965e
5c965f
5d965f
5e9660
5f9660
609661
619661
629662
639662
649663
659663
669664
679664
689665
699665
6a9666
6b9666
6c9667
6d9667
6e9668
6f9668
709669
719669
72966a
73966a
74966b
75966b
76966c
77966c
78966d
79966d
7a966e
7b966e
7c966f
7d966f
7e9670
7f9670
809671
819671
829672
839672
849673
859673
869674
879674
889675
899675
8a9676
8b9676
8c9677
8d9677
8e9678
8f9678
909679
919679
92967a
93967a
94967b
95967b
96967c
97967c
98967d
99967d
9a967e
9b967e
9c967f
9d967f
9e9680
9f9680
a09681
a19681
a29682
a39682
a49683
a59683
a69684
a79684
a89685
a99685
aa9686
ab9686
ac9687
ad9687
ae9688
af9688
b09689
b19689
b2968a
b3968a
b4968b
b5968b
b6968c
b7968c
b8968d
b9968d
ba968e
bb968e
bc968f
bd968f
be9690
bf9690
c09691
c19691
c29692
c39692
c49693
c59693
c69694
c79694
c89695
c99695
ca9696
cb9696
cc9697
cd9697
ce9698
cf9698
d09699
d19699
d2969a
d3969a
d4969b
d5969b
d6969c
d7969c
d8969d
d9969d
da969e
db969e
dc969f
dd969f
de96a0
df96a0
e096a1
e196a1
e296a2
e396a2
e496a3
e596a3
e696a4
e796a4
e896a5
e996a5
ea96a6
eb96a6
ec96a7
ed96a7
ee96a8
ef96a8
f096a9
f196a9
f296aa
f396aa
f496ab
f596ab
f696ac
f796ac
f896ad
f996ad
fa96ae
fb96ae
fc96af
fd96af
ee96b0
af96b0
5096b1
1196b1
0296b2
0396b2
0496b3
0596b3
0696b4
0796b4
0896b5
0996b5
0a96b6
0b96b6
0c96b7
0d96b7
0e96b8
0f96b8
1096b9
1196b9
1296ba
1396ba
1496bb
1596bb
1696bc
1796bc
1896bd
1996bd
1a96be
1b96be
1c96bf
1d96bf
1e96c0
1f96c0
2096c1
2196c1
2296c2
2396c2
2496c3
2596c3
2696c4
2796c4
2896c5
2996c5
2a96c6
2b96c6
2c96c7
2d96c7
2e96c8
2f96c8
3096c9
3196c9
3296ca
3396ca
3496cb
3596cb
3696cc
3796cc
3896cd
3996cd
3a96ce
3b96ce
3c96cf
3d96cf
000000
000000
000000
000000
029732
039733
049733
059734
069734
079735
089735
099736
0a9736
0b9737
0c9737
0d9738
0e9738
0f9739
109739
11973a
12973a
13973b
14973b
15973c
16973c
17973d
18973d
19973e
1a973e
1b973f
1c973f
1d9740
1e9740
1f9741
209741
219742
229742
239743
249743
259744
269744
279745
289745
299746
2a9746
2b9747
2c9747
2d9748
2e9748
2f9749
309749
31974a
32974a
33974b
34974b
35974c
36974c
37974d
38974d
39974e
3a974e
3b974f
3c974f
3d9750
3e9750
3f9751
409751
419752
429752
439753
449753
459754
469754
479755
489755
499756
4a9756
4b9757
4c9757
4d9758
4e9758
4f9759
509759
51975a
52975a
53975b
54975b
55975c
56975c
57975d
58975d
59975e
5a975e
5b975f
5c975f
5d9760
5e9760
5f9761
609761
619762
629762
639763
649763
659764
669764
679765
689765
699766
6a9766
6b9767
6c9767
6d9768
6e9768
6f9769
709769
71976a
72976a
73976b
74976b
75976c
76976c
77976d
78976d
79976e
7a976e
7b976f
7c976f
7d9770
7e9770
7f9771
809771
819772
829772
839773
849773
859774
869774
879775
889775
899776
8a9776
8b9777
8c9777
8d9778
8e9778
8f9779
909779
91977a
92977a
93977b
94977b
95977c
96977c
97977d
98977d
99977e
9a977e
9b977f
9c977f
9d9780
9e9780
9f9781
a09781
a19782
a29782
a39783
a49783
a59784
a69784
a79785
a89785
a99786
aa9786
ab9787
ac9787
ad9788
ae9788
af9789
b09789
b1978a
b2978a
b3978b
b4978b
b5978c
b6978c
b7978d
b8978d
b9978e
ba978e
bb978f
bc978f
bd9790
be9790
bf9791
c09791
c19792
c29792
c39793
c49793
c59794
c69794
c79795
c89795
c99796
ca9796
cb9797
cc9797
cd9798
ce9798
cf9799
d09799
d1979a
d2979a
d3979b
d4979b
d5979c
d6979c
d7979d
d8979d
d9979e
da979e
db979f
dc979f
dd97a0
de97a0
df97a1
e097a1
e197a2
e297a2
e397a3
e497a3
e597a4
e697a4
e797a5
e897a5
e997a6
ea97a6
eb97a7
ec97a7
ed97a8
ee97a8
ef97a9
f097a9
f197aa
f297aa
f397ab
f497ab
f597ac
f697ac
f797ad
f897ad
f997ae
fa97ae
fb97af
fc97af
fd97b0
ee97b0
af97b1
5097b1
1197b2
0297b2
0397b3
0497b3
0597b4
0697b4
0797b5
0897b5
0997b6
0a97b6
0b97b7
0c97b7
0d97b8
0e97b8
0f97b9
1097b9
1197ba
1297ba
1397bb
1497bb
1597bc
1697bc
1797bd
1897bd
1997be
1a97be
1b97bf
1c97bf
1d97c0
1e97c0
1f97c1
2097c1
2197c2
2297c2
2397c3
2497c3
2597c4
2697c4
2797c5
2897c5
2997c6
2a97c6
2b97c7
2c97c7
2d97c8
2e97c8
2f97c9
3097c9
3197ca
3297ca
3397cb
3497cb
3597cc
3697cc
3797cd
3897cd
3997ce
3a97ce
3b97cf
3c97cf
3d97d0
000000
000000
000000
000000
029833
039833
049834
059834
069835
079835
089836
099836
0a9837
0b9837
0c9838
0d9838
0e9839
0f9839
10983a
11983a
12983b
13983b
14983c
15983c
16983d
17983d
18983e
19983e
1a983f
1b983f
1c9840
1d9840
1e9841
1f9841
209842
219842
229843
239843
249844
259844
269845
279845
289846
299846
2a9847
2b9847
2c9848
2d9848
2e9849
2f9849
30984a
31984a
32984b
33984b
34984c
35984c
36984d
37984d
38984e
39984e
3a984f
3b984f
3c9850
3d9850
3e9851
3f9851
409852
419852
429853
439853
449854
459854
469855
479855
489856
499856
4a9857
4b9857
4c9858
4d9858
4e9859
4f9859
50985a
51985a
52985b
53985b
54985c
55985c
56985d
57985d
58985e
59985e
5a985f
5b985f
5c9860
5d9860
5e9861
5f9861
609862
619862
629863
639863
649864
659864
669865
679865
689866
699866
6a9867
6b9867
6c9868
6d9868
6e9869
6f9869
70986a
71986a
72986b
73986b
74986c
75986c
76986d
77986d
78986e
79986e
7a986f
7b986f
7c9870
7d9870
7e9871
7f9871
809872
819872
829873
839873
849874
859874
869875
879875
889876
899876
8a9877
8b9877
8c9878
8d9878
8e9879
8f9879
90987a
91987a
92987b
93987b
94987c
95987c
96987d
97987d
98987e
99987e
9a987f
9b987f
9c9880
9d9880
9e9881
9f9881
a09882
a19882
a29883
a39883
a49884
a59884
a69885
a79885
a89886
a99886
aa9887
ab9887
ac9888
ad9888
ae9889
af9889
b0988a
b1988a
b2988b
b3988b
b4988c
b5988c
b6988d
b7988d
b8988e
b9988e
ba988f
bb988f
bc9890
bd9890
be9891
bf9891
c09892
c19892
c29893
c39893
c49894
c59894
c69895
c79895
c89896
c99896
ca9897
cb9897
cc9898
cd9898
ce9899
cf9899
d0989a
d1989a
d2989b
d3989b
d4989c
d5989c
d6989d
d7989d
d8989e
d9989e
da989f
db989f
dc98a0
dd98a0
de98a1
df98a1
e098a2
e198a2
e298a3
e398a3
e498a4
e598a4
e698a5
e798a5
e898a6
e998a6
ea98a7
eb98a7
ec98a8
ed98a8
ee98a9
ef98a9
f098aa
f198aa
f298ab
f398ab
f498ac
f598ac
f698ad
f798ad
f898ae
f998ae
fa98af
fb98af
fc98b0
fd98b0
ee98b1
af98b1
5098b2
1198b2
0298b3
0398b3
0498b4
0598b4
0698b5
0798b5
0898b6
0998b6
0a98b7
0b98b7
0c98b8
0d98b8
0e98b9
0f98b9
1098ba
1198ba
1298bb
1398bb
1498bc
1598bc
1698bd
1798bd
1898be
1998be
1a98bf
1b98bf
1c98c0
1d98c0
1e98c1
1f98c1
2098c2
2198c2
2298c3
2398c3
2498c4
2598c4
2698c5
2798c5
2898c6
2998c6
2a98c7
2b98c7
2c98c8
2d98c8
2e98c9
2f98c9
3098ca
3198ca
3298cb
3398cb
3498cc
3598cc
3698cd
3798cd
3898ce
3998ce
3a98cf
3b98cf
3c98d0
3d98d0
000000
000000
000000
000000
029933
039933
049934
059934
069935
079935
089936
099936
0a9937
0b9937
0c9938
0d9938
0e9939
0f9939
10993a
11993a
12993b
13993b
14993c
15993c
16993d
17993d
18993e
19993e
1a993f
1b993f
1c9940
1d9940
1e9941
1f9941
209942
219942
229943
239943
249944
259944
269945
279945
289946
299946
2a9947
2b9947
2c9948
2d9948
2e9949
2f9949
30994a
31994a
32994b
33994b
34994c
35994c
36994d
37994d
38994e
39994e
3a994f
3b994f
3c9950
3d9950
3e9951
3f9951
409952
419952
429953
439953
449954
459954
469955
479955
489956
499956
4a9957
4b9957
4c9958
4d9958
4e9959
4f9959
50995a
51995a
52995b
53995b
54995c
55995c
56995d
57995d
58995e
59995e
5a995f
5b995f
5c9960
5d9960
5e9961
5f9961
609962
619962
629963
639963
649964
659964
669965
679965
689966
699966
6a9967
6b9967
6c9968
6d9968
6e9969
6f9969
70996a
71996a
72996b
73996b
74996c
75996c
76996d
77996d
78996e
79996e
7a996f
7b996f
7c9970
7d9970
7e9971
7f9971
809972
819972
829973
839973
849974
859974
869975
879975
889976
899976
8a9977
8b9977
8c9978
8d9978
8e9979
8f9979
90997a
91997a
92997b
93997b
94997c
95997c
96997d
97997d
98997e
99997e
9a997f
9b997f
9c9980
9d9980
9e9981
9f9981
a09982
a19982
a29983
a39983
a49984
a59984
a69985
a79985
a89986
a99986
aa9987
ab9987
ac9988
ad9988
ae9989
af9989
b0998a
b1998a
b2998b
b3998b
b4998c
b5998c
b6998d
b7998d
b8998e
b9998e
ba998f
bb998f
bc9990
bd9990
be9991
bf9991
c09992
c19992
c29993
c39993
c49994
c59994
c69995
c79995
c89996
c99996
ca9997
cb9997
cc9998
cd9998
ce9999
cf9999
d0999a
d1999a
d2999b
d3999b
d4999c
d5999c
d6999d
d7999d
d8999e
d9999e
da999f
db999f
dc99a0
dd99a0
de99a1
df99a1
e099a2
e199a2
e299a3
e399a3
e499a4
e599a4
e699a5
e799a5
e899a6
e999a6
ea99a7
eb99a7
ec99a8
ed99a8
ee99a9
ef99a9
f099aa
f199aa
f299ab
f399ab
f499ac
f599ac
f699ad
f799ad
f899ae
f999ae
fa99af
fb99af
fc99b0
fd99b0
ee99b1
af99b1
5099b2
1199b2
0299b3
0399b3
0499b4
0599b4
0699b5
0799b5
0899b6
0999b6
0a99b7
0b99b7
0c99b8
0d99b8
0e99b9
0f99b9
1099ba
1199ba
1299bb
1399bb
1499bc
1599bc
1699bd
1799bd
1899be
1999be
1a99bf
1b99bf
1c99c0
1d99c0
1e99c1
1f99c1
2099c2
2199c2
2299c3
2399c3
2499c4
2599c4
2699c5
2799c5
2899c6
2999c6
2a99c7
2b99c7
2c99c8
2d99c8
2e99c9
2f99c9
3099ca
3199ca
3299cb
3399cb
3499cc
3599cc
3699cd
3799cd
3899ce
3999ce
3a99cf
3b99cf
3c99d0
3d99d0
000000
000000
000000
000000
029a33
039a34
049a34
059a35
069a35
079a36
089a36
099a37
0a9a37
0b9a38
0c9a38
0d9a39
0e9a39
0f9a3a
109a3a
119a3b
129a3b
139a3c
149a3c
159a3d
169a3d
179a3e
189a3e
199a3f
1a9a3f
1b9a40
1c9a40
1d9a41
1e9a41
1f9a42
209a42
219a43
229a43
239a44
249a44
259a45
269a45
279a46
289a46
299a47
2a9a47
2b9a48
2c9a48
2d9a49
2e9a49
2f9a4a
309a4a
319a4b
329a4b
339a4c
349a4c
359a4d
369a4d
379a4e
389a4e
399a4f
3a9a4f
3b9a50
3c9a50
3d9a51
3e9a51
3f9a52
409a52
419a53
429a53
439a54
449a54
459a55
469a55
479a56
489a56
499a57
4a9a57
4b9a58
4c9a58
4d9a59
4e9a59
4f9a5a
509a5a
519a5b
529a5b
539a5c
549a5c
559a5d
569a5d
579a5e
589a5e
599a5f
5a9a5f
5b9a60
5c9a60
5d9a61
5e9a61
5f9a62
609a62
619a63
629a63
639a64
649a64
659a65
669a65
679a66
689a66
699a67
6a9a67
6b9a68
6c9a68
6d9a69
6e9a69
6f9a6a
709a6a
719a6b
729a6b
739a6c
749a6c
759a6d
769a6d
779a6e
789a6e
799a6f
7a9a6f
7b9a70
7c9a70
7d9a71
7e9a71
7f9a72
809a72
819a73
829a73
839a74
849a74
859a75
869a75
879a76
889a76
899a77
8a9a77
8b9a78
8c9a78
8d9a79
8e9a79
8f9a7a
909a7a
919a7b
929a7b
939a7c
949a7c
959a7d
969a7d
979a7e
989a7e
999a7f
9a9a7f
9b9a80
9c9a80
9d9a81
9e9a81
9f9a82
a09a82
a19a83
a29a83
a39a84
a49a84
a59a85
a69a85
a79a86
a89a86
a99a87
aa9a87
ab9a88
ac9a88
ad9a89
ae9a89
af9a8a
b09a8a
b19a8b
b29a8b
b39a8c
b49a8c
b59a8d
b69a8d
b79a8e
b89a8e
b99a8f
ba9a8f
bb9a90
bc9a90
bd9a91
be9a91
bf9a92
c09a92
c19a93
c29a93
c39a94
c49a94
c59a95
c69a95
c79a96
c89a96
c99a97
ca9a97
cb9a98
cc9a98
cd9a99
ce9a99
cf9a9a
d09a9a
d19a9b
d29a9b
d39a9c
d49a9c
d59a9d
d69a9d
d79a9e
d89a9e
d99a9f
da9a9f
db9aa0
dc9aa0
dd9aa1
de9aa1
df9aa2
e09aa2
e19aa3
e29aa3
e39aa4
e49aa4
e59aa5
e69aa5
e79aa6
e89aa6
e99aa7
ea9aa7
eb9aa8
ec9aa8
ed9aa9
ee9aa9
ef9aaa
f09aaa
f19aab
f29aab
f39aac
f49aac
f59aad
f69aad
f79aae
f89aae
f99aaf
fa9aaf
fb9ab0
fc9ab0
fd9ab1
ee9ab1
af9ab2
509ab2
119ab3
029ab3
039ab4
049ab4
059ab5
069ab5
079ab6
089ab6
099ab7
0a9ab7
0b9ab8
0c9ab8
0d9ab9
0e9ab9
0f9aba
109aba
119abb
129abb
139abc
149abc
159abd
169abd
179abe
189abe
199abf
1a9abf
1b9ac0
1c9ac0
1d9ac1
1e9ac1
1f9ac2
209ac2
219ac3
229ac3
239ac4
249ac4
259ac5
269ac5
279ac6
289ac6
299ac7
2a9ac7
2b9ac8
2c9ac8
2d9ac9
2e9ac9
2f9aca
309aca
319acb
329acb
339acc
349acc
359acd
369acd
379ace
389ace
399acf
3a9acf
3b9ad0
3c9ad0
3d9ad1
000000
000000
000000
000000
029b34
039b34
049b35
059b35
069b36
079b36
089b37
099b37
0a9b38
0b9b38
0c9b39
0d9b39
0e9b3a
0f9b3a
109b3b
119b3b
129b3c
139b3c
149b3d
159b3d
169b3e
179b3e
189b3f
199b3f
1a9b40
1b9b40
1c9b41
1d9b41
1e9b42
1f9b42
209b43
219b43
229b44
239b44
249b45
259b45
269b46
279b46
289b47
299b47
2a9b48
2b9b48
2c9b49
2d9b49
2e9b4a
2f9b4a
309b4b
319b4b
329b4c
339b4c
349b4d
359b4d
369b4e
379b4e
389b4f
399b4f
3a9b50
3b9b50
3c9b51
3d9b51
3e9b52
3f9b52
409b53
419b53
429b54
439b54
449b55
459b55
469b56
479b56
489b57
499b57
4a9b58
4b9b58
4c9b59
4d9b59
4e9b5a
4f9b5a
509b5b
519b5b
529b5c
539b5c
549b5d
559b5d
569b5e
579b5e
589b5f
599b5f
5a9b60
5b9b60
5c9b61
5d9b61
5e9b62
5f9b62
609b63
619b63
629b64
639b64
649b65
659b65
669b66
679b66
689b67
699b67
6a9b68
6b9b68
6c9b69
6d9b69
6e9b6a
6f9b6a
709b6b
719b6b
729b6c
739b6c
749b6d
759b6d
769b6e
779b6e
789b6f
799b6f
7a9b70
7b9b70
7c9b71
7d9b71
7e9b72
7f9b72
809b73
819b73
829b74
839b74
849b75
859b75
869b76
879b76
889b77
899b77
8a9b78
8b9b78
8c9b79
8d9b79
8e9b7a
8f9b7a
909b7b
919b7b
929b7c
939b7c
949b7d
959b7d
969b7e
979b7e
989b7f
999b7f
9a9b80
9b9b80
9c9b81
9d9b81
9e9b82
9f9b82
a09b83
a19b83
a29b84
a39b84
a49b85
a59b85
a69b86
a79b86
a89b87
a99b87
aa9b88
ab9b88
ac9b89
ad9b89
ae9b8a
af9b8a
b09b8b
b19b8b
b29b8c
b39b8c
b49b8d
b59b8d
b69b8e
b79b8e
b89b8f
b99b8f
ba9b90
bb9b90
bc9b91
bd9b91
be9b92
bf9b92
c09b93
c19b93
c29b94
c39b94
c49b95
c59b95
c69b96
c79b96
c89b97
c99b97
ca9b98
cb9b98
cc9b99
cd9b99
ce9b9a
cf9b9a
d09b9b
d19b9b
d29b9c
d39b9c
d49b9d
d59b9d
d69b9e
d79b9e
d89b9f
d99b9f
da9ba0
db9ba0
dc9ba1
dd9ba1
de9ba2
df9ba2
e09ba3
e19ba3
e29ba4
e39ba4
e49ba5
e59ba5
e69ba6
e79ba6
e89ba7
e99ba7
ea9ba8
eb9ba8
ec9ba9
ed9ba9
ee9baa
ef9baa
f09bab
f19bab
f29bac
f39bac
f49bad
f59bad
f69bae
f79bae
f89baf
f99baf
fa9bb0
fb9bb0
fc9bb1
fd9bb1
ee9bb2
af9bb2
509bb3
119bb3
029bb4
039bb4
049bb5
059bb5
069bb6
079bb6
089bb7
099bb7
0a9bb8
0b9bb8
0c9bb9
0d9bb9
0e9bba
0f9bba
109bbb
119bbb
129bbc
139bbc
149bbd
159bbd
169bbe
179bbe
189bbf
199bbf
1a9bc0
1b9bc0
1c9bc1
1d9bc1
1e9bc2
1f9bc2
209bc3
219bc3
229bc4
239bc4
249bc5
259bc5
269bc6
279bc6
289bc7
299bc7
2a9bc8
2b9bc8
2c9bc9
2d9bc9
2e9bca
2f9bca
309bcb
319bcb
329bcc
339bcc
349bcd
359bcd
369bce
379bce
389bcf
399bcf
3a9bd0
3b9bd0
3c9bd1
3d9bd1
000000
000000
000000
000000
029c34
039c34
049c35
059c35
069c36
079c36
089c37
099c37
0a9c38
0b9c38
0c9c39
0d9c39
0e9c3a
0f9c3a
109c3b
119c3b
129c3c
139c3c
149c3d
159c3d
169c3e
179c3e
189c3f
199c3f
1a9c40
1b9c40
1c9c41
1d9c41
1e9c42
1f9c42
209c43
219c43
229c44
239c44
249c45
259c45
269c46
279c46
289c47
299c47
2a9c48
2b9c48
2c9c49
2d9c49
2e9c4a
2f9c4a
309c4b
319c4b
329c4c
339c4c
349c4d
359c4d
369c4e
379c4e
389c4f
399c4f
3a9c50
3b9c50
3c9c51
3d9c51
3e9c52
3f9c52
409c53
419c53
429c54
439c54
449c55
459c55
469c56
479c56
489c57
499c57
4a9c58
4b9c58
4c9c59
4d9c59
4e9c5a
4f9c5a
509c5b
519c5b
529c5c
539c5c
549c5d
559c5d
569c5e
579c5e
589c5f
599c5f
5a9c60
5b9c60
5c9c61
5d9c61
5e9c62
5f9c62
609c63
619c63
629c64
639c64
649c65
659c65
669c66
679c66
689c67
699c67
6a9c68
6b9c68
6c9c69
6d9c69
6e9c6a
6f9c6a
709c6b
719c6b
729c6c
739c6c
749c6d
759c6d
769c6e
779c6e
789c6f
799c6f
7a9c70
7b9c70
7c9c71
7d9c71
7e9c72
7f9c72
809c73
819c73
829c74
839c74
849c75
859c75
869c76
879c76
889c77
899c77
8a9c78
8b9c78
8c9c79
8d9c79
8e9c7a
8f9c7a
909c7b
919c7b
929c7c
939c7c
949c7d
959c7d
969c7e
979c7e
989c7f
999c7f
9a9c80
9b9c80
9c9c81
9d9c81
9e9c82
9f9c82
a09c83
a19c83
a29c84
a39c84
a49c85
a59c85
a69c86
a79c86
a89c87
a99c87
aa9c88
ab9c88
ac9c89
ad9c89
ae9c8a
af9c8a
b09c8b
b19c8b
b29c8c
b39c8c
b49c8d
b59c8d
b69c8e
b79c8e
b89c8f
b99c8f
ba9c90
bb9c90
bc9c91
bd9c91
be9c92
bf9c92
c09c93
c19c93
c29c94
c39c94
c49c95
c59c95
c69c96
c79c96
c89c97
c99c97
ca9c98
cb9c98
cc9c99
cd9c99
ce9c9a
cf9c9a
d09c9b
d19c9b
d29c9c
d39c9c
d49c9d
d59c9d
d69c9e
d79c9e
d89c9f
d99c9f
da9ca0
db9ca0
dc9ca1
dd9ca1
de9ca2
df9ca2
e09ca3
e19ca3
e29ca4
e39ca4
e49ca5
e59ca5
e69ca6
e79ca6
e89ca7
e99ca7
ea9ca8
eb9ca8
ec9ca9
ed9ca9
ee9caa
ef9caa
f09cab
f19cab
f29cac
f39cac
f49cad
f59cad
f69cae
f79cae
f89caf
f99caf
fa9cb0
fb9cb0
fc9cb1
fd9cb1
ee9cb2
af9cb2
509cb3
119cb3
029cb4
039cb4
049cb5
059cb5
069cb6
079cb6
089cb7
099cb7
0a9cb8
0b9cb8
0c9cb9
0d9cb9
0e9cba
0f9cba
109cbb
119cbb
129cbc
139cbc
149cbd
159cbd
169cbe
179cbe
189cbf
199cbf
1a9cc0
1b9cc0
1c9cc1
1d9cc1
1e9cc2
1f9cc2
209cc3
219cc3
229cc4
239cc4
249cc5
259cc5
269cc6
279cc6
289cc7
299cc7
2a9cc8
2b9cc8
2c9cc9
2d9cc9
2e9cca
2f9cca
309ccb
319ccb
329ccc
339ccc
349ccd
359ccd
369cce
379cce
389ccf
399ccf
3a9cd0
3b9cd0
3c9cd1
3d9cd1
000000
000000
000000
000000
029d34
039d35
049d35
059d36
069d36
079d37
089d37
099d38
0a9d38
0b9d39
0c9d39
0d9d3a
0e9d3a
0f9d3b
109d3b
119d3c
129d3c
139d3d
149d3d
159d3e
169d3e
179d3f
189d3f
199d40
1a9d40
1b9d41
1c9d41
1d9d42
1e9d42
1f9d43
209d43
219d44
229d44
239d45
249d45
259d46
269d46
279d47
289d47
299d48
2a9d48
2b9d49
2c9d49
2d9d4a
2e9d4a
2f9d4b
309d4b
319d4c
329d4c
339d4d
349d4d
359d4e
369d4e
379d4f
389d4f
399d50
3a9d50
3b9d51
3c9d51
3d9d52
3e9d52
3f9d53
409d53
419d54
429d54
439d55
449d55
459d56
469d56
479d57
489d57
499d58
4a9d58
4b9d59
4c9d59
4d9d5a
4e9d5a
4f9d5b
509d5b
519d5c
529d5c
539d5d
549d5d
559d5e
569d5e
579d5f
589d5f
599d60
5a9d60
5b9d61
5c9d61
5d9d62
5e9d62
5f9d63
609d63
619d64
629d64
639d65
649d65
659d66
669d66
679d67
689d67
699d68
6a9d68
6b9d69
6c9d69
6d9d6a
6e9d6a
6f9d6b
709d6b
719d6c
729d6c
739d6d
749d6d
759d6e
769d6e
779d6f
789d6f
799d70
7a9d70
7b9d71
7c9d71
7d9d72
7e9d72
7f9d73
809d73
819d74
829d74
839d75
849d75
859d76
869d76
879d77
889d77
899d78
8a9d78
8b9d79
8c9d79
8d9d7a
8e9d7a
8f9d7b
909d7b
919d7c
929d7c
939d7d
949d7d
959d7e
969d7e
979d7f
989d7f
999d80
9a9d80
9b9d81
9c9d81
9d9d82
9e9d82
9f9d83
a09d83
a19d84
a29d84
a39d85
a49d85
a59d86
a69d86
a79d87
a89d87
a99d88
aa9d88
ab9d89
ac9d89
ad9d8a
ae9d8a
af9d8b
b09d8b
b19d8c
b29d8c
b39d8d
b49d8d
b59d8e
b69d8e
b79d8f
b89d8f
b99d90
ba9d90
bb9d91
bc9d91
bd9d92
be9d92
bf9d93
c09d93
c19d94
c29d94
c39d95
c49d95
c59d96
c69d96
c79d97
c89d97
c99d98
ca9d98
cb9d99
cc9d99
cd9d9a
ce9d9a
cf9d9b
d09d9b
d19d9c
d29d9c
d39d9d
d49d9d
d59d9e
d69d9e
d79d9f
d89d9f
d99da0
da9da0
db9da1
dc9da1
dd9da2
de9da2
df9da3
e09da3
e19da4
e29da4
e39da5
e49da5
e59da6
e69da6
e79da7
e89da7
e99da8
ea9da8
eb9da9
ec9da9
ed9daa
ee9daa
ef9dab
f09dab
f19dac
f29dac
f39dad
f49dad
f59dae
f69dae
f79daf
f89daf
f99db0
fa9db0
fb9db1
fc9db1
fd9db2
ee9db2
af9db3
509db3
119db4
029db4
039db5
049db5
059db6
069db6
079db7
089db7
099db8
0a9db8
0b9db9
0c9db9
0d9dba
0e9dba
0f9dbb
109dbb
119dbc
129dbc
139dbd
149dbd
159dbe
169dbe
179dbf
189dbf
199dc0
1a9dc0
1b9dc1
1c9dc1
1d9dc2
1e9dc2
1f9dc3
209dc3
219dc4
229dc4
239dc5
249dc5
259dc6
269dc6
279dc7
289dc7
299dc8
2a9dc8
2b9dc9
2c9dc9
2d9dca
2e9dca
2f9dcb
309dcb
319dcc
329dcc
339dcd
349dcd
359dce
369dce
379dcf
389dcf
399dd0
3a9dd0
3b9dd1
3c9dd1
3d9dd2
000000
000000
000000
000000
029e35
039e35
049e36
059e36
069e37
079e37
089e38
099e38
0a9e39
0b9e39
0c9e3a
0d9e3a
0e9e3b
0f9e3b
109e3c
119e3c
129e3d
139e3d
149e3e
159e3e
169e3f
179e3f
189e40
199e40
1a9e41
1b9e41
1c9e42
1d9e42
1e9e43
1f9e43
209e44
219e44
229e45
239e45
249e46
259e46
269e47
279e47
289e48
299e48
2a9e49
2b9e49
2c9e4a
2d9e4a
2e9e4b
2f9e4b
309e4c
319e4c
329e4d
339e4d
349e4e
359e4e
369e4f
379e4f
389e50
399e50
3a9e51
3b9e51
3c9e52
3d9e52
3e9e53
3f9e53
409e54
419e54
429e55
439e55
449e56
459e56
469e57
479e57
489e58
499e58
4a9e59
4b9e59
4c9e5a
4d9e5a
4e9e5b
4f9e5b
509e5c
519e5c
529e5d
539e5d
549e5e
559e5e
569e5f
579e5f
589e60
599e60
5a9e61
5b9e61
5c9e62
5d9e62
5e9e63
5f9e63
609e64
619e64
629e65
639e65
649e66
659e66
669e67
679e67
689e68
699e68
6a9e69
6b9e69
6c9e6a
6d9e6a
6e9e6b
6f9e6b
709e6c
719e6c
729e6d
739e6d
749e6e
759e6e
769e6f
779e6f
789e70
799e70
7a9e71
7b9e71
7c9e72
7d9e72
7e9e73
7f9e73
809e74
819e74
829e75
839e75
849e76
859e76
869e77
879e77
889e78
899e78
8a9e79
8b9e79
8c9e7a
8d9e7a
8e9e7b
8f9e7b
909e7c
919e7c
929e7d
939e7d
949e7e
959e7e
969e7f
979e7f
989e80
999e80
9a9e81
9b9e81
9c9e82
9d9e82
9e9e83
9f9e83
a09e84
a19e84
a29e85
a39e85
a49e86
a59e86
a69e87
a79e87
a89e88
a99e88
aa9e89
ab9e89
ac9e8a
ad9e8a
ae9e8b
af9e8b
b09e8c
b19e8c
b29e8d
b39e8d
b49e8e
b59e8e
b69e8f
b79e8f
b89e90
b99e90
ba9e91
bb9e91
bc9e92
bd9e92
be9e93
bf9e93
c09e94
c19e94
c29e95
c39e95
c49e96
c59e96
c69e97
c79e97
c89e98
c99e98
ca9e99
cb9e99
cc9e9a
cd9e9a
ce9e9b
cf9e9b
d09e9c
d19e9c
d29e9d
d39e9d
d49e9e
d59e9e
d69e9f
d79e9f
d89ea0
d99ea0
da9ea1
db9ea1
dc9ea2
dd9ea2
de9ea3
df9ea3
e09ea4
e19ea4
e29ea5
e39ea5
e49ea6
e59ea6
e69ea7
e79ea7
e89ea8
e99ea8
ea9ea9
eb9ea9
ec9eaa
ed9eaa
ee9eab
ef9eab
f09eac
f19eac
f29ead
f39ead
f49eae
f59eae
f69eaf
f79eaf
f89eb0
f99eb0
fa9eb1
fb9eb1
fc9eb2
fd9eb2
ee9eb3
af9eb3
509eb4
119eb4
029eb5
039eb5
049eb6
059eb6
069eb7
079eb7
089eb8
099eb8
0a9eb9
0b9eb9
0c9eba
0d9eba
0e9ebb
0f9ebb
109ebc
119ebc
129ebd
139ebd
149ebe
159ebe
169ebf
179ebf
189ec0
199ec0
1a9ec1
1b9ec1
1c9ec2
1d9ec2
1e9ec3
1f9ec3
209ec4
219ec4
229ec5
239ec5
249ec6
259ec6
269ec7
279ec7
289ec8
299ec8
2a9ec9
2b9ec9
2c9eca
2d9eca
2e9ecb
2f9ecb
309ecc
319ecc
329ecd
339ecd
349ece
359ece
369ecf
379ecf
389ed0
399ed0
3a9ed1
3b9ed1
3c9ed2
3d9ed2
000000
000000
000000
000000
029f35
039f35
049f36
059f36
069f37
079f37
089f38
099f38
0a9f39
0b9f39
0c9f3a
0d9f3a
0e9f3b
0f9f3b
109f3c
119f3c
129f3d
139f3d
149f3e
159f3e
169f3f
179f3f
189f40
199f40
1a9f41
1b9f41
1c9f42
1d9f42
1e9f43
1f9f43
209f44
219f44
229f45
239f45
249f46
259f46
269f47
279f47
289f48
299f48
2a9f49
2b9f49
2c9f4a
2d9f4a
2e9f4b
2f9f4b
309f4c
319f4c
329f4d
339f4d
349f4e
359f4e
369f4f
379f4f
389f50
399f50
3a9f51
3b9f51
3c9f52
3d9f52
3e9f53
3f9f53
409f54
419f54
429f55
439f55
449f56
459f56
469f57
479f57
489f58
499f58
4a9f59
4b9f59
4c9f5a
4d9f5a
4e9f5b
4f9f5b
509f5c
519f5c
529f5d
539f5d
549f5e
559f5e
569f5f
579f5f
589f60
599f60
5a9f61
5b9f61
5c9f62
5d9f62
5e9f63
5f9f63
609f64
619f64
629f65
639f65
649f66
659f66
669f67
679f67
689f68
699f68
6a9f69
6b9f69
6c9f6a
6d9f6a
6e9f6b
6f9f6b
709f6c
719f6c
729f6d
739f6d
749f6e
759f6e
769f6f
779f6f
789f70
799f70
7a9f71
7b9f71
7c9f72
7d9f72
7e9f73
7f9f73
809f74
819f74
829f75
839f75
849f76
859f76
869f77
879f77
889f78
899f78
8a9f79
8b9f79
8c9f7a
8d9f7a
8e9f7b
8f9f7b
909f7c
919f7c
929f7d
939f7d
949f7e
959f7e
969f7f
979f7f
989f80
999f80
9a9f81
9b9f81
9c9f82
9d9f82
9e9f83
9f9f83
a09f84
a19f84
a29f85
a39f85
a49f86
a59f86
a69f87
a79f87
a89f88
a99f88
aa9f89
ab9f89
ac9f8a
ad9f8a
ae9f8b
af9f8b
b09f8c
b19f8c
b29f8d
b39f8d
b49f8e
b59f8e
b69f8f
b79f8f
b89f90
b99f90
ba9f91
bb9f91
bc9f92
bd9f92
be9f93
bf9f93
c09f94
c19f94
c29f95
c39f95
c49f96
c59f96
c69f97
c79f97
c89f98
c99f98
ca9f99
cb9f99
cc9f9a
cd9f9a
ce9f9b
cf9f9b
d09f9c
d19f9c
d29f9d
d39f9d
d49f9e
d59f9e
d69f9f
d79f9f
d89fa0
d99fa0
da9fa1
db9fa1
dc9fa2
dd9fa2
de9fa3
df9fa3
e09fa4
e19fa4
e29fa5
e39fa5
e49fa6
e59fa6
e69fa7
e79fa7
e89fa8
e99fa8
ea9fa9
eb9fa9
ec9faa
ed9faa
ee9fab
ef9fab
f09fac
f19fac
f29fad
f39fad
f49fae
f59fae
f69faf
f79faf
f89fb0
f99fb0
fa9fb1
fb9fb1
fc9fb2
fd9fb2
ee9fb3
af9fb3
509fb4
119fb4
029fb5
039fb5
049fb6
059fb6
069fb7
079fb7
089fb8
099fb8
0a9fb9
0b9fb9
0c9fba
0d9fba
0e9fbb
0f9fbb
109fbc
119fbc
129fbd
139fbd
149fbe
159fbe
169fbf
179fbf
189fc0
199fc0
1a9fc1
1b9fc1
1c9fc2
1d9fc2
1e9fc3
1f9fc3
209fc4
219fc4
229fc5
239fc5
249fc6
259fc6
269fc7
279fc7
289fc8
299fc8
2a9fc9
2b9fc9
2c9fca
2d9fca
2e9fcb
2f9fcb
309fcc
319fcc
329fcd
339fcd
349fce
359fce
369fcf
379fcf
389fd0
399fd0
3a9fd1
3b9fd1
3c9fd2
3d9fd2
000000
000000
000000
000000
02a035
03a036
04a036
05a037
06a037
07a038
08a038
09a039
0aa039
0ba03a
0ca03a
0da03b
0ea03b
0fa03c
10a03c
11a03d
12a03d
13a03e
14a03e
15a03f
16a03f
17a040
18a040
19a041
1aa041
1ba042
1ca042
1da043
1ea043
1fa044
20a044
21a045
22a045
23a046
24a046
25a047
26a047
27a048
28a048
29a049
2aa049
2ba04a
2ca04a
2da04b
2ea04b
2fa04c
30a04c
31a04d
32a04d
33a04e
34a04e
35a04f
36a04f
37a050
38a050
39a051
3aa051
3ba052
3ca052
3da053
3ea053
3fa054
40a054
41a055
42a055
43a056
44a056
45a057
46a057
47a058
48a058
49a059
4aa059
4ba05a
4ca05a
4da05b
4ea05b
4fa05c
50a05c
51a05d
52a05d
53a05e
54a05e
55a05f
56a05f
57a060
58a060
59a061
5aa061
5ba062
5ca062
5da063
5ea063
5fa064
60a064
61a065
62a065
63a066
64a066
65a067
66a067
67a068
68a068
69a069
6aa069
6ba06a
6ca06a
6da06b
6ea06b
6fa06c
70a06c
71a06d
72a06d
73a06e
74a06e
75a06f
76a06f
77a070
78a070
79a071
7aa071
7ba072
7ca072
7da073
7ea073
7fa074
80a074
81a075
82a075
83a076
84a076
85a077
86a077
87a078
88a078
89a079
8aa079
8ba07a
8ca07a
8da07b
8ea07b
8fa07c
90a07c
91a07d
92a07d
93a07e
94a07e
95a07f
96a07f
97a080
98a080
99a081
9aa081
9ba082
9ca082
9da083
9ea083
9fa084
a0a084
a1a085
a2a085
a3a086
a4a086
a5a087
a6a087
a7a088
a8a088
a9a089
aaa089
aba08a
aca08a
ada08b
aea08b
afa08c
b0a08c
b1a08d
b2a08d
b3a08e
b4a08e
b5a08f
b6a08f
b7a090
b8a090
b9a091
baa091
bba092
bca092
bda093
bea093
bfa094
c0a094
c1a095
c2a095
c3a096
c4a096
c5a097
c6a097
c7a098
c8a098
c9a099
caa099
cba09a
cca09a
cda09b
cea09b
cfa09c
d0a09c
d1a09d
d2a09d
d3a09e
d4a09e
d5a09f
d6a09f
d7a0a0
d8a0a0
d9a0a1
daa0a1
dba0a2
dca0a2
dda0a3
dea0a3
dfa0a4
e0a0a4
e1a0a5
e2a0a5
e3a0a6
e4a0a6
e5a0a7
e6a0a7
e7a0a8
e8a0a8
e9a0a9
eaa0a9
eba0aa
eca0aa
eda0ab
eea0ab
efa0ac
f0a0ac
f1a0ad
f2a0ad
f3a0ae
f4a0ae
f5a0af
f6a0af
f7a0b0
f8a0b0
f9a0b1
faa0b1
fba0b2
fca0b2
fda0b3
eea0b3
afa0b4
50a0b4
11a0b5
02a0b5
03a0b6
04a0b6
05a0b7
06a0b7
07a0b8
08a0b8
09a0b9
0aa0b9
0ba0ba
0ca0ba
0da0bb
0ea0bb
0fa0bc
10a0bc
11a0bd
12a0bd
13a0be
14a0be
15a0bf
16a0bf
17a0c0
18a0c0
19a0c1
1aa0c1
1ba0c2
1ca0c2
1da0c3
1ea0c3
1fa0c4
20a0c4
21a0c5
22a0c5
23a0c6
24a0c6
25a0c7
26a0c7
27a0c8
28a0c8
29a0c9
2aa0c9
2ba0ca
2ca0ca
2da0cb
2ea0cb
2fa0cc
30a0cc
31a0cd
32a0cd
33a0ce
34a0ce
35a0cf
36a0cf
37a0d0
38a0d0
39a0d1
3aa0d1
3ba0d2
3ca0d2
3da0d3
000000
000000
000000
000000
02a136
03a136
04a137
05a137
06a138
07a138
08a139
09a139
0aa13a
0ba13a
0ca13b
0da13b
0ea13c
0fa13c
10a13d
11a13d
12a13e
13a13e
14a13f
15a13f
16a140
17a140
18a141
19a141
1aa142
1ba142
1ca143
1da143
1ea144
1fa144
20a145
21a145
22a146
23a146
24a147
25a147
26a148
27a148
28a149
29a149
2aa14a
2ba14a
2ca14b
2da14b
2ea14c
2fa14c
30a14d
31a14d
32a14e
33a14e
34a14f
35a14f
36a150
37a150
38a151
39a151
3aa152
3ba152
3ca153
3da153
3ea154
3fa154
40a155
41a155
42a156
43a156
44a157
45a157
46a158
47a158
48a159
49a159
4aa15a
4ba15a
4ca15b
4da15b
4ea15c
4fa15c
50a15d
51a15d
52a15e
53a15e
54a15f
55a15f
56a160
57a160
58a161
59a161
5aa162
5ba162
5ca163
5da163
5ea164
5fa164
60a165
61a165
62a166
63a166
64a167
65a167
66a168
67a168
68a169
69a169
6aa16a
6ba16a
6ca16b
6da16b
6ea16c
6fa16c
70a16d
71a16d
72a16e
73a16e
74a16f
75a16f
76a170
77a170
78a171
79a171
7aa172
7ba172
7ca173
7da173
7ea174
7fa174
80a175
81a175
82a176
83a176
84a177
85a177
86a178
87a178
88a179
89a179
8aa17a
8ba17a
8ca17b
8da17b
8ea17c
8fa17c
90a17d
91a17d
92a17e
93a17e
94a17f
95a17f
96a180
97a180
98a181
99a181
9aa182
9ba182
9ca183
9da183
9ea184
9fa184
a0a185
a1a185
a2a186
a3a186
a4a187
a5a187
a6a188
a7a188
a8a189
a9a189
aaa18a
aba18a
aca18b
ada18b
aea18c
afa18c
b0a18d
b1a18d
b2a18e
b3a18e
b4a18f
b5a18f
b6a190
b7a190
b8a191
b9a191
baa192
bba192
bca193
bda193
bea194
bfa194
c0a195
c1a195
c2a196
c3a196
c4a197
c5a197
c6a198
c7a198
c8a199
c9a199
caa19a
cba19a
cca19b
cda19b
cea19c
cfa19c
d0a19d
d1a19d
d2a19e
d3a19e
d4a19f
d5a19f
d6a1a0
d7a1a0
d8a1a1
d9a1a1
daa1a2
dba1a2
dca1a3
dda1a3
dea1a4
dfa1a4
e0a1a5
e1a1a5
e2a1a6
e3a1a6
e4a1a7
e5a1a7
e6a1a8
e7a1a8
e8a1a9
e9a1a9
eaa1aa
eba1aa
eca1ab
eda1ab
eea1ac
efa1ac
f0a1ad
f1a1ad
f2a1ae
f3a1ae
f4a1af
f5a1af
f6a1b0
f7a1b0
f8a1b1
f9a1b1
faa1b2
fba1b2
fca1b3
fda1b3
eea1b4
afa1b4
50a1b5
11a1b5
02a1b6
03a1b6
04a1b7
05a1b7
06a1b8
07a1b8
08a1b9
09a1b9
0aa1ba
0ba1ba
0ca1bb
0da1bb
0ea1bc
0fa1bc
10a1bd
11a1bd
12a1be
13a1be
14a1bf
15a1bf
16a1c0
17a1c0
18a1c1
19a1c1
1aa1c2
1ba1c2
1ca1c3
1da1c3
1ea1c4
1fa1c4
20a1c5
21a1c5
22a1c6
23a1c6
24a1c7
25a1c7
26a1c8
27a1c8
28a1c9
29a1c9
2aa1ca
2ba1ca
2ca1cb
2da1cb
2ea1cc
2fa1cc
30a1cd
31a1cd
32a1ce
33a1ce
34a1cf
35a1cf
36a1d0
37a1d0
38a1d1
39a1d1
3aa1d2
3ba1d2
3ca1d3
3da1d3
000000
000000
000000
000000
02a236
03a236
04a237
05a237
06a238
07a238
08a239
09a239
0aa23a
0ba23a
0ca23b
0da23b
0ea23c
0fa23c
10a23d
11a23d
12a23e
13a23e
14a23f
15a23f
16a240
17a240
18a241
19a241
1aa242
1ba242
1ca243
1da243
1ea244
1fa244
20a245
21a245
22a246
23a246
24a247
25a247
26a248
27a248
28a249
29a249
2aa24a
2ba24a
2ca24b
2da24b
2ea24c
2fa24c
30a24d
31a24d
32a24e
33a24e
34a24f
35a24f
36a250
37a250
38a251
39a251
3aa252
3ba252
3ca253
3da253
3ea254
3fa254
40a255
41a255
42a256
43a256
44a257
45a257
46a258
47a258
48a259
49a259
4aa25a
4ba25a
4ca25b
4da25b
4ea25c
4fa25c
50a25d
51a25d
52a25e
53a25e
54a25f
55a25f
56a260
57a260
58a261
59a261
5aa262
5ba262
5ca263
5da263
5ea264
5fa264
60a265
61a265
62a266
63a266
64a267
65a267
66a268
67a268
68a269
69a269
6aa26a
6ba26a
6ca26b
6da26b
6ea26c
6fa26c
70a26d
71a26d
72a26e
73a26e
74a26f
75a26f
76a270
77a270
78a271
79a271
7aa272
7ba272
7ca273
7da273
7ea274
7fa274
80a275
81a275
82a276
83a276
84a277
85a277
86a278
87a278
88a279
89a279
8aa27a
8ba27a
8ca27b
8da27b
8ea27c
8fa27c
90a27d
91a27d
92a27e
93a27e
94a27f
95a27f
96a280
97a280
98a281
99a281
9aa282
9ba282
9ca283
9da283
9ea284
9fa284
a0a285
a1a285
a2a286
a3a286
a4a287
a5a287
a6a288
a7a288
a8a289
a9a289
aaa28a
aba28a
aca28b
ada28b
aea28c
afa28c
b0a28d
b1a28d
b2a28e
b3a28e
b4a28f
b5a28f
b6a290
b7a290
b8a291
b9a291
baa292
bba292
bca293
bda293
bea294
bfa294
c0a295
c1a295
c2a296
c3a296
c4a297
c5a297
c6a298
c7a298
c8a299
c9a299
caa29a
cba29a
cca29b
cda29b
cea29c
cfa29c
d0a29d
d1a29d
d2a29e
d3a29e
d4a29f
d5a29f
d6a2a0
d7a2a0
d8a2a1
d9a2a1
daa2a2
dba2a2
dca2a3
dda2a3
dea2a4
dfa2a4
e0a2a5
e1a2a5
e2a2a6
e3a2a6
e4a2a7
e5a2a7
e6a2a8
e7a2a8
e8a2a9
e9a2a9
eaa2aa
eba2aa
eca2ab
eda2ab
eea2ac
efa2ac
f0a2ad
f1a2ad
f2a2ae
f3a2ae
f4a2af
f5a2af
f6a2b0
f7a2b0
f8a2b1
f9a2b1
faa2b2
fba2b2
fca2b3
fda2b3
eea2b4
afa2b4
50a2b5
11a2b5
02a2b6
03a2b6
04a2b7
05a2b7
06a2b8
07a2b8
08a2b9
09a2b9
0aa2ba
0ba2ba
0ca2bb
0da2bb
0ea2bc
0fa2bc
10a2bd
11a2bd
12a2be
13a2be
14a2bf
15a2bf
16a2c0
17a2c0
18a2c1
19a2c1
1aa2c2
1ba2c2
1ca2c3
1da2c3
1ea2c4
1fa2c4
20a2c5
21a2c5
22a2c6
23a2c6
24a2c7
25a2c7
26a2c8
27a2c8
28a2c9
29a2c9
2aa2ca
2ba2ca
2ca2cb
2da2cb
2ea2cc
2fa2cc
30a2cd
31a2cd
32a2ce
33a2ce
34a2cf
35a2cf
36a2d0
37a2d0
38a2d1
39a2d1
3aa2d2
3ba2d2
3ca2d3
3da2d3
000000
000000
000000
000000
02a336
03a337
04a337
05a338
06a338
07a339
08a339
09a33a
0aa33a
0ba33b
0ca33b
0da33c
0ea33c
0fa33d
10a33d
11a33e
12a33e
13a33f
14a33f
15a340
16a340
17a341
18a341
19a342
1aa342
1ba343
1ca343
1da344
1ea344
1fa345
20a345
21a346
22a346
23a347
24a347
25a348
26a348
27a349
28a349
29a34a
2aa34a
2ba34b
2ca34b
2da34c
2ea34c
2fa34d
30a34d
31a34e
32a34e
33a34f
34a34f
35a350
36a350
37a351
38a351
39a352
3aa352
3ba353
3ca353
3da354
3ea354
3fa355
40a355
41a356
42a356
43a357
44a357
45a358
46a358
47a359
48a359
49a35a
4aa35a
4ba35b
4ca35b
4da35c
4ea35c
4fa35d
50a35d
51a35e
52a35e
53a35f
54a35f
55a360
56a360
57a361
58a361
59a362
5aa362
5ba363
5ca363
5da364
5ea364
5fa365
60a365
61a366
62a366
63a367
64a367
65a368
66a368
67a369
68a369
69a36a
6aa36a
6ba36b
6ca36b
6da36c
6ea36c
6fa36d
70a36d
71a36e
72a36e
73a36f
74a36f
75a370
76a370
77a371
78a371
79a372
7aa372
7ba373
7ca373
7da374
7ea374
7fa375
80a375
81a376
82a376
83a377
84a377
85a378
86a378
87a379
88a379
89a37a
8aa37a
8ba37b
8ca37b
8da37c
8ea37c
8fa37d
90a37d
91a37e
92a37e
93a37f
94a37f
95a380
96a380
97a381
98a381
99a382
9aa382
9ba383
9ca383
9da384
9ea384
9fa385
a0a385
a1a386
a2a386
a3a387
a4a387
a5a388
a6a388
a7a389
a8a389
a9a38a
aaa38a
aba38b
aca38b
ada38c
aea38c
afa38d
b0a38d
b1a38e
b2a38e
b3a38f
b4a38f
b5a390
b6a390
b7a391
b8a391
b9a392
baa392
bba393
bca393
bda394
bea394
bfa395
c0a395
c1a396
c2a396
c3a397
c4a397
c5a398
c6a398
c7a399
c8a399
c9a39a
caa39a
cba39b
cca39b
cda39c
cea39c
cfa39d
d0a39d
d1a39e
d2a39e
d3a39f
d4a39f
d5a3a0
d6a3a0
d7a3a1
d8a3a1
d9a3a2
daa3a2
dba3a3
dca3a3
dda3a4
dea3a4
dfa3a5
e0a3a5
e1a3a6
e2a3a6
e3a3a7
e4a3a7
e5a3a8
e6a3a8
e7a3a9
e8a3a9
e9a3aa
eaa3aa
eba3ab
eca3ab
eda3ac
eea3ac
efa3ad
f0a3ad
f1a3ae
f2a3ae
f3a3af
f4a3af
f5a3b0
f6a3b0
f7a3b1
f8a3b1
f9a3b2
faa3b2
fba3b3
fca3b3
fda3b4
eea3b4
afa3b5
50a3b5
11a3b6
02a3b6
03a3b7
04a3b7
05a3b8
06a3b8
07a3b9
08a3b9
09a3ba
0aa3ba
0ba3bb
0ca3bb
0da3bc
0ea3bc
0fa3bd
10a3bd
11a3be
12a3be
13a3bf
14a3bf
15a3c0
16a3c0
17a3c1
18a3c1
19a3c2
1aa3c2
1ba3c3
1ca3c3
1da3c4
1ea3c4
1fa3c5
20a3c5
21a3c6
22a3c6
23a3c7
24a3c7
25a3c8
26a3c8
27a3c9
28a3c9
29a3ca
2aa3ca
2ba3cb
2ca3cb
2da3cc
2ea3cc
2fa3cd
30a3cd
31a3ce
32a3ce
33a3cf
34a3cf
35a3d0
36a3d0
37a3d1
38a3d1
39a3d2
3aa3d2
3ba3d3
3ca3d3
3da3d4
000000
000000
000000
000000
02a437
03a437
04a438
05a438
06a439
07a439
08a43a
09a43a
0aa43b
0ba43b
0ca43c
0da43c
0ea43d
0fa43d
10a43e
11a43e
12a43f
13a43f
14a440
15a440
16a441
17a441
18a442
19a442
1aa443
1ba443
1ca444
1da444
1ea445
1fa445
20a446
21a446
22a447
23a447
24a448
25a448
26a449
27a449
28a44a
29a44a
2aa44b
2ba44b
2ca44c
2da44c
2ea44d
2fa44d
30a44e
31a44e
32a44f
33a44f
34a450
35a450
36a451
37a451
38a452
39a452
3aa453
3ba453
3ca454
3da454
3ea455
3fa455
40a456
41a456
42a457
43a457
44a458
45a458
46a459
47a459
48a45a
49a45a
4aa45b
4ba45b
4ca45c
4da45c
4ea45d
4fa45d
50a45e
51a45e
52a45f
53a45f
54a460
55a460
56a461
57a461
58a462
59a462
5aa463
5ba463
5ca464
5da464
5ea465
5fa465
60a466
61a466
62a467
63a467
64a468
65a468
66a469
67a469
68a46a
69a46a
6aa46b
6ba46b
6ca46c
6da46c
6ea46d
6fa46d
70a46e
71a46e
72a46f
73a46f
74a470
75a470
76a471
77a471
78a472
79a472
7aa473
7ba473
7ca474
7da474
7ea475
7fa475
80a476
81a476
82a477
83a477
84a478
85a478
86a479
87a479
88a47a
89a47a
8aa47b
8ba47b
8ca47c
8da47c
8ea47d
8fa47d
90a47e
91a47e
92a47f
93a47f
94a480
95a480
96a481
97a481
98a482
99a482
9aa483
9ba483
9ca484
9da484
9ea485
9fa485
a0a486
a1a486
a2a487
a3a487
a4a488
a5a488
a6a489
a7a489
a8a48a
a9a48a
aaa48b
aba48b
aca48c
ada48c
aea48d
afa48d
b0a48e
b1a48e
b2a48f
b3a48f
b4a490
b5a490
b6a491
b7a491
b8a492
b9a492
baa493
bba493
bca494
bda494
bea495
bfa495
c0a496
c1a496
c2a497
c3a497
c4a498
c5a498
c6a499
c7a499
c8a49a
c9a49a
caa49b
cba49b
cca49c
cda49c
cea49d
cfa49d
d0a49e
d1a49e
d2a49f
d3a49f
d4a4a0
d5a4a0
d6a4a1
d7a4a1
d8a4a2
d9a4a2
daa4a3
dba4a3
dca4a4
dda4a4
dea4a5
dfa4a5
e0a4a6
e1a4a6
e2a4a7
e3a4a7
e4a4a8
e5a4a8
e6a4a9
e7a4a9
e8a4aa
e9a4aa
eaa4ab
eba4ab
eca4ac
eda4ac
eea4ad
efa4ad
f0a4ae
f1a4ae
f2a4af
f3a4af
f4a4b0
f5a4b0
f6a4b1
f7a4b1
f8a4b2
f9a4b2
faa4b3
fba4b3
fca4b4
fda4b4
eea4b5
afa4b5
50a4b6
11a4b6
02a4b7
03a4b7
04a4b8
05a4b8
06a4b9
07a4b9
08a4ba
09a4ba
0aa4bb
0ba4bb
0ca4bc
0da4bc
0ea4bd
0fa4bd
10a4be
11a4be
12a4bf
13a4bf
14a4c0
15a4c0
16a4c1
17a4c1
18a4c2
19a4c2
1aa4c3
1ba4c3
1ca4c4
1da4c4
1ea4c5
1fa4c5
20a4c6
21a4c6
22a4c7
23a4c7
24a4c8
25a4c8
26a4c9
27a4c9
28a4ca
29a4ca
2aa4cb
2ba4cb
2ca4cc
2da4cc
2ea4cd
2fa4cd
30a4ce
31a4ce
32a4cf
33a4cf
34a4d0
35a4d0
36a4d1
37a4d1
38a4d2
39a4d2
3aa4d3
3ba4d3
3ca4d4
3da4d4
000000
000000
000000
000000
02a537
03a537
04a538
05a538
06a539
07a539
08a53a
09a53a
0aa53b
0ba53b
0ca53c
0da53c
0ea53d
0fa53d
10a53e
11a53e
12a53f
13a53f
14a540
15a540
16a541
17a541
18a542
19a542
1aa543
1ba543
1ca544
1da544
1ea545
1fa545
20a546
21a546
22a547
23a547
24a548
25a548
26a549
27a549
28a54a
29a54a
2aa54b
2ba54b
2ca54c
2da54c
2ea54d
2fa54d
30a54e
31a54e
32a54f
33a54f
34a550
35a550
36a551
37a551
38a552
39a552
3aa553
3ba553
3ca554
3da554
3ea555
3fa555
40a556
41a556
42a557
43a557
44a558
45a558
46a559
47a559
48a55a
49a55a
4aa55b
4ba55b
4ca55c
4da55c
4ea55d
4fa55d
50a55e
51a55e
52a55f
53a55f
54a560
55a560
56a561
57a561
58a562
59a562
5aa563
5ba563
5ca564
5da564
5ea565
5fa565
60a566
61a566
62a567
63a567
64a568
65a568
66a569
67a569
68a56a
69a56a
6aa56b
6ba56b
6ca56c
6da56c
6ea56d
6fa56d
70a56e
71a56e
72a56f
73a56f
74a570
75a570
76a571
77a571
78a572
79a572
7aa573
7ba573
7ca574
7da574
7ea575
7fa575
80a576
81a576
82a577
83a577
84a578
85a578
86a579
87a579
88a57a
89a57a
8aa57b
8ba57b
8ca57c
8da57c
8ea57d
8fa57d
90a57e
91a57e
92a57f
93a57f
94a580
95a580
96a581
97a581
98a582
99a582
9aa583
9ba583
9ca584
9da584
9ea585
9fa585
a0a586
a1a586
a2a587
a3a587
a4a588
a5a588
a6a589
a7a589
a8a58a
a9a58a
aaa58b
aba58b
aca58c
ada58c
aea58d
afa58d
b0a58e
b1a58e
b2a58f
b3a58f
b4a590
b5a590
b6a591
b7a591
b8a592
b9a592
baa593
bba593
bca594
bda594
bea595
bfa595
c0a596
c1a596
c2a597
c3a597
c4a598
c5a598
c6a599
c7a599
c8a59a
c9a59a
caa59b
cba59b
cca59c
cda59c
cea59d
cfa59d
d0a59e
d1a59e
d2a59f
d3a59f
d4a5a0
d5a5a0
d6a5a1
d7a5a1
d8a5a2
d9a5a2
daa5a3
dba5a3
dca5a4
dda5a4
dea5a5
dfa5a5
e0a5a6
e1a5a6
e2a5a7
e3a5a7
e4a5a8
e5a5a8
e6a5a9
e7a5a9
e8a5aa
e9a5aa
eaa5ab
eba5ab
eca5ac
eda5ac
eea5ad
efa5ad
f0a5ae
f1a5ae
f2a5af
f3a5af
f4a5b0
f5a5b0
f6a5b1
f7a5b1
f8a5b2
f9a5b2
faa5b3
fba5b3
fca5b4
fda5b4
eea5b5
afa5b5
50a5b6
11a5b6
02a5b7
03a5b7
04a5b8
05a5b8
06a5b9
07a5b9
08a5ba
09a5ba
0aa5bb
0ba5bb
0ca5bc
0da5bc
0ea5bd
0fa5bd
10a5be
11a5be
12a5bf
13a5bf
14a5c0
15a5c0
16a5c1
17a5c1
18a5c2
19a5c2
1aa5c3
1ba5c3
1ca5c4
1da5c4
1ea5c5
1fa5c5
20a5c6
21a5c6
22a5c7
23a5c7
24a5c8
25a5c8
26a5c9
27a5c9
28a5ca
29a5ca
2aa5cb
2ba5cb
2ca5cc
2da5cc
2ea5cd
2fa5cd
30a5ce
31a5ce
32a5cf
33a5cf
34a5d0
35a5d0
36a5d1
37a5d1
38a5d2
39a5d2
3aa5d3
3ba5d3
3ca5d4
3da5d4
000000
000000
000000
000000
02a637
03a638
04a638
05a639
06a639
07a63a
08a63a
09a63b
0aa63b
0ba63c
0ca63c
0da63d
0ea63d
0fa63e
10a63e
11a63f
12a63f
13a640
14a640
15a641
16a641
17a642
18a642
19a643
1aa643
1ba644
1ca644
1da645
1ea645
1fa646
20a646
21a647
22a647
23a648
24a648
25a649
26a649
27a64a
28a64a
29a64b
2aa64b
2ba64c
2ca64c
2da64d
2ea64d
2fa64e
30a64e
31a64f
32a64f
33a650
34a650
35a651
36a651
37a652
38a652
39a653
3aa653
3ba654
3ca654
3da655
3ea655
3fa656
40a656
41a657
42a657
43a658
44a658
45a659
46a659
47a65a
48a65a
49a65b
4aa65b
4ba65c
4ca65c
4da65d
4ea65d
4fa65e
50a65e
51a65f
52a65f
53a660
54a660
55a661
56a661
57a662
58a662
59a663
5aa663
5ba664
5ca664
5da665
5ea665
5fa666
60a666
61a667
62a667
63a668
64a668
65a669
66a669
67a66a
68a66a
69a66b
6aa66b
6ba66c
6ca66c
6da66d
6ea66d
6fa66e
70a66e
71a66f
72a66f
73a670
74a670
75a671
76a671
77a672
78a672
79a673
7aa673
7ba674
7ca674
7da675
7ea675
7fa676
80a676
81a677
82a677
83a678
84a678
85a679
86a679
87a67a
88a67a
89a67b
8aa67b
8ba67c
8ca67c
8da67d
8ea67d
8fa67e
90a67e
91a67f
92a67f
93a680
94a680
95a681
96a681
97a682
98a682
99a683
9aa683
9ba684
9ca684
9da685
9ea685
9fa686
a0a686
a1a687
a2a687
a3a688
a4a688
a5a689
a6a689
a7a68a
a8a68a
a9a68b
aaa68b
aba68c
aca68c
ada68d
aea68d
afa68e
b0a68e
b1a68f
b2a68f
b3a690
b4a690
b5a691
b6a691
b7a692
b8a692
b9a693
baa693
bba694
bca694
bda695
bea695
bfa696
c0a696
c1a697
c2a697
c3a698
c4a698
c5a699
c6a699
c7a69a
c8a69a
c9a69b
caa69b
cba69c
cca69c
cda69d
cea69d
cfa69e
d0a69e
d1a69f
d2a69f
d3a6a0
d4a6a0
d5a6a1
d6a6a1
d7a6a2
d8a6a2
d9a6a3
daa6a3
dba6a4
dca6a4
dda6a5
dea6a5
dfa6a6
e0a6a6
e1a6a7
e2a6a7
e3a6a8
e4a6a8
e5a6a9
e6a6a9
e7a6aa
e8a6aa
e9a6ab
eaa6ab
eba6ac
eca6ac
eda6ad
eea6ad
efa6ae
f0a6ae
f1a6af
f2a6af
f3a6b0
f4a6b0
f5a6b1
f6a6b1
f7a6b2
f8a6b2
f9a6b3
faa6b3
fba6b4
fca6b4
fda6b5
eea6b5
afa6b6
50a6b6
11a6b7
02a6b7
03a6b8
04a6b8
05a6b9
06a6b9
07a6ba
08a6ba
09a6bb
0aa6bb
0ba6bc
0ca6bc
0da6bd
0ea6bd
0fa6be
10a6be
11a6bf
12a6bf
13a6c0
14a6c0
15a6c1
16a6c1
17a6c2
18a6c2
19a6c3
1aa6c3
1ba6c4
1ca6c4
1da6c5
1ea6c5
1fa6c6
20a6c6
21a6c7
22a6c7
23a6c8
24a6c8
25a6c9
26a6c9
27a6ca
28a6ca
29a6cb
2aa6cb
2ba6cc
2ca6cc
2da6cd
2ea6cd
2fa6ce
30a6ce
31a6cf
32a6cf
33a6d0
34a6d0
35a6d1
36a6d1
37a6d2
38a6d2
39a6d3
3aa6d3
3ba6d4
3ca6d4
3da6d5
000000
000000
000000
000000
02a738
03a738
04a739
05a739
06a73a
07a73a
08a73b
09a73b
0aa73c
0ba73c
0ca73d
0da73d
0ea73e
0fa73e
10a73f
11a73f
12a740
13a740
14a741
15a741
16a742
17a742
18a743
19a743
1aa744
1ba744
1ca745
1da745
1ea746
1fa746
20a747
21a747
22a748
23a748
24a749
25a749
26a74a
27a74a
28a74b
29a74b
2aa74c
2ba74c
2ca74d
2da74d
2ea74e
2fa74e
30a74f
31a74f
32a750
33a750
34a751
35a751
36a752
37a752
38a753
39a753
3aa754
3ba754
3ca755
3da755
3ea756
3fa756
40a757
41a757
42a758
43a758
44a759
45a759
46a75a
47a75a
48a75b
49a75b
4aa75c
4ba75c
4ca75d
4da75d
4ea75e
4fa75e
50a75f
51a75f
52a760
53a760
54a761
55a761
56a762
57a762
58a763
59a763
5aa764
5ba764
5ca765
5da765
5ea766
5fa766
60a767
61a767
62a768
63a768
64a769
65a769
66a76a
67a76a
68a76b
69a76b
6aa76c
6ba76c
6ca76d
6da76d
6ea76e
6fa76e
70a76f
71a76f
72a770
73a770
74a771
75a771
76a772
77a772
78a773
79a773
7aa774
7ba774
7ca775
7da775
7ea776
7fa776
80a777
81a777
82a778
83a778
84a779
85a779
86a77a
87a77a
88a77b
89a77b
8aa77c
8ba77c
8ca77d
8da77d
8ea77e
8fa77e
90a77f
91a77f
92a780
93a780
94a781
95a781
96a782
97a782
98a783
99a783
9aa784
9ba784
9ca785
9da785
9ea786
9fa786
a0a787
a1a787
a2a788
a3a788
a4a789
a5a789
a6a78a
a7a78a
a8a78b
a9a78b
aaa78c
aba78c
aca78d
ada78d
aea78e
afa78e
b0a78f
b1a78f
b2a790
b3a790
b4a791
b5a791
b6a792
b7a792
b8a793
b9a793
baa794
bba794
bca795
bda795
bea796
bfa796
c0a797
c1a797
c2a798
c3a798
c4a799
c5a799
c6a79a
c7a79a
c8a79b
c9a79b
caa79c
cba79c
cca79d
cda79d
cea79e
cfa79e
d0a79f
d1a79f
d2a7a0
d3a7a0
d4a7a1
d5a7a1
d6a7a2
d7a7a2
d8a7a3
d9a7a3
daa7a4
dba7a4
dca7a5
dda7a5
dea7a6
dfa7a6
e0a7a7
e1a7a7
e2a7a8
e3a7a8
e4a7a9
e5a7a9
e6a7aa
e7a7aa
e8a7ab
e9a7ab
eaa7ac
eba7ac
eca7ad
eda7ad
eea7ae
efa7ae
f0a7af
f1a7af
f2a7b0
f3a7b0
f4a7b1
f5a7b1
f6a7b2
f7a7b2
f8a7b3
f9a7b3
faa7b4
fba7b4
fca7b5
fda7b5
eea7b6
afa7b6
50a7b7
11a7b7
02a7b8
03a7b8
04a7b9
05a7b9
06a7ba
07a7ba
08a7bb
09a7bb
0aa7bc
0ba7bc
0ca7bd
0da7bd
0ea7be
0fa7be
10a7bf
11a7bf
12a7c0
13a7c0
14a7c1
15a7c1
16a7c2
17a7c2
18a7c3
19a7c3
1aa7c4
1ba7c4
1ca7c5
1da7c5
1ea7c6
1fa7c6
20a7c7
21a7c7
22a7c8
23a7c8
24a7c9
25a7c9
26a7ca
27a7ca
28a7cb
29a7cb
2aa7cc
2ba7cc
2ca7cd
2da7cd
2ea7ce
2fa7ce
30a7cf
31a7cf
32a7d0
33a7d0
34a7d1
35a7d1
36a7d2
37a7d2
38a7d3
39a7d3
3aa7d4
3ba7d4
3ca7d5
3da7d5
000000
000000
000000
000000
02a838
03a838
04a839
05a839
06a83a
07a83a
08a83b
09a83b
0aa83c
0ba83c
0ca83d
0da83d
0ea83e
0fa83e
10a83f
11a83f
12a840
13a840
14a841
15a841
16a842
17a842
18a843
19a843
1aa844
1ba844
1ca845
1da845
1ea846
1fa846
20a847
21a847
22a848
23a848
24a849
25a849
26a84a
27a84a
28a84b
29a84b
2aa84c
2ba84c
2ca84d
2da84d
2ea84e
2fa84e
30a84f
31a84f
32a850
33a850
34a851
35a851
36a852
37a852
38a853
39a853
3aa854
3ba854
3ca855
3da855
3ea856
3fa856
40a857
41a857
42a858
43a858
44a859
45a859
46a85a
47a85a
48a85b
49a85b
4aa85c
4ba85c
4ca85d
4da85d
4ea85e
4fa85e
50a85f
51a85f
52a860
53a860
54a861
55a861
56a862
57a862
58a863
59a863
5aa864
5ba864
5ca865
5da865
5ea866
5fa866
60a867
61a867
62a868
63a868
64a869
65a869
66a86a
67a86a
68a86b
69a86b
6aa86c
6ba86c
6ca86d
6da86d
6ea86e
6fa86e
70a86f
71a86f
72a870
73a870
74a871
75a871
76a872
77a872
78a873
79a873
7aa874
7ba874
7ca875
7da875
7ea876
7fa876
80a877
81a877
82a878
83a878
84a879
85a879
86a87a
87a87a
88a87b
89a87b
8aa87c
8ba87c
8ca87d
8da87d
8ea87e
8fa87e
90a87f
91a87f
92a880
93a880
94a881
95a881
96a882
97a882
98a883
99a883
9aa884
9ba884
9ca885
9da885
9ea886
9fa886
a0a887
a1a887
a2a888
a3a888
a4a889
a5a889
a6a88a
a7a88a
a8a88b
a9a88b
aaa88c
aba88c
aca88d
ada88d
aea88e
afa88e
b0a88f
b1a88f
b2a890
b3a890
b4a891
b5a891
b6a892
b7a892
b8a893
b9a893
baa894
bba894
bca895
bda895
bea896
bfa896
c0a897
c1a897
c2a898
c3a898
c4a899
c5a899
c6a89a
c7a89a
c8a89b
c9a89b
caa89c
cba89c
cca89d
cda89d
cea89e
cfa89e
d0a89f
d1a89f
d2a8a0
d3a8a0
d4a8a1
d5a8a1
d6a8a2
d7a8a2
d8a8a3
d9a8a3
daa8a4
dba8a4
dca8a5
dda8a5
dea8a6
dfa8a6
e0a8a7
e1a8a7
e2a8a8
e3a8a8
e4a8a9
e5a8a9
e6a8aa
e7a8aa
e8a8ab
e9a8ab
eaa8ac
eba8ac
eca8ad
eda8ad
eea8ae
efa8ae
f0a8af
f1a8af
f2a8b0
f3a8b0
f4a8b1
f5a8b1
f6a8b2
f7a8b2
f8a8b3
f9a8b3
faa8b4
fba8b4
fca8b5
fda8b5
eea8b6
afa8b6
50a8b7
11a8b7
02a8b8
03a8b8
04a8b9
05a8b9
06a8ba
07a8ba
08a8bb
09a8bb
0aa8bc
0ba8bc
0ca8bd
0da8bd
0ea8be
0fa8be
10a8bf
11a8bf
12a8c0
13a8c0
14a8c1
15a8c1
16a8c2
17a8c2
18a8c3
19a8c3
1aa8c4
1ba8c4
1ca8c5
1da8c5
1ea8c6
1fa8c6
20a8c7
21a8c7
22a8c8
23a8c8
24a8c9
25a8c9
26a8ca
27a8ca
28a8cb
29a8cb
2aa8cc
2ba8cc
2ca8cd
2da8cd
2ea8ce
2fa8ce
30a8cf
31a8cf
32a8d0
33a8d0
34a8d1
35a8d1
36a8d2
37a8d2
38a8d3
39a8d3
3aa8d4
3ba8d4
3ca8d5
3da8d5
000000
000000
000000
000000
02a938
03a939
04a939
05a93a
06a93a
07a93b
08a93b
09a93c
0aa93c
0ba93d
0ca93d
0da93e
0ea93e
0fa93f
10a93f
11a940
12a940
13a941
14a941
15a942
16a942
17a943
18a943
19a944
1aa944
1ba945
1ca945
1da946
1ea946
1fa947
20a947
21a948
22a948
23a949
24a949
25a94a
26a94a
27a94b
28a94b
29a94c
2aa94c
2ba94d
2ca94d
2da94e
2ea94e
2fa94f
30a94f
31a950
32a950
33a951
34a951
35a952
36a952
37a953
38a953
39a954
3aa954
3ba955
3ca955
3da956
3ea956
3fa957
40a957
41a958
42a958
43a959
44a959
45a95a
46a95a
47a95b
48a95b
49a95c
4aa95c
4ba95d
4ca95d
4da95e
4ea95e
4fa95f
50a95f
51a960
52a960
53a961
54a961
55a962
56a962
57a963
58a963
59a964
5aa964
5ba965
5ca965
5da966
5ea966
5fa967
60a967
61a968
62a968
63a969
64a969
65a96a
66a96a
67a96b
68a96b
69a96c
6aa96c
6ba96d
6ca96d
6da96e
6ea96e
6fa96f
70a96f
71a970
72a970
73a971
74a971
75a972
76a972
77a973
78a973
79a974
7aa974
7ba975
7ca975
7da976
7ea976
7fa977
80a977
81a978
82a978
83a979
84a979
85a97a
86a97a
87a97b
88a97b
89a97c
8aa97c
8ba97d
8ca97d
8da97e
8ea97e
8fa97f
90a97f
91a980
92a980
93a981
94a981
95a982
96a982
97a983
98a983
99a984
9aa984
9ba985
9ca985
9da986
9ea986
9fa987
a0a987
a1a988
a2a988
a3a989
a4a989
a5a98a
a6a98a
a7a98b
a8a98b
a9a98c
aaa98c
aba98d
aca98d
ada98e
aea98e
afa98f
b0a98f
b1a990
b2a990
b3a991
b4a991
b5a992
b6a992
b7a993
b8a993
b9a994
baa994
bba995
bca995
bda996
bea996
bfa997
c0a997
c1a998
c2a998
c3a999
c4a999
c5a99a
c6a99a
c7a99b
c8a99b
c9a99c
caa99c
cba99d
cca99d
cda99e
cea99e
cfa99f
d0a99f
d1a9a0
d2a9a0
d3a9a1
d4a9a1
d5a9a2
d6a9a2
d7a9a3
d8a9a3
d9a9a4
daa9a4
dba9a5
dca9a5
dda9a6
dea9a6
dfa9a7
e0a9a7
e1a9a8
e2a9a8
e3a9a9
e4a9a9
e5a9aa
e6a9aa
e7a9ab
e8a9ab
e9a9ac
eaa9ac
eba9ad
eca9ad
eda9ae
eea9ae
efa9af
f0a9af
f1a9b0
f2a9b0
f3a9b1
f4a9b1
f5a9b2
f6a9b2
f7a9b3
f8a9b3
f9a9b4
faa9b4
fba9b5
fca9b5
fda9b6
eea9b6
afa9b7
50a9b7
11a9b8
02a9b8
03a9b9
04a9b9
05a9ba
06a9ba
07a9bb
08a9bb
09a9bc
0aa9bc
0ba9bd
0ca9bd
0da9be
0ea9be
0fa9bf
10a9bf
11a9c0
12a9c0
13a9c1
14a9c1
15a9c2
16a9c2
17a9c3
18a9c3
19a9c4
1aa9c4
1ba9c5
1ca9c5
1da9c6
1ea9c6
1fa9c7
20a9c7
21a9c8
22a9c8
23a9c9
24a9c9
25a9ca
26a9ca
27a9cb
28a9cb
29a9cc
2aa9cc
2ba9cd
2ca9cd
2da9ce
2ea9ce
2fa9cf
30a9cf
31a9d0
32a9d0
33a9d1
34a9d1
35a9d2
36a9d2
37a9d3
38a9d3
39a9d4
3aa9d4
3ba9d5
3ca9d5
3da9d6
000000
000000
000000
000000
02aa39
03aa39
04aa3a
05aa3a
06aa3b
07aa3b
08aa3c
09aa3c
0aaa3d
0baa3d
0caa3e
0daa3e
0eaa3f
0faa3f
10aa40
11aa40
12aa41
13aa41
14aa42
15aa42
16aa43
17aa43
18aa44
19aa44
1aaa45
1baa45
1caa46
1daa46
1eaa47
1faa47
20aa48
21aa48
22aa49
23aa49
24aa4a
25aa4a
26aa4b
27aa4b
28aa4c
29aa4c
2aaa4d
2baa4d
2caa4e
2daa4e
2eaa4f
2faa4f
30aa50
31aa50
32aa51
33aa51
34aa52
35aa52
36aa53
37aa53
38aa54
39aa54
3aaa55
3baa55
3caa56
3daa56
3eaa57
3faa57
40aa58
41aa58
42aa59
43aa59
44aa5a
45aa5a
46aa5b
47aa5b
48aa5c
49aa5c
4aaa5d
4baa5d
4caa5e
4daa5e
4eaa5f
4faa5f
50aa60
51aa60
52aa61
53aa61
54aa62
55aa62
56aa63
57aa63
58aa64
59aa64
5aaa65
5baa65
5caa66
5daa66
5eaa67
5faa67
60aa68
61aa68
62aa69
63aa69
64aa6a
65aa6a
66aa6b
67aa6b
68aa6c
69aa6c
6aaa6d
6baa6d
6caa6e
6daa6e
6eaa6f
6faa6f
70aa70
71aa70
72aa71
73aa71
74aa72
75aa72
76aa73
77aa73
78aa74
79aa74
7aaa75
7baa75
7caa76
7daa76
7eaa77
7faa77
80aa78
81aa78
82aa79
83aa79
84aa7a
85aa7a
86aa7b
87aa7b
88aa7c
89aa7c
8aaa7d
8baa7d
8caa7e
8daa7e
8eaa7f
8faa7f
90aa80
91aa80
92aa81
93aa81
94aa82
95aa82
96aa83
97aa83
98aa84
99aa84
9aaa85
9baa85
9caa86
9daa86
9eaa87
9faa87
a0aa88
a1aa88
a2aa89
a3aa89
a4aa8a
a5aa8a
a6aa8b
a7aa8b
a8aa8c
a9aa8c
aaaa8d
abaa8d
acaa8e
adaa8e
aeaa8f
afaa8f
b0aa90
b1aa90
b2aa91
b3aa91
b4aa92
b5aa92
b6aa93
b7aa93
b8aa94
b9aa94
baaa95
bbaa95
bcaa96
bdaa96
beaa97
bfaa97
c0aa98
c1aa98
c2aa99
c3aa99
c4aa9a
c5aa9a
c6aa9b
c7aa9b
c8aa9c
c9aa9c
caaa9d
cbaa9d
ccaa9e
cdaa9e
ceaa9f
cfaa9f
d0aaa0
d1aaa0
d2aaa1
d3aaa1
d4aaa2
d5aaa2
d6aaa3
d7aaa3
d8aaa4
d9aaa4
daaaa5
dbaaa5
dcaaa6
ddaaa6
deaaa7
dfaaa7
e0aaa8
e1aaa8
e2aaa9
e3aaa9
e4aaaa
e5aaaa
e6aaab
e7aaab
e8aaac
e9aaac
eaaaad
ebaaad
ecaaae
edaaae
eeaaaf
efaaaf
f0aab0
f1aab0
f2aab1
f3aab1
f4aab2
f5aab2
f6aab3
f7aab3
f8aab4
f9aab4
faaab5
fbaab5
fcaab6
fdaab6
eeaab7
afaab7
50aab8
11aab8
02aab9
03aab9
04aaba
05aaba
06aabb
07aabb
08aabc
09aabc
0aaabd
0baabd
0caabe
0daabe
0eaabf
0faabf
10aac0
11aac0
12aac1
13aac1
14aac2
15aac2
16aac3
17aac3
18aac4
19aac4
1aaac5
1baac5
1caac6
1daac6
1eaac7
1faac7
20aac8
21aac8
22aac9
23aac9
24aaca
25aaca
26aacb
27aacb
28aacc
29aacc
2aaacd
2baacd
2caace
2daace
2eaacf
2faacf
30aad0
31aad0
32aad1
33aad1
34aad2
35aad2
36aad3
37aad3
38aad4
39aad4
3aaad5
3baad5
3caad6
3daad6
000000
000000
000000
000000
02ab39
03ab39
04ab3a
05ab3a
06ab3b
07ab3b
08ab3c
09ab3c
0aab3d
0bab3d
0cab3e
0dab3e
0eab3f
0fab3f
10ab40
11ab40
12ab41
13ab41
14ab42
15ab42
16ab43
17ab43
18ab44
19ab44
1aab45
1bab45
1cab46
1dab46
1eab47
1fab47
20ab48
21ab48
22ab49
23ab49
24ab4a
25ab4a
26ab4b
27ab4b
28ab4c
29ab4c
2aab4d
2bab4d
2cab4e
2dab4e
2eab4f
2fab4f
30ab50
31ab50
32ab51
33ab51
34ab52
35ab52
36ab53
37ab53
38ab54
39ab54
3aab55
3bab55
3cab56
3dab56
3eab57
3fab57
40ab58
41ab58
42ab59
43ab59
44ab5a
45ab5a
46ab5b
47ab5b
48ab5c
49ab5c
4aab5d
4bab5d
4cab5e
4dab5e
4eab5f
4fab5f
50ab60
51ab60
52ab61
53ab61
54ab62
55ab62
56ab63
57ab63
58ab64
59ab64
5aab65
5bab65
5cab66
5dab66
5eab67
5fab67
60ab68
61ab68
62ab69
63ab69
64ab6a
65ab6a
66ab6b
67ab6b
68ab6c
69ab6c
6aab6d
6bab6d
6cab6e
6dab6e
6eab6f
6fab6f
70ab70
71ab70
72ab71
73ab71
74ab72
75ab72
76ab73
77ab73
78ab74
79ab74
7aab75
7bab75
7cab76
7dab76
7eab77
7fab77
80ab78
81ab78
82ab79
83ab79
84ab7a
85ab7a
86ab7b
87ab7b
88ab7c
89ab7c
8aab7d
8bab7d
8cab7e
8dab7e
8eab7f
8fab7f
90ab80
91ab80
92ab81
93ab81
94ab82
95ab82
96ab83
97ab83
98ab84
99ab84
9aab85
9bab85
9cab86
9dab86
9eab87
9fab87
a0ab88
a1ab88
a2ab89
a3ab89
a4ab8a
a5ab8a
a6ab8b
a7ab8b
a8ab8c
a9ab8c
aaab8d
abab8d
acab8e
adab8e
aeab8f
afab8f
b0ab90
b1ab90
b2ab91
b3ab91
b4ab92
b5ab92
b6ab93
b7ab93
b8ab94
b9ab94
baab95
bbab95
bcab96
bdab96
beab97
bfab97
c0ab98
c1ab98
c2ab99
c3ab99
c4ab9a
c5ab9a
c6ab9b
c7ab9b
c8ab9c
c9ab9c
caab9d
cbab9d
ccab9e
cdab9e
ceab9f
cfab9f
d0aba0
d1aba0
d2aba1
d3aba1
d4aba2
d5aba2
d6aba3
d7aba3
d8aba4
d9aba4
daaba5
dbaba5
dcaba6
ddaba6
deaba7
dfaba7
e0aba8
e1aba8
e2aba9
e3aba9
e4abaa
e5abaa
e6abab
e7abab
e8abac
e9abac
eaabad
ebabad
ecabae
edabae
eeabaf
efabaf
f0abb0
f1abb0
f2abb1
f3abb1
f4abb2
f5abb2
f6abb3
f7abb3
f8abb4
f9abb4
faabb5
fbabb5
fcabb6
fdabb6
eeabb7
afabb7
50abb8
11abb8
02abb9
03abb9
04abba
05abba
06abbb
07abbb
08abbc
09abbc
0aabbd
0babbd
0cabbe
0dabbe
0eabbf
0fabbf
10abc0
11abc0
12abc1
13abc1
14abc2
15abc2
16abc3
17abc3
18abc4
19abc4
1aabc5
1babc5
1cabc6
1dabc6
1eabc7
1fabc7
20abc8
21abc8
22abc9
23abc9
24abca
25abca
26abcb
27abcb
28abcc
29abcc
2aabcd
2babcd
2cabce
2dabce
2eabcf
2fabcf
30abd0
31abd0
32abd1
33abd1
34abd2
35abd2
36abd3
37abd3
38abd4
39abd4
3aabd5
3babd5
3cabd6
3dabd6
000000
000000
000000
000000
02ac39
03ac3a
04ac3a
05ac3b
06ac3b
07ac3c
08ac3c
09ac3d
0aac3d
0bac3e
0cac3e
0dac3f
0eac3f
0fac40
10ac40
11ac41
12ac41
13ac42
14ac42
15ac43
16ac43
17ac44
18ac44
19ac45
1aac45
1bac46
1cac46
1dac47
1eac47
1fac48
20ac48
21ac49
22ac49
23ac4a
24ac4a
25ac4b
26ac4b
27ac4c
28ac4c
29ac4d
2aac4d
2bac4e
2cac4e
2dac4f
2eac4f
2fac50
30ac50
31ac51
32ac51
33ac52
34ac52
35ac53
36ac53
37ac54
38ac54
39ac55
3aac55
3bac56
3cac56
3dac57
3eac57
3fac58
40ac58
41ac59
42ac59
43ac5a
44ac5a
45ac5b
46ac5b
47ac5c
48ac5c
49ac5d
4aac5d
4bac5e
4cac5e
4dac5f
4eac5f
4fac60
50ac60
51ac61
52ac61
53ac62
54ac62
55ac63
56ac63
57ac64
58ac64
59ac65
5aac65
5bac66
5cac66
5dac67
5eac67
5fac68
60ac68
61ac69
62ac69
63ac6a
64ac6a
65ac6b
66ac6b
67ac6c
68ac6c
69ac6d
6aac6d
6bac6e
6cac6e
6dac6f
6eac6f
6fac70
70ac70
71ac71
72ac71
73ac72
74ac72
75ac73
76ac73
77ac74
78ac74
79ac75
7aac75
7bac76
7cac76
7dac77
7eac77
7fac78
80ac78
81ac79
82ac79
83ac7a
84ac7a
85ac7b
86ac7b
87ac7c
88ac7c
89ac7d
8aac7d
8bac7e
8cac7e
8dac7f
8eac7f
8fac80
90ac80
91ac81
92ac81
93ac82
94ac82
95ac83
96ac83
97ac84
98ac84
99ac85
9aac85
9bac86
9cac86
9dac87
9eac87
9fac88
a0ac88
a1ac89
a2ac89
a3ac8a
a4ac8a
a5ac8b
a6ac8b
a7ac8c
a8ac8c
a9ac8d
aaac8d
abac8e
acac8e
adac8f
aeac8f
afac90
b0ac90
b1ac91
b2ac91
b3ac92
b4ac92
b5ac93
b6ac93
b7ac94
b8ac94
b9ac95
baac95
bbac96
bcac96
bdac97
beac97
bfac98
c0ac98
c1ac99
c2ac99
c3ac9a
c4ac9a
c5ac9b
c6ac9b
c7ac9c
c8ac9c
c9ac9d
caac9d
cbac9e
ccac9e
cdac9f
ceac9f
cfaca0
d0aca0
d1aca1
d2aca1
d3aca2
d4aca2
d5aca3
d6aca3
d7aca4
d8aca4
d9aca5
daaca5
dbaca6
dcaca6
ddaca7
deaca7
dfaca8
e0aca8
e1aca9
e2aca9
e3acaa
e4acaa
e5acab
e6acab
e7acac
e8acac
e9acad
eaacad
ebacae
ecacae
edacaf
eeacaf
efacb0
f0acb0
f1acb1
f2acb1
f3acb2
f4acb2
f5acb3
f6acb3
f7acb4
f8acb4
f9acb5
faacb5
fbacb6
fcacb6
fdacb7
eeacb7
afacb8
50acb8
11acb9
02acb9
03acba
04acba
05acbb
06acbb
07acbc
08acbc
09acbd
0aacbd
0bacbe
0cacbe
0dacbf
0eacbf
0facc0
10acc0
11acc1
12acc1
13acc2
14acc2
15acc3
16acc3
17acc4
18acc4
19acc5
1aacc5
1bacc6
1cacc6
1dacc7
1eacc7
1facc8
20acc8
21acc9
22acc9
23acca
24acca
25accb
26accb
27accc
28accc
29accd
2aaccd
2bacce
2cacce
2daccf
2eaccf
2facd0
30acd0
31acd1
32acd1
33acd2
34acd2
35acd3
36acd3
37acd4
38acd4
39acd5
3aacd5
3bacd6
3cacd6
3dacd7
000000
000000
000000
000000
02ad3a
03ad3a
04ad3b
05ad3b
06ad3c
07ad3c
08ad3d
09ad3d
0aad3e
0bad3e
0cad3f
0dad3f
0ead40
0fad40
10ad41
11ad41
12ad42
13ad42
14ad43
15ad43
16ad44
17ad44
18ad45
19ad45
1aad46
1bad46
1cad47
1dad47
1ead48
1fad48
20ad49
21ad49
22ad4a
23ad4a
24ad4b
25ad4b
26ad4c
27ad4c
28ad4d
29ad4d
2aad4e
2bad4e
2cad4f
2dad4f
2ead50
2fad50
30ad51
31ad51
32ad52
33ad52
34ad53
35ad53
36ad54
37ad54
38ad55
39ad55
3aad56
3bad56
3cad57
3dad57
3ead58
3fad58
40ad59
41ad59
42ad5a
43ad5a
44ad5b
45ad5b
46ad5c
47ad5c
48ad5d
49ad5d
4aad5e
4bad5e
4cad5f
4dad5f
4ead60
4fad60
50ad61
51ad61
52ad62
53ad62
54ad63
55ad63
56ad64
57ad64
58ad65
59ad65
5aad66
5bad66
5cad67
5dad67
5ead68
5fad68
60ad69
61ad69
62ad6a
63ad6a
64ad6b
65ad6b
66ad6c
67ad6c
68ad6d
69ad6d
6aad6e
6bad6e
6cad6f
6dad6f
6ead70
6fad70
70ad71
71ad71
72ad72
73ad72
74ad73
75ad73
76ad74
77ad74
78ad75
79ad75
7aad76
7bad76
7cad77
7dad77
7ead78
7fad78
80ad79
81ad79
82ad7a
83ad7a
84ad7b
85ad7b
86ad7c
87ad7c
88ad7d
89ad7d
8aad7e
8bad7e
8cad7f
8dad7f
8ead80
8fad80
90ad81
91ad81
92ad82
93ad82
94ad83
95ad83
96ad84
97ad84
98ad85
99ad85
9aad86
9bad86
9cad87
9dad87
9ead88
9fad88
a0ad89
a1ad89
a2ad8a
a3ad8a
a4ad8b
a5ad8b
a6ad8c
a7ad8c
a8ad8d
a9ad8d
aaad8e
abad8e
acad8f
adad8f
aead90
afad90
b0ad91
b1ad91
b2ad92
b3ad92
b4ad93
b5ad93
b6ad94
b7ad94
b8ad95
b9ad95
baad96
bbad96
bcad97
bdad97
bead98
bfad98
c0ad99
c1ad99
c2ad9a
c3ad9a
c4ad9b
c5ad9b
c6ad9c
c7ad9c
c8ad9d
c9ad9d
caad9e
cbad9e
ccad9f
cdad9f
ceada0
cfada0
d0ada1
d1ada1
d2ada2
d3ada2
d4ada3
d5ada3
d6ada4
d7ada4
d8ada5
d9ada5
daada6
dbada6
dcada7
ddada7
deada8
dfada8
e0ada9
e1ada9
e2adaa
e3adaa
e4adab
e5adab
e6adac
e7adac
e8adad
e9adad
eaadae
ebadae
ecadaf
edadaf
eeadb0
efadb0
f0adb1
f1adb1
f2adb2
f3adb2
f4adb3
f5adb3
f6adb4
f7adb4
f8adb5
f9adb5
faadb6
fbadb6
fcadb7
fdadb7
eeadb8
afadb8
50adb9
11adb9
02adba
03adba
04adbb
05adbb
06adbc
07adbc
08adbd
09adbd
0aadbe
0badbe
0cadbf
0dadbf
0eadc0
0fadc0
10adc1
11adc1
12adc2
13adc2
14adc3
15adc3
16adc4
17adc4
18adc5
19adc5
1aadc6
1badc6
1cadc7
1dadc7
1eadc8
1fadc8
20adc9
21adc9
22adca
23adca
24adcb
25adcb
26adcc
27adcc
28adcd
29adcd
2aadce
2badce
2cadcf
2dadcf
2eadd0
2fadd0
30add1
31add1
32add2
33add2
34add3
35add3
36add4
37add4
38add5
39add5
3aadd6
3badd6
3cadd7
3dadd7
000000
000000
000000
000000
02ae3a
03ae3a
04ae3b
05ae3b
06ae3c
07ae3c
08ae3d
09ae3d
0aae3e
0bae3e
0cae3f
0dae3f
0eae40
0fae40
10ae41
11ae41
12ae42
13ae42
14ae43
15ae43
16ae44
17ae44
18ae45
19ae45
1aae46
1bae46
1cae47
1dae47
1eae48
1fae48
20ae49
21ae49
22ae4a
23ae4a
24ae4b
25ae4b
26ae4c
27ae4c
28ae4d
29ae4d
2aae4e
2bae4e
2cae4f
2dae4f
2eae50
2fae50
30ae51
31ae51
32ae52
33ae52
34ae53
35ae53
36ae54
37ae54
38ae55
39ae55
3aae56
3bae56
3cae57
3dae57
3eae58
3fae58
40ae59
41ae59
42ae5a
43ae5a
44ae5b
45ae5b
46ae5c
47ae5c
48ae5d
49ae5d
4aae5e
4bae5e
4cae5f
4dae5f
4eae60
4fae60
50ae61
51ae61
52ae62
53ae62
54ae63
55ae63
56ae64
57ae64
58ae65
59ae65
5aae66
5bae66
5cae67
5dae67
5eae68
5fae68
60ae69
61ae69
62ae6a
63ae6a
64ae6b
65ae6b
66ae6c
67ae6c
68ae6d
69ae6d
6aae6e
6bae6e
6cae6f
6dae6f
6eae70
6fae70
70ae71
71ae71
72ae72
73ae72
74ae73
75ae73
76ae74
77ae74
78ae75
79ae75
7aae76
7bae76
7cae77
7dae77
7eae78
7fae78
80ae79
81ae79
82ae7a
83ae7a
84ae7b
85ae7b
86ae7c
87ae7c
88ae7d
89ae7d
8aae7e
8bae7e
8cae7f
8dae7f
8eae80
8fae80
90ae81
91ae81
92ae82
93ae82
94ae83
95ae83
96ae84
97ae84
98ae85
99ae85
9aae86
9bae86
9cae87
9dae87
9eae88
9fae88
a0ae89
a1ae89
a2ae8a
a3ae8a
a4ae8b
a5ae8b
a6ae8c
a7ae8c
a8ae8d
a9ae8d
aaae8e
abae8e
acae8f
adae8f
aeae90
afae90
b0ae91
b1ae91
b2ae92
b3ae92
b4ae93
b5ae93
b6ae94
b7ae94
b8ae95
b9ae95
baae96
bbae96
bcae97
bdae97
beae98
bfae98
c0ae99
c1ae99
c2ae9a
c3ae9a
c4ae9b
c5ae9b
c6ae9c
c7ae9c
c8ae9d
c9ae9d
caae9e
cbae9e
ccae9f
cdae9f
ceaea0
cfaea0
d0aea1
d1aea1
d2aea2
d3aea2
d4aea3
d5aea3
d6aea4
d7aea4
d8aea5
d9aea5
daaea6
dbaea6
dcaea7
ddaea7
deaea8
dfaea8
e0aea9
e1aea9
e2aeaa
e3aeaa
e4aeab
e5aeab
e6aeac
e7aeac
e8aead
e9aead
eaaeae
ebaeae
ecaeaf
edaeaf
eeaeb0
efaeb0
f0aeb1
f1aeb1
f2aeb2
f3aeb2
f4aeb3
f5aeb3
f6aeb4
f7aeb4
f8aeb5
f9aeb5
faaeb6
fbaeb6
fcaeb7
fdaeb7
eeaeb8
afaeb8
50aeb9
11aeb9
02aeba
03aeba
04aebb
05aebb
06aebc
07aebc
08aebd
09aebd
0aaebe
0baebe
0caebf
0daebf
0eaec0
0faec0
10aec1
11aec1
12aec2
13aec2
14aec3
15aec3
16aec4
17aec4
18aec5
19aec5
1aaec6
1baec6
1caec7
1daec7
1eaec8
1faec8
20aec9
21aec9
22aeca
23aeca
24aecb
25aecb
26aecc
27aecc
28aecd
29aecd
2aaece
2baece
2caecf
2daecf
2eaed0
2faed0
30aed1
31aed1
32aed2
33aed2
34aed3
35aed3
36aed4
37aed4
38aed5
39aed5
3aaed6
3baed6
3caed7
3daed7
000000
000000
000000
000000
02af3a
03af3b
04af3b
05af3c
06af3c
07af3d
08af3d
09af3e
0aaf3e
0baf3f
0caf3f
0daf40
0eaf40
0faf41
10af41
11af42
12af42
13af43
14af43
15af44
16af44
17af45
18af45
19af46
1aaf46
1baf47
1caf47
1daf48
1eaf48
1faf49
20af49
21af4a
22af4a
23af4b
24af4b
25af4c
26af4c
27af4d
28af4d
29af4e
2aaf4e
2baf4f
2caf4f
2daf50
2eaf50
2faf51
30af51
31af52
32af52
33af53
34af53
35af54
36af54
37af55
38af55
39af56
3aaf56
3baf57
3caf57
3daf58
3eaf58
3faf59
40af59
41af5a
42af5a
43af5b
44af5b
45af5c
46af5c
47af5d
48af5d
49af5e
4aaf5e
4baf5f
4caf5f
4daf60
4eaf60
4faf61
50af61
51af62
52af62
53af63
54af63
55af64
56af64
57af65
58af65
59af66
5aaf66
5baf67
5caf67
5daf68
5eaf68
5faf69
60af69
61af6a
62af6a
63af6b
64af6b
65af6c
66af6c
67af6d
68af6d
69af6e
6aaf6e
6baf6f
6caf6f
6daf70
6eaf70
6faf71
70af71
71af72
72af72
73af73
74af73
75af74
76af74
77af75
78af75
79af76
7aaf76
7baf77
7caf77
7daf78
7eaf78
7faf79
80af79
81af7a
82af7a
83af7b
84af7b
85af7c
86af7c
87af7d
88af7d
89af7e
8aaf7e
8baf7f
8caf7f
8daf80
8eaf80
8faf81
90af81
91af82
92af82
93af83
94af83
95af84
96af84
97af85
98af85
99af86
9aaf86
9baf87
9caf87
9daf88
9eaf88
9faf89
a0af89
a1af8a
a2af8a
a3af8b
a4af8b
a5af8c
a6af8c
a7af8d
a8af8d
a9af8e
aaaf8e
abaf8f
acaf8f
adaf90
aeaf90
afaf91
b0af91
b1af92
b2af92
b3af93
b4af93
b5af94
b6af94
b7af95
b8af95
b9af96
baaf96
bbaf97
bcaf97
bdaf98
beaf98
bfaf99
c0af99
c1af9a
c2af9a
c3af9b
c4af9b
c5af9c
c6af9c
c7af9d
c8af9d
c9af9e
caaf9e
cbaf9f
ccaf9f
cdafa0
ceafa0
cfafa1
d0afa1
d1afa2
d2afa2
d3afa3
d4afa3
d5afa4
d6afa4
d7afa5
d8afa5
d9afa6
daafa6
dbafa7
dcafa7
ddafa8
deafa8
dfafa9
e0afa9
e1afaa
e2afaa
e3afab
e4afab
e5afac
e6afac
e7afad
e8afad
e9afae
eaafae
ebafaf
ecafaf
edafb0
eeafb0
efafb1
f0afb1
f1afb2
f2afb2
f3afb3
f4afb3
f5afb4
f6afb4
f7afb5
f8afb5
f9afb6
faafb6
fbafb7
fcafb7
fdafb8
eeafb8
afafb9
50afb9
11afba
02afba
03afbb
04afbb
05afbc
06afbc
07afbd
08afbd
09afbe
0aafbe
0bafbf
0cafbf
0dafc0
0eafc0
0fafc1
10afc1
11afc2
12afc2
13afc3
14afc3
15afc4
16afc4
17afc5
18afc5
19afc6
1aafc6
1bafc7
1cafc7
1dafc8
1eafc8
1fafc9
20afc9
21afca
22afca
23afcb
24afcb
25afcc
26afcc
27afcd
28afcd
29afce
2aafce
2bafcf
2cafcf
2dafd0
2eafd0
2fafd1
30afd1
31afd2
32afd2
33afd3
34afd3
35afd4
36afd4
37afd5
38afd5
39afd6
3aafd6
3bafd7
3cafd7
3dafd8
000000
000000
000000
000000
02b03b
03b03b
04b03c
05b03c
06b03d
07b03d
08b03e
09b03e
0ab03f
0bb03f
0cb040
0db040
0eb041
0fb041
10b042
11b042
12b043
13b043
14b044
15b044
16b045
17b045
18b046
19b046
1ab047
1bb047
1cb048
1db048
1eb049
1fb049
20b04a
21b04a
22b04b
23b04b
24b04c
25b04c
26b04d
27b04d
28b04e
29b04e
2ab04f
2bb04f
2cb050
2db050
2eb051
2fb051
30b052
31b052
32b053
33b053
34b054
35b054
36b055
37b055
38b056
39b056
3ab057
3bb057
3cb058
3db058
3eb059
3fb059
40b05a
41b05a
42b05b
43b05b
44b05c
45b05c
46b05d
47b05d
48b05e
49b05e
4ab05f
4bb05f
4cb060
4db060
4eb061
4fb061
50b062
51b062
52b063
53b063
54b064
55b064
56b065
57b065
58b066
59b066
5ab067
5bb067
5cb068
5db068
5eb069
5fb069
60b06a
61b06a
62b06b
63b06b
64b06c
65b06c
66b06d
67b06d
68b06e
69b06e
6ab06f
6bb06f
6cb070
6db070
6eb071
6fb071
70b072
71b072
72b073
73b073
74b074
75b074
76b075
77b075
78b076
79b076
7ab077
7bb077
7cb078
7db078
7eb079
7fb079
80b07a
81b07a
82b07b
83b07b
84b07c
85b07c
86b07d
87b07d
88b07e
89b07e
8ab07f
8bb07f
8cb080
8db080
8eb081
8fb081
90b082
91b082
92b083
93b083
94b084
95b084
96b085
97b085
98b086
99b086
9ab087
9bb087
9cb088
9db088
9eb089
9fb089
a0b08a
a1b08a
a2b08b
a3b08b
a4b08c
a5b08c
a6b08d
a7b08d
a8b08e
a9b08e
aab08f
abb08f
acb090
adb090
aeb091
afb091
b0b092
b1b092
b2b093
b3b093
b4b094
b5b094
b6b095
b7b095
b8b096
b9b096
bab097
bbb097
bcb098
bdb098
beb099
bfb099
c0b09a
c1b09a
c2b09b
c3b09b
c4b09c
c5b09c
c6b09d
c7b09d
c8b09e
c9b09e
cab09f
cbb09f
ccb0a0
cdb0a0
ceb0a1
cfb0a1
d0b0a2
d1b0a2
d2b0a3
d3b0a3
d4b0a4
d5b0a4
d6b0a5
d7b0a5
d8b0a6
d9b0a6
dab0a7
dbb0a7
dcb0a8
ddb0a8
deb0a9
dfb0a9
e0b0aa
e1b0aa
e2b0ab
e3b0ab
e4b0ac
e5b0ac
e6b0ad
e7b0ad
e8b0ae
e9b0ae
eab0af
ebb0af
ecb0b0
edb0b0
eeb0b1
efb0b1
f0b0b2
f1b0b2
f2b0b3
f3b0b3
f4b0b4
f5b0b4
f6b0b5
f7b0b5
f8b0b6
f9b0b6
fab0b7
fbb0b7
fcb0b8
fdb0b8
eeb0b9
afb0b9
50b0ba
11b0ba
02b0bb
03b0bb
04b0bc
05b0bc
06b0bd
07b0bd
08b0be
09b0be
0ab0bf
0bb0bf
0cb0c0
0db0c0
0eb0c1
0fb0c1
10b0c2
11b0c2
12b0c3
13b0c3
14b0c4
15b0c4
16b0c5
17b0c5
18b0c6
19b0c6
1ab0c7
1bb0c7
1cb0c8
1db0c8
1eb0c9
1fb0c9
20b0ca
21b0ca
22b0cb
23b0cb
24b0cc
25b0cc
26b0cd
27b0cd
28b0ce
29b0ce
2ab0cf
2bb0cf
2cb0d0
2db0d0
2eb0d1
2fb0d1
30b0d2
31b0d2
32b0d3
33b0d3
34b0d4
35b0d4
36b0d5
37b0d5
38b0d6
39b0d6
3ab0d7
3bb0d7
3cb0d8
3db0d8
000000
000000
000000
000000
02b13b
03b13b
04b13c
05b13c
06b13d
07b13d
08b13e
09b13e
0ab13f
0bb13f
0cb140
0db140
0eb141
0fb141
10b142
11b142
12b143
13b143
14b144
15b144
16b145
17b145
18b146
19b146
1ab147
1bb147
1cb148
1db148
1eb149
1fb149
20b14a
21b14a
22b14b
23b14b
24b14c
25b14c
26b14d
27b14d
28b14e
29b14e
2ab14f
2bb14f
2cb150
2db150
2eb151
2fb151
30b152
31b152
32b153
33b153
34b154
35b154
36b155
37b155
38b156
39b156
3ab157
3bb157
3cb158
3db158
3eb159
3fb159
40b15a
41b15a
42b15b
43b15b
44b15c
45b15c
46b15d
47b15d
48b15e
49b15e
4ab15f
4bb15f
4cb160
4db160
4eb161
4fb161
50b162
51b162
52b163
53b163
54b164
55b164
56b165
57b165
58b166
59b166
5ab167
5bb167
5cb168
5db168
5eb169
5fb169
60b16a
61b16a
62b16b
63b16b
64b16c
65b16c
66b16d
67b16d
68b16e
69b16e
6ab16f
6bb16f
6cb170
6db170
6eb171
6fb171
70b172
71b172
72b173
73b173
74b174
75b174
76b175
77b175
78b176
79b176
7ab177
7bb177
7cb178
7db178
7eb179
7fb179
80b17a
81b17a
82b17b
83b17b
84b17c
85b17c
86b17d
87b17d
88b17e
89b17e
8ab17f
8bb17f
8cb180
8db180
8eb181
8fb181
90b182
91b182
92b183
93b183
94b184
95b184
96b185
97b185
98b186
99b186
9ab187
9bb187
9cb188
9db188
9eb189
9fb189
a0b18a
a1b18a
a2b18b
a3b18b
a4b18c
a5b18c
a6b18d
a7b18d
a8b18e
a9b18e
aab18f
abb18f
acb190
adb190
aeb191
afb191
b0b192
b1b192
b2b193
b3b193
b4b194
b5b194
b6b195
b7b195
b8b196
b9b196
bab197
bbb197
bcb198
bdb198
beb199
bfb199
c0b19a
c1b19a
c2b19b
c3b19b
c4b19c
c5b19c
c6b19d
c7b19d
c8b19e
c9b19e
cab19f
cbb19f
ccb1a0
cdb1a0
ceb1a1
cfb1a1
d0b1a2
d1b1a2
d2b1a3
d3b1a3
d4b1a4
d5b1a4
d6b1a5
d7b1a5
d8b1a6
d9b1a6
dab1a7
dbb1a7
dcb1a8
ddb1a8
deb1a9
dfb1a9
e0b1aa
e1b1aa
e2b1ab
e3b1ab
e4b1ac
e5b1ac
e6b1ad
e7b1ad
e8b1ae
e9b1ae
eab1af
ebb1af
ecb1b0
edb1b0
eeb1b1
efb1b1
f0b1b2
f1b1b2
f2b1b3
f3b1b3
f4b1b4
f5b1b4
f6b1b5
f7b1b5
f8b1b6
f9b1b6
fab1b7
fbb1b7
fcb1b8
fdb1b8
eeb1b9
afb1b9
50b1ba
11b1ba
02b1bb
03b1bb
04b1bc
05b1bc
06b1bd
07b1bd
08b1be
09b1be
0ab1bf
0bb1bf
0cb1c0
0db1c0
0eb1c1
0fb1c1
10b1c2
11b1c2
12b1c3
13b1c3
14b1c4
15b1c4
16b1c5
17b1c5
18b1c6
19b1c6
1ab1c7
1bb1c7
1cb1c8
1db1c8
1eb1c9
1fb1c9
20b1ca
21b1ca
22b1cb
23b1cb
24b1cc
25b1cc
26b1cd
27b1cd
28b1ce
29b1ce
2ab1cf
2bb1cf
2cb1d0
2db1d0
2eb1d1
2fb1d1
30b1d2
31b1d2
32b1d3
33b1d3
34b1d4
35b1d4
36b1d5
37b1d5
38b1d6
39b1d6
3ab1d7
3bb1d7
3cb1d8
3db1d8
000000
000000
000000
000000
02b23b
03b23c
04b23c
05b23d
06b23d
07b23e
08b23e
09b23f
0ab23f
0bb240
0cb240
0db241
0eb241
0fb242
10b242
11b243
12b243
13b244
14b244
15b245
16b245
17b246
18b246
19b247
1ab247
1bb248
1cb248
1db249
1eb249
1fb24a
20b24a
21b24b
22b24b
23b24c
24b24c
25b24d
26b24d
27b24e
28b24e
29b24f
2ab24f
2bb250
2cb250
2db251
2eb251
2fb252
30b252
31b253
32b253
33b254
34b254
35b255
36b255
37b256
38b256
39b257
3ab257
3bb258
3cb258
3db259
3eb259
3fb25a
40b25a
41b25b
42b25b
43b25c
44b25c
45b25d
46b25d
47b25e
48b25e
49b25f
4ab25f
4bb260
4cb260
4db261
4eb261
4fb262
50b262
51b263
52b263
53b264
54b264
55b265
56b265
57b266
58b266
59b267
5ab267
5bb268
5cb268
5db269
5eb269
5fb26a
60b26a
61b26b
62b26b
63b26c
64b26c
65b26d
66b26d
67b26e
68b26e
69b26f
6ab26f
6bb270
6cb270
6db271
6eb271
6fb272
70b272
71b273
72b273
73b274
74b274
75b275
76b275
77b276
78b276
79b277
7ab277
7bb278
7cb278
7db279
7eb279
7fb27a
80b27a
81b27b
82b27b
83b27c
84b27c
85b27d
86b27d
87b27e
88b27e
89b27f
8ab27f
8bb280
8cb280
8db281
8eb281
8fb282
90b282
91b283
92b283
93b284
94b284
95b285
96b285
97b286
98b286
99b287
9ab287
9bb288
9cb288
9db289
9eb289
9fb28a
a0b28a
a1b28b
a2b28b
a3b28c
a4b28c
a5b28d
a6b28d
a7b28e
a8b28e
a9b28f
aab28f
abb290
acb290
adb291
aeb291
afb292
b0b292
b1b293
b2b293
b3b294
b4b294
b5b295
b6b295
b7b296
b8b296
b9b297
bab297
bbb298
bcb298
bdb299
beb299
bfb29a
c0b29a
c1b29b
c2b29b
c3b29c
c4b29c
c5b29d
c6b29d
c7b29e
c8b29e
c9b29f
cab29f
cbb2a0
ccb2a0
cdb2a1
ceb2a1
cfb2a2
d0b2a2
d1b2a3
d2b2a3
d3b2a4
d4b2a4
d5b2a5
d6b2a5
d7b2a6
d8b2a6
d9b2a7
dab2a7
dbb2a8
dcb2a8
ddb2a9
deb2a9
dfb2aa
e0b2aa
e1b2ab
e2b2ab
e3b2ac
e4b2ac
e5b2ad
e6b2ad
e7b2ae
e8b2ae
e9b2af
eab2af
ebb2b0
ecb2b0
edb2b1
eeb2b1
efb2b2
f0b2b2
f1b2b3
f2b2b3
f3b2b4
f4b2b4
f5b2b5
f6b2b5
f7b2b6
f8b2b6
f9b2b7
fab2b7
fbb2b8
fcb2b8
fdb2b9
eeb2b9
afb2ba
50b2ba
11b2bb
02b2bb
03b2bc
04b2bc
05b2bd
06b2bd
07b2be
08b2be
09b2bf
0ab2bf
0bb2c0
0cb2c0
0db2c1
0eb2c1
0fb2c2
10b2c2
11b2c3
12b2c3
13b2c4
14b2c4
15b2c5
16b2c5
17b2c6
18b2c6
19b2c7
1ab2c7
1bb2c8
1cb2c8
1db2c9
1eb2c9
1fb2ca
20b2ca
21b2cb
22b2cb
23b2cc
24b2cc
25b2cd
26b2cd
27b2ce
28b2ce
29b2cf
2ab2cf
2bb2d0
2cb2d0
2db2d1
2eb2d1
2fb2d2
30b2d2
31b2d3
32b2d3
33b2d4
34b2d4
35b2d5
36b2d5
37b2d6
38b2d6
39b2d7
3ab2d7
3bb2d8
3cb2d8
3db2d9
000000
000000
000000
000000
02b33c
03b33c
04b33d
05b33d
06b33e
07b33e
08b33f
09b33f
0ab340
0bb340
0cb341
0db341
0eb342
0fb342
10b343
11b343
12b344
13b344
14b345
15b345
16b346
17b346
18b347
19b347
1ab348
1bb348
1cb349
1db349
1eb34a
1fb34a
20b34b
21b34b
22b34c
23b34c
24b34d
25b34d
26b34e
27b34e
28b34f
29b34f
2ab350
2bb350
2cb351
2db351
2eb352
2fb352
30b353
31b353
32b354
33b354
34b355
35b355
36b356
37b356
38b357
39b357
3ab358
3bb358
3cb359
3db359
3eb35a
3fb35a
40b35b
41b35b
42b35c
43b35c
44b35d
45b35d
46b35e
47b35e
48b35f
49b35f
4ab360
4bb360
4cb361
4db361
4eb362
4fb362
50b363
51b363
52b364
53b364
54b365
55b365
56b366
57b366
58b367
59b367
5ab368
5bb368
5cb369
5db369
5eb36a
5fb36a
60b36b
61b36b
62b36c
63b36c
64b36d
65b36d
66b36e
67b36e
68b36f
69b36f
6ab370
6bb370
6cb371
6db371
6eb372
6fb372
70b373
71b373
72b374
73b374
74b375
75b375
76b376
77b376
78b377
79b377
7ab378
7bb378
7cb379
7db379
7eb37a
7fb37a
80b37b
81b37b
82b37c
83b37c
84b37d
85b37d
86b37e
87b37e
88b37f
89b37f
8ab380
8bb380
8cb381
8db381
8eb382
8fb382
90b383
91b383
92b384
93b384
94b385
95b385
96b386
97b386
98b387
99b387
9ab388
9bb388
9cb389
9db389
9eb38a
9fb38a
a0b38b
a1b38b
a2b38c
a3b38c
a4b38d
a5b38d
a6b38e
a7b38e
a8b38f
a9b38f
aab390
abb390
acb391
adb391
aeb392
afb392
b0b393
b1b393
b2b394
b3b394
b4b395
b5b395
b6b396
b7b396
b8b397
b9b397
bab398
bbb398
bcb399
bdb399
beb39a
bfb39a
c0b39b
c1b39b
c2b39c
c3b39c
c4b39d
c5b39d
c6b39e
c7b39e
c8b39f
c9b39f
cab3a0
cbb3a0
ccb3a1
cdb3a1
ceb3a2
cfb3a2
d0b3a3
d1b3a3
d2b3a4
d3b3a4
d4b3a5
d5b3a5
d6b3a6
d7b3a6
d8b3a7
d9b3a7
dab3a8
dbb3a8
dcb3a9
ddb3a9
deb3aa
dfb3aa
e0b3ab
e1b3ab
e2b3ac
e3b3ac
e4b3ad
e5b3ad
e6b3ae
e7b3ae
e8b3af
e9b3af
eab3b0
ebb3b0
ecb3b1
edb3b1
eeb3b2
efb3b2
f0b3b3
f1b3b3
f2b3b4
f3b3b4
f4b3b5
f5b3b5
f6b3b6
f7b3b6
f8b3b7
f9b3b7
fab3b8
fbb3b8
fcb3b9
fdb3b9
eeb3ba
afb3ba
50b3bb
11b3bb
02b3bc
03b3bc
04b3bd
05b3bd
06b3be
07b3be
08b3bf
09b3bf
0ab3c0
0bb3c0
0cb3c1
0db3c1
0eb3c2
0fb3c2
10b3c3
11b3c3
12b3c4
13b3c4
14b3c5
15b3c5
16b3c6
17b3c6
18b3c7
19b3c7
1ab3c8
1bb3c8
1cb3c9
1db3c9
1eb3ca
1fb3ca
20b3cb
21b3cb
22b3cc
23b3cc
24b3cd
25b3cd
26b3ce
27b3ce
28b3cf
29b3cf
2ab3d0
2bb3d0
2cb3d1
2db3d1
2eb3d2
2fb3d2
30b3d3
31b3d3
32b3d4
33b3d4
34b3d5
35b3d5
36b3d6
37b3d6
38b3d7
39b3d7
3ab3d8
3bb3d8
3cb3d9
3db3d9
000000
000000
000000
000000
02b43c
03b43c
04b43d
05b43d
06b43e
07b43e
08b43f
09b43f
0ab440
0bb440
0cb441
0db441
0eb442
0fb442
10b443
11b443
12b444
13b444
14b445
15b445
16b446
17b446
18b447
19b447
1ab448
1bb448
1cb449
1db449
1eb44a
1fb44a
20b44b
21b44b
22b44c
23b44c
24b44d
25b44d
26b44e
27b44e
28b44f
29b44f
2ab450
2bb450
2cb451
2db451
2eb452
2fb452
30b453
31b453
32b454
33b454
34b455
35b455
36b456
37b456
38b457
39b457
3ab458
3bb458
3cb459
3db459
3eb45a
3fb45a
40b45b
41b45b
42b45c
43b45c
44b45d
45b45d
46b45e
47b45e
48b45f
49b45f
4ab460
4bb460
4cb461
4db461
4eb462
4fb462
50b463
51b463
52b464
53b464
54b465
55b465
56b466
57b466
58b467
59b467
5ab468
5bb468
5cb469
5db469
5eb46a
5fb46a
60b46b
61b46b
62b46c
63b46c
64b46d
65b46d
66b46e
67b46e
68b46f
69b46f
6ab470
6bb470
6cb471
6db471
6eb472
6fb472
70b473
71b473
72b474
73b474
74b475
75b475
76b476
77b476
78b477
79b477
7ab478
7bb478
7cb479
7db479
7eb47a
7fb47a
80b47b
81b47b
82b47c
83b47c
84b47d
85b47d
86b47e
87b47e
88b47f
89b47f
8ab480
8bb480
8cb481
8db481
8eb482
8fb482
90b483
91b483
92b484
93b484
94b485
95b485
96b486
97b486
98b487
99b487
9ab488
9bb488
9cb489
9db489
9eb48a
9fb48a
a0b48b
a1b48b
a2b48c
a3b48c
a4b48d
a5b48d
a6b48e
a7b48e
a8b48f
a9b48f
aab490
abb490
acb491
adb491
aeb492
afb492
b0b493
b1b493
b2b494
b3b494
b4b495
b5b495
b6b496
b7b496
b8b497
b9b497
bab498
bbb498
bcb499
bdb499
beb49a
bfb49a
c0b49b
c1b49b
c2b49c
c3b49c
c4b49d
c5b49d
c6b49e
c7b49e
c8b49f
c9b49f
cab4a0
cbb4a0
ccb4a1
cdb4a1
ceb4a2
cfb4a2
d0b4a3
d1b4a3
d2b4a4
d3b4a4
d4b4a5
d5b4a5
d6b4a6
d7b4a6
d8b4a7
d9b4a7
dab4a8
dbb4a8
dcb4a9
ddb4a9
deb4aa
dfb4aa
e0b4ab
e1b4ab
e2b4ac
e3b4ac
e4b4ad
e5b4ad
e6b4ae
e7b4ae
e8b4af
e9b4af
eab4b0
ebb4b0
ecb4b1
edb4b1
eeb4b2
efb4b2
f0b4b3
f1b4b3
f2b4b4
f3b4b4
f4b4b5
f5b4b5
f6b4b6
f7b4b6
f8b4b7
f9b4b7
fab4b8
fbb4b8
fcb4b9
fdb4b9
eeb4ba
afb4ba
50b4bb
11b4bb
02b4bc
03b4bc
04b4bd
05b4bd
06b4be
07b4be
08b4bf
09b4bf
0ab4c0
0bb4c0
0cb4c1
0db4c1
0eb4c2
0fb4c2
10b4c3
11b4c3
12b4c4
13b4c4
14b4c5
15b4c5
16b4c6
17b4c6
18b4c7
19b4c7
1ab4c8
1bb4c8
1cb4c9
1db4c9
1eb4ca
1fb4ca
20b4cb
21b4cb
22b4cc
23b4cc
24b4cd
25b4cd
26b4ce
27b4ce
28b4cf
29b4cf
2ab4d0
2bb4d0
2cb4d1
2db4d1
2eb4d2
2fb4d2
30b4d3
31b4d3
32b4d4
33b4d4
34b4d5
35b4d5
36b4d6
37b4d6
38b4d7
39b4d7
3ab4d8
3bb4d8
3cb4d9
3db4d9
000000
000000
000000
000000
02b53c
03b53d
04b53d
05b53e
06b53e
07b53f
08b53f
09b540
0ab540
0bb541
0cb541
0db542
0eb542
0fb543
10b543
11b544
12b544
13b545
14b545
15b546
16b546
17b547
18b547
19b548
1ab548
1bb549
1cb549
1db54a
1eb54a
1fb54b
20b54b
21b54c
22b54c
23b54d
24b54d
25b54e
26b54e
27b54f
28b54f
29b550
2ab550
2bb551
2cb551
2db552
2eb552
2fb553
30b553
31b554
32b554
33b555
34b555
35b556
36b556
37b557
38b557
39b558
3ab558
3bb559
3cb559
3db55a
3eb55a
3fb55b
40b55b
41b55c
42b55c
43b55d
44b55d
45b55e
46b55e
47b55f
48b55f
49b560
4ab560
4bb561
4cb561
4db562
4eb562
4fb563
50b563
51b564
52b564
53b565
54b565
55b566
56b566
57b567
58b567
59b568
5ab568
5bb569
5cb569
5db56a
5eb56a
5fb56b
60b56b
61b56c
62b56c
63b56d
64b56d
65b56e
66b56e
67b56f
68b56f
69b570
6ab570
6bb571
6cb571
6db572
6eb572
6fb573
70b573
71b574
72b574
73b575
74b575
75b576
76b576
77b577
78b577
79b578
7ab578
7bb579
7cb579
7db57a
7eb57a
7fb57b
80b57b
81b57c
82b57c
83b57d
84b57d
85b57e
86b57e
87b57f
88b57f
89b580
8ab580
8bb581
8cb581
8db582
8eb582
8fb583
90b583
91b584
92b584
93b585
94b585
95b586
96b586
97b587
98b587
99b588
9ab588
9bb589
9cb589
9db58a
9eb58a
9fb58b
a0b58b
a1b58c
a2b58c
a3b58d
a4b58d
a5b58e
a6b58e
a7b58f
a8b58f
a9b590
aab590
abb591
acb591
adb592
aeb592
afb593
b0b593
b1b594
b2b594
b3b595
b4b595
b5b596
b6b596
b7b597
b8b597
b9b598
bab598
bbb599
bcb599
bdb59a
beb59a
bfb59b
c0b59b
c1b59c
c2b59c
c3b59d
c4b59d
c5b59e
c6b59e
c7b59f
c8b59f
c9b5a0
cab5a0
cbb5a1
ccb5a1
cdb5a2
ceb5a2
cfb5a3
d0b5a3
d1b5a4
d2b5a4
d3b5a5
d4b5a5
d5b5a6
d6b5a6
d7b5a7
d8b5a7
d9b5a8
dab5a8
dbb5a9
dcb5a9
ddb5aa
deb5aa
dfb5ab
e0b5ab
e1b5ac
e2b5ac
e3b5ad
e4b5ad
e5b5ae
e6b5ae
e7b5af
e8b5af
e9b5b0
eab5b0
ebb5b1
ecb5b1
edb5b2
eeb5b2
efb5b3
f0b5b3
f1b5b4
f2b5b4
f3b5b5
f4b5b5
f5b5b6
f6b5b6
f7b5b7
f8b5b7
f9b5b8
fab5b8
fbb5b9
fcb5b9
fdb5ba
eeb5ba
afb5bb
50b5bb
11b5bc
02b5bc
03b5bd
04b5bd
05b5be
06b5be
07b5bf
08b5bf
09b5c0
0ab5c0
0bb5c1
0cb5c1
0db5c2
0eb5c2
0fb5c3
10b5c3
11b5c4
12b5c4
13b5c5
14b5c5
15b5c6
16b5c6
17b5c7
18b5c7
19b5c8
1ab5c8
1bb5c9
1cb5c9
1db5ca
1eb5ca
1fb5cb
20b5cb
21b5cc
22b5cc
23b5cd
24b5cd
25b5ce
26b5ce
27b5cf
28b5cf
29b5d0
2ab5d0
2bb5d1
2cb5d1
2db5d2
2eb5d2
2fb5d3
30b5d3
31b5d4
32b5d4
33b5d5
34b5d5
35b5d6
36b5d6
37b5d7
38b5d7
39b5d8
3ab5d8
3bb5d9
3cb5d9
3db5da
000000
000000
000000
000000
02b63d
03b63d
04b63e
05b63e
06b63f
07b63f
08b640
09b640
0ab641
0bb641
0cb642
0db642
0eb643
0fb643
10b644
11b644
12b645
13b645
14b646
15b646
16b647
17b647
18b648
19b648
1ab649
1bb649
1cb64a
1db64a
1eb64b
1fb64b
20b64c
21b64c
22b64d
23b64d
24b64e
25b64e
26b64f
27b64f
28b650
29b650
2ab651
2bb651
2cb652
2db652
2eb653
2fb653
30b654
31b654
32b655
33b655
34b656
35b656
36b657
37b657
38b658
39b658
3ab659
3bb659
3cb65a
3db65a
3eb65b
3fb65b
40b65c
41b65c
42b65d
43b65d
44b65e
45b65e
46b65f
47b65f
48b660
49b660
4ab661
4bb661
4cb662
4db662
4eb663
4fb663
50b664
51b664
52b665
53b665
54b666
55b666
56b667
57b667
58b668
59b668
5ab669
5bb669
5cb66a
5db66a
5eb66b
5fb66b
60b66c
61b66c
62b66d
63b66d
64b66e
65b66e
66b66f
67b66f
68b670
69b670
6ab671
6bb671
6cb672
6db672
6eb673
6fb673
70b674
71b674
72b675
73b675
74b676
75b676
76b677
77b677
78b678
79b678
7ab679
7bb679
7cb67a
7db67a
7eb67b
7fb67b
80b67c
81b67c
82b67d
83b67d
84b67e
85b67e
86b67f
87b67f
88b680
89b680
8ab681
8bb681
8cb682
8db682
8eb683
8fb683
90b684
91b684
92b685
93b685
94b686
95b686
96b687
97b687
98b688
99b688
9ab689
9bb689
9cb68a
9db68a
9eb68b
9fb68b
a0b68c
a1b68c
a2b68d
a3b68d
a4b68e
a5b68e
a6b68f
a7b68f
a8b690
a9b690
aab691
abb691
acb692
adb692
aeb693
afb693
b0b694
b1b694
b2b695
b3b695
b4b696
b5b696
b6b697
b7b697
b8b698
b9b698
bab699
bbb699
bcb69a
bdb69a
beb69b
bfb69b
c0b69c
c1b69c
c2b69d
c3b69d
c4b69e
c5b69e
c6b69f
c7b69f
c8b6a0
c9b6a0
cab6a1
cbb6a1
ccb6a2
cdb6a2
ceb6a3
cfb6a3
d0b6a4
d1b6a4
d2b6a5
d3b6a5
d4b6a6
d5b6a6
d6b6a7
d7b6a7
d8b6a8
d9b6a8
dab6a9
dbb6a9
dcb6aa
ddb6aa
deb6ab
dfb6ab
e0b6ac
e1b6ac
e2b6ad
e3b6ad
e4b6ae
e5b6ae
e6b6af
e7b6af
e8b6b0
e9b6b0
eab6b1
ebb6b1
ecb6b2
edb6b2
eeb6b3
efb6b3
f0b6b4
f1b6b4
f2b6b5
f3b6b5
f4b6b6
f5b6b6
f6b6b7
f7b6b7
f8b6b8
f9b6b8
fab6b9
fbb6b9
fcb6ba
fdb6ba
eeb6bb
afb6bb
50b6bc
11b6bc
02b6bd
03b6bd
04b6be
05b6be
06b6bf
07b6bf
08b6c0
09b6c0
0ab6c1
0bb6c1
0cb6c2
0db6c2
0eb6c3
0fb6c3
10b6c4
11b6c4
12b6c5
13b6c5
14b6c6
15b6c6
16b6c7
17b6c7
18b6c8
19b6c8
1ab6c9
1bb6c9
1cb6ca
1db6ca
1eb6cb
1fb6cb
20b6cc
21b6cc
22b6cd
23b6cd
24b6ce
25b6ce
26b6cf
27b6cf
28b6d0
29b6d0
2ab6d1
2bb6d1
2cb6d2
2db6d2
2eb6d3
2fb6d3
30b6d4
31b6d4
32b6d5
33b6d5
34b6d6
35b6d6
36b6d7
37b6d7
38b6d8
39b6d8
3ab6d9
3bb6d9
3cb6da
3db6da
000000
000000
000000
000000
02b73d
03b73d
04b73e
05b73e
06b73f
07b73f
08b740
09b740
0ab741
0bb741
0cb742
0db742
0eb743
0fb743
10b744
11b744
12b745
13b745
14b746
15b746
16b747
17b747
18b748
19b748
1ab749
1bb749
1cb74a
1db74a
1eb74b
1fb74b
20b74c
21b74c
22b74d
23b74d
24b74e
25b74e
26b74f
27b74f
28b750
29b750
2ab751
2bb751
2cb752
2db752
2eb753
2fb753
30b754
31b754
32b755
33b755
34b756
35b756
36b757
37b757
38b758
39b758
3ab759
3bb759
3cb75a
3db75a
3eb75b
3fb75b
40b75c
41b75c
42b75d
43b75d
44b75e
45b75e
46b75f
47b75f
48b760
49b760
4ab761
4bb761
4cb762
4db762
4eb763
4fb763
50b764
51b764
52b765
53b765
54b766
55b766
56b767
57b767
58b768
59b768
5ab769
5bb769
5cb76a
5db76a
5eb76b
5fb76b
60b76c
61b76c
62b76d
63b76d
64b76e
65b76e
66b76f
67b76f
68b770
69b770
6ab771
6bb771
6cb772
6db772
6eb773
6fb773
70b774
71b774
72b775
73b775
74b776
75b776
76b777
77b777
78b778
79b778
7ab779
7bb779
7cb77a
7db77a
7eb77b
7fb77b
80b77c
81b77c
82b77d
83b77d
84b77e
85b77e
86b77f
87b77f
88b780
89b780
8ab781
8bb781
8cb782
8db782
8eb783
8fb783
90b784
91b784
92b785
93b785
94b786
95b786
96b787
97b787
98b788
99b788
9ab789
9bb789
9cb78a
9db78a
9eb78b
9fb78b
a0b78c
a1b78c
a2b78d
a3b78d
a4b78e
a5b78e
a6b78f
a7b78f
a8b790
a9b790
aab791
abb791
acb792
adb792
aeb793
afb793
b0b794
b1b794
b2b795
b3b795
b4b796
b5b796
b6b797
b7b797
b8b798
b9b798
bab799
bbb799
bcb79a
bdb79a
beb79b
bfb79b
c0b79c
c1b79c
c2b79d
c3b79d
c4b79e
c5b79e
c6b79f
c7b79f
c8b7a0
c9b7a0
cab7a1
cbb7a1
ccb7a2
cdb7a2
ceb7a3
cfb7a3
d0b7a4
d1b7a4
d2b7a5
d3b7a5
d4b7a6
d5b7a6
d6b7a7
d7b7a7
d8b7a8
d9b7a8
dab7a9
dbb7a9
dcb7aa
ddb7aa
deb7ab
dfb7ab
e0b7ac
e1b7ac
e2b7ad
e3b7ad
e4b7ae
e5b7ae
e6b7af
e7b7af
e8b7b0
e9b7b0
eab7b1
ebb7b1
ecb7b2
edb7b2
eeb7b3
efb7b3
f0b7b4
f1b7b4
f2b7b5
f3b7b5
f4b7b6
f5b7b6
f6b7b7
f7b7b7
f8b7b8
f9b7b8
fab7b9
fbb7b9
fcb7ba
fdb7ba
eeb7bb
afb7bb
50b7bc
11b7bc
02b7bd
03b7bd
04b7be
05b7be
06b7bf
07b7bf
08b7c0
09b7c0
0ab7c1
0bb7c1
0cb7c2
0db7c2
0eb7c3
0fb7c3
10b7c4
11b7c4
12b7c5
13b7c5
14b7c6
15b7c6
16b7c7
17b7c7
18b7c8
19b7c8
1ab7c9
1bb7c9
1cb7ca
1db7ca
1eb7cb
1fb7cb
20b7cc
21b7cc
22b7cd
23b7cd
24b7ce
25b7ce
26b7cf
27b7cf
28b7d0
29b7d0
2ab7d1
2bb7d1
2cb7d2
2db7d2
2eb7d3
2fb7d3
30b7d4
31b7d4
32b7d5
33b7d5
34b7d6
35b7d6
36b7d7
37b7d7
38b7d8
39b7d8
3ab7d9
3bb7d9
3cb7da
3db7da
000000
000000
000000
000000
02b83d
03b83e
04b83e
05b83f
06b83f
07b840
08b840
09b841
0ab841
0bb842
0cb842
0db843
0eb843
0fb844
10b844
11b845
12b845
13b846
14b846
15b847
16b847
17b848
18b848
19b849
1ab849
1bb84a
1cb84a
1db84b
1eb84b
1fb84c
20b84c
21b84d
22b84d
23b84e
24b84e
25b84f
26b84f
27b850
28b850
29b851
2ab851
2bb852
2cb852
2db853
2eb853
2fb854
30b854
31b855
32b855
33b856
34b856
35b857
36b857
37b858
38b858
39b859
3ab859
3bb85a
3cb85a
3db85b
3eb85b
3fb85c
40b85c
41b85d
42b85d
43b85e
44b85e
45b85f
46b85f
47b860
48b860
49b861
4ab861
4bb862
4cb862
4db863
4eb863
4fb864
50b864
51b865
52b865
53b866
54b866
55b867
56b867
57b868
58b868
59b869
5ab869
5bb86a
5cb86a
5db86b
5eb86b
5fb86c
60b86c
61b86d
62b86d
63b86e
64b86e
65b86f
66b86f
67b870
68b870
69b871
6ab871
6bb872
6cb872
6db873
6eb873
6fb874
70b874
71b875
72b875
73b876
74b876
75b877
76b877
77b878
78b878
79b879
7ab879
7bb87a
7cb87a
7db87b
7eb87b
7fb87c
80b87c
81b87d
82b87d
83b87e
84b87e
85b87f
86b87f
87b880
88b880
89b881
8ab881
8bb882
8cb882
8db883
8eb883
8fb884
90b884
91b885
92b885
93b886
94b886
95b887
96b887
97b888
98b888
99b889
9ab889
9bb88a
9cb88a
9db88b
9eb88b
9fb88c
a0b88c
a1b88d
a2b88d
a3b88e
a4b88e
a5b88f
a6b88f
a7b890
a8b890
a9b891
aab891
abb892
acb892
adb893
aeb893
afb894
b0b894
b1b895
b2b895
b3b896
b4b896
b5b897
b6b897
b7b898
b8b898
b9b899
bab899
bbb89a
bcb89a
bdb89b
beb89b
bfb89c
c0b89c
c1b89d
c2b89d
c3b89e
c4b89e
c5b89f
c6b89f
c7b8a0
c8b8a0
c9b8a1
cab8a1
cbb8a2
ccb8a2
cdb8a3
ceb8a3
cfb8a4
d0b8a4
d1b8a5
d2b8a5
d3b8a6
d4b8a6
d5b8a7
d6b8a7
d7b8a8
d8b8a8
d9b8a9
dab8a9
dbb8aa
dcb8aa
ddb8ab
deb8ab
dfb8ac
e0b8ac
e1b8ad
e2b8ad
e3b8ae
e4b8ae
e5b8af
e6b8af
e7b8b0
e8b8b0
e9b8b1
eab8b1
ebb8b2
ecb8b2
edb8b3
eeb8b3
efb8b4
f0b8b4
f1b8b5
f2b8b5
f3b8b6
f4b8b6
f5b8b7
f6b8b7
f7b8b8
f8b8b8
f9b8b9
fab8b9
fbb8ba
fcb8ba
fdb8bb
eeb8bb
afb8bc
50b8bc
11b8bd
02b8bd
03b8be
04b8be
05b8bf
06b8bf
07b8c0
08b8c0
09b8c1
0ab8c1
0bb8c2
0cb8c2
0db8c3
0eb8c3
0fb8c4
10b8c4
11b8c5
12b8c5
13b8c6
14b8c6
15b8c7
16b8c7
17b8c8
18b8c8
19b8c9
1ab8c9
1bb8ca
1cb8ca
1db8cb
1eb8cb
1fb8cc
20b8cc
21b8cd
22b8cd
23b8ce
24b8ce
25b8cf
26b8cf
27b8d0
28b8d0
29b8d1
2ab8d1
2bb8d2
2cb8d2
2db8d3
2eb8d3
2fb8d4
30b8d4
31b8d5
32b8d5
33b8d6
34b8d6
35b8d7
36b8d7
37b8d8
38b8d8
39b8d9
3ab8d9
3bb8da
3cb8da
3db8db
000000
000000
000000
000000
02b93e
03b93e
04b93f
05b93f
06b940
07b940
08b941
09b941
0ab942
0bb942
0cb943
0db943
0eb944
0fb944
10b945
11b945
12b946
13b946
14b947
15b947
16b948
17b948
18b949
19b949
1ab94a
1bb94a
1cb94b
1db94b
1eb94c
1fb94c
20b94d
21b94d
22b94e
23b94e
24b94f
25b94f
26b950
27b950
28b951
29b951
2ab952
2bb952
2cb953
2db953
2eb954
2fb954
30b955
31b955
32b956
33b956
34b957
35b957
36b958
37b958
38b959
39b959
3ab95a
3bb95a
3cb95b
3db95b
3eb95c
3fb95c
40b95d
41b95d
42b95e
43b95e
44b95f
45b95f
46b960
47b960
48b961
49b961
4ab962
4bb962
4cb963
4db963
4eb964
4fb964
50b965
51b965
52b966
53b966
54b967
55b967
56b968
57b968
58b969
59b969
5ab96a
5bb96a
5cb96b
5db96b
5eb96c
5fb96c
60b96d
61b96d
62b96e
63b96e
64b96f
65b96f
66b970
67b970
68b971
69b971
6ab972
6bb972
6cb973
6db973
6eb974
6fb974
70b975
71b975
72b976
73b976
74b977
75b977
76b978
77b978
78b979
79b979
7ab97a
7bb97a
7cb97b
7db97b
7eb97c
7fb97c
80b97d
81b97d
82b97e
83b97e
84b97f
85b97f
86b980
87b980
88b981
89b981
8ab982
8bb982
8cb983
8db983
8eb984
8fb984
90b985
91b985
92b986
93b986
94b987
95b987
96b988
97b988
98b989
99b989
9ab98a
9bb98a
9cb98b
9db98b
9eb98c
9fb98c
a0b98d
a1b98d
a2b98e
a3b98e
a4b98f
a5b98f
a6b990
a7b990
a8b991
a9b991
aab992
abb992
acb993
adb993
aeb994
afb994
b0b995
b1b995
b2b996
b3b996
b4b997
b5b997
b6b998
b7b998
b8b999
b9b999
bab99a
bbb99a
bcb99b
bdb99b
beb99c
bfb99c
c0b99d
c1b99d
c2b99e
c3b99e
c4b99f
c5b99f
c6b9a0
c7b9a0
c8b9a1
c9b9a1
cab9a2
cbb9a2
ccb9a3
cdb9a3
ceb9a4
cfb9a4
d0b9a5
d1b9a5
d2b9a6
d3b9a6
d4b9a7
d5b9a7
d6b9a8
d7b9a8
d8b9a9
d9b9a9
dab9aa
dbb9aa
dcb9ab
ddb9ab
deb9ac
dfb9ac
e0b9ad
e1b9ad
e2b9ae
e3b9ae
e4b9af
e5b9af
e6b9b0
e7b9b0
e8b9b1
e9b9b1
eab9b2
ebb9b2
ecb9b3
edb9b3
eeb9b4
efb9b4
f0b9b5
f1b9b5
f2b9b6
f3b9b6
f4b9b7
f5b9b7
f6b9b8
f7b9b8
f8b9b9
f9b9b9
fab9ba
fbb9ba
fcb9bb
fdb9bb
eeb9bc
afb9bc
50b9bd
11b9bd
02b9be
03b9be
04b9bf
05b9bf
06b9c0
07b9c0
08b9c1
09b9c1
0ab9c2
0bb9c2
0cb9c3
0db9c3
0eb9c4
0fb9c4
10b9c5
11b9c5
12b9c6
13b9c6
14b9c7
15b9c7
16b9c8
17b9c8
18b9c9
19b9c9
1ab9ca
1bb9ca
1cb9cb
1db9cb
1eb9cc
1fb9cc
20b9cd
21b9cd
22b9ce
23b9ce
24b9cf
25b9cf
26b9d0
27b9d0
28b9d1
29b9d1
2ab9d2
2bb9d2
2cb9d3
2db9d3
2eb9d4
2fb9d4
30b9d5
31b9d5
32b9d6
33b9d6
34b9d7
35b9d7
36b9d8
37b9d8
38b9d9
39b9d9
3ab9da
3bb9da
3cb9db
3db9db
000000
000000
000000
000000
02ba3e
03ba3e
04ba3f
05ba3f
06ba40
07ba40
08ba41
09ba41
0aba42
0bba42
0cba43
0dba43
0eba44
0fba44
10ba45
11ba45
12ba46
13ba46
14ba47
15ba47
16ba48
17ba48
18ba49
19ba49
1aba4a
1bba4a
1cba4b
1dba4b
1eba4c
1fba4c
20ba4d
21ba4d
22ba4e
23ba4e
24ba4f
25ba4f
26ba50
27ba50
28ba51
29ba51
2aba52
2bba52
2cba53
2dba53
2eba54
2fba54
30ba55
31ba55
32ba56
33ba56
34ba57
35ba57
36ba58
37ba58
38ba59
39ba59
3aba5a
3bba5a
3cba5b
3dba5b
3eba5c
3fba5c
40ba5d
41ba5d
42ba5e
43ba5e
44ba5f
45ba5f
46ba60
47ba60
48ba61
49ba61
4aba62
4bba62
4cba63
4dba63
4eba64
4fba64
50ba65
51ba65
52ba66
53ba66
54ba67
55ba67
56ba68
57ba68
58ba69
59ba69
5aba6a
5bba6a
5cba6b
5dba6b
5eba6c
5fba6c
60ba6d
61ba6d
62ba6e
63ba6e
64ba6f
65ba6f
66ba70
67ba70
68ba71
69ba71
6aba72
6bba72
6cba73
6dba73
6eba74
6fba74
70ba75
71ba75
72ba76
73ba76
74ba77
75ba77
76ba78
77ba78
78ba79
79ba79
7aba7a
7bba7a
7cba7b
7dba7b
7eba7c
7fba7c
80ba7d
81ba7d
82ba7e
83ba7e
84ba7f
85ba7f
86ba80
87ba80
88ba81
89ba81
8aba82
8bba82
8cba83
8dba83
8eba84
8fba84
90ba85
91ba85
92ba86
93ba86
94ba87
95ba87
96ba88
97ba88
98ba89
99ba89
9aba8a
9bba8a
9cba8b
9dba8b
9eba8c
9fba8c
a0ba8d
a1ba8d
a2ba8e
a3ba8e
a4ba8f
a5ba8f
a6ba90
a7ba90
a8ba91
a9ba91
aaba92
abba92
acba93
adba93
aeba94
afba94
b0ba95
b1ba95
b2ba96
b3ba96
b4ba97
b5ba97
b6ba98
b7ba98
b8ba99
b9ba99
baba9a
bbba9a
bcba9b
bdba9b
beba9c
bfba9c
c0ba9d
c1ba9d
c2ba9e
c3ba9e
c4ba9f
c5ba9f
c6baa0
c7baa0
c8baa1
c9baa1
cabaa2
cbbaa2
ccbaa3
cdbaa3
cebaa4
cfbaa4
d0baa5
d1baa5
d2baa6
d3baa6
d4baa7
d5baa7
d6baa8
d7baa8
d8baa9
d9baa9
dabaaa
dbbaaa
dcbaab
ddbaab
debaac
dfbaac
e0baad
e1baad
e2baae
e3baae
e4baaf
e5baaf
e6bab0
e7bab0
e8bab1
e9bab1
eabab2
ebbab2
ecbab3
edbab3
eebab4
efbab4
f0bab5
f1bab5
f2bab6
f3bab6
f4bab7
f5bab7
f6bab8
f7bab8
f8bab9
f9bab9
fababa
fbbaba
fcbabb
fdbabb
eebabc
afbabc
50babd
11babd
02babe
03babe
04babf
05babf
06bac0
07bac0
08bac1
09bac1
0abac2
0bbac2
0cbac3
0dbac3
0ebac4
0fbac4
10bac5
11bac5
12bac6
13bac6
14bac7
15bac7
16bac8
17bac8
18bac9
19bac9
1abaca
1bbaca
1cbacb
1dbacb
1ebacc
1fbacc
20bacd
21bacd
22bace
23bace
24bacf
25bacf
26bad0
27bad0
28bad1
29bad1
2abad2
2bbad2
2cbad3
2dbad3
2ebad4
2fbad4
30bad5
31bad5
32bad6
33bad6
34bad7
35bad7
36bad8
37bad8
38bad9
39bad9
3abada
3bbada
3cbadb
3dbadb
000000
000000
000000
000000
02bb3e
03bb3f
04bb3f
05bb40
06bb40
07bb41
08bb41
09bb42
0abb42
0bbb43
0cbb43
0dbb44
0ebb44
0fbb45
10bb45
11bb46
12bb46
13bb47
14bb47
15bb48
16bb48
17bb49
18bb49
19bb4a
1abb4a
1bbb4b
1cbb4b
1dbb4c
1ebb4c
1fbb4d
20bb4d
21bb4e
22bb4e
23bb4f
24bb4f
25bb50
26bb50
27bb51
28bb51
29bb52
2abb52
2bbb53
2cbb53
2dbb54
2ebb54
2fbb55
30bb55
31bb56
32bb56
33bb57
34bb57
35bb58
36bb58
37bb59
38bb59
39bb5a
3abb5a
3bbb5b
3cbb5b
3dbb5c
3ebb5c
3fbb5d
40bb5d
41bb5e
42bb5e
43bb5f
44bb5f
45bb60
46bb60
47bb61
48bb61
49bb62
4abb62
4bbb63
4cbb63
4dbb64
4ebb64
4fbb65
50bb65
51bb66
52bb66
53bb67
54bb67
55bb68
56bb68
57bb69
58bb69
59bb6a
5abb6a
5bbb6b
5cbb6b
5dbb6c
5ebb6c
5fbb6d
60bb6d
61bb6e
62bb6e
63bb6f
64bb6f
65bb70
66bb70
67bb71
68bb71
69bb72
6abb72
6bbb73
6cbb73
6dbb74
6ebb74
6fbb75
70bb75
71bb76
72bb76
73bb77
74bb77
75bb78
76bb78
77bb79
78bb79
79bb7a
7abb7a
7bbb7b
7cbb7b
7dbb7c
7ebb7c
7fbb7d
80bb7d
81bb7e
82bb7e
83bb7f
84bb7f
85bb80
86bb80
87bb81
88bb81
89bb82
8abb82
8bbb83
8cbb83
8dbb84
8ebb84
8fbb85
90bb85
91bb86
92bb86
93bb87
94bb87
95bb88
96bb88
97bb89
98bb89
99bb8a
9abb8a
9bbb8b
9cbb8b
9dbb8c
9ebb8c
9fbb8d
a0bb8d
a1bb8e
a2bb8e
a3bb8f
a4bb8f
a5bb90
a6bb90
a7bb91
a8bb91
a9bb92
aabb92
abbb93
acbb93
adbb94
aebb94
afbb95
b0bb95
b1bb96
b2bb96
b3bb97
b4bb97
b5bb98
b6bb98
b7bb99
b8bb99
b9bb9a
babb9a
bbbb9b
bcbb9b
bdbb9c
bebb9c
bfbb9d
c0bb9d
c1bb9e
c2bb9e
c3bb9f
c4bb9f
c5bba0
c6bba0
c7bba1
c8bba1
c9bba2
cabba2
cbbba3
ccbba3
cdbba4
cebba4
cfbba5
d0bba5
d1bba6
d2bba6
d3bba7
d4bba7
d5bba8
d6bba8
d7bba9
d8bba9
d9bbaa
dabbaa
dbbbab
dcbbab
ddbbac
debbac
dfbbad
e0bbad
e1bbae
e2bbae
e3bbaf
e4bbaf
e5bbb0
e6bbb0
e7bbb1
e8bbb1
e9bbb2
eabbb2
ebbbb3
ecbbb3
edbbb4
eebbb4
efbbb5
f0bbb5
f1bbb6
f2bbb6
f3bbb7
f4bbb7
f5bbb8
f6bbb8
f7bbb9
f8bbb9
f9bbba
fabbba
fbbbbb
fcbbbb
fdbbbc
eebbbc
afbbbd
50bbbd
11bbbe
02bbbe
03bbbf
04bbbf
05bbc0
06bbc0
07bbc1
08bbc1
09bbc2
0abbc2
0bbbc3
0cbbc3
0dbbc4
0ebbc4
0fbbc5
10bbc5
11bbc6
12bbc6
13bbc7
14bbc7
15bbc8
16bbc8
17bbc9
18bbc9
19bbca
1abbca
1bbbcb
1cbbcb
1dbbcc
1ebbcc
1fbbcd
20bbcd
21bbce
22bbce
23bbcf
24bbcf
25bbd0
26bbd0
27bbd1
28bbd1
29bbd2
2abbd2
2bbbd3
2cbbd3
2dbbd4
2ebbd4
2fbbd5
30bbd5
31bbd6
32bbd6
33bbd7
34bbd7
35bbd8
36bbd8
37bbd9
38bbd9
39bbda
3abbda
3bbbdb
3cbbdb
3dbbdc
000000
000000
000000
000000
02bc3f
03bc3f
04bc40
05bc40
06bc41
07bc41
08bc42
09bc42
0abc43
0bbc43
0cbc44
0dbc44
0ebc45
0fbc45
10bc46
11bc46
12bc47
13bc47
14bc48
15bc48
16bc49
17bc49
18bc4a
19bc4a
1abc4b
1bbc4b
1cbc4c
1dbc4c
1ebc4d
1fbc4d
20bc4e
21bc4e
22bc4f
23bc4f
24bc50
25bc50
26bc51
27bc51
28bc52
29bc52
2abc53
2bbc53
2cbc54
2dbc54
2ebc55
2fbc55
30bc56
31bc56
32bc57
33bc57
34bc58
35bc58
36bc59
37bc59
38bc5a
39bc5a
3abc5b
3bbc5b
3cbc5c
3dbc5c
3ebc5d
3fbc5d
40bc5e
41bc5e
42bc5f
43bc5f
44bc60
45bc60
46bc61
47bc61
48bc62
49bc62
4abc63
4bbc63
4cbc64
4dbc64
4ebc65
4fbc65
50bc66
51bc66
52bc67
53bc67
54bc68
55bc68
56bc69
57bc69
58bc6a
59bc6a
5abc6b
5bbc6b
5cbc6c
5dbc6c
5ebc6d
5fbc6d
60bc6e
61bc6e
62bc6f
63bc6f
64bc70
65bc70
66bc71
67bc71
68bc72
69bc72
6abc73
6bbc73
6cbc74
6dbc74
6ebc75
6fbc75
70bc76
71bc76
72bc77
73bc77
74bc78
75bc78
76bc79
77bc79
78bc7a
79bc7a
7abc7b
7bbc7b
7cbc7c
7dbc7c
7ebc7d
7fbc7d
80bc7e
81bc7e
82bc7f
83bc7f
84bc80
85bc80
86bc81
87bc81
88bc82
89bc82
8abc83
8bbc83
8cbc84
8dbc84
8ebc85
8fbc85
90bc86
91bc86
92bc87
93bc87
94bc88
95bc88
96bc89
97bc89
98bc8a
99bc8a
9abc8b
9bbc8b
9cbc8c
9dbc8c
9ebc8d
9fbc8d
a0bc8e
a1bc8e
a2bc8f
a3bc8f
a4bc90
a5bc90
a6bc91
a7bc91
a8bc92
a9bc92
aabc93
abbc93
acbc94
adbc94
aebc95
afbc95
b0bc96
b1bc96
b2bc97
b3bc97
b4bc98
b5bc98
b6bc99
b7bc99
b8bc9a
b9bc9a
babc9b
bbbc9b
bcbc9c
bdbc9c
bebc9d
bfbc9d
c0bc9e
c1bc9e
c2bc9f
c3bc9f
c4bca0
c5bca0
c6bca1
c7bca1
c8bca2
c9bca2
cabca3
cbbca3
ccbca4
cdbca4
cebca5
cfbca5
d0bca6
d1bca6
d2bca7
d3bca7
d4bca8
d5bca8
d6bca9
d7bca9
d8bcaa
d9bcaa
dabcab
dbbcab
dcbcac
ddbcac
debcad
dfbcad
e0bcae
e1bcae
e2bcaf
e3bcaf
e4bcb0
e5bcb0
e6bcb1
e7bcb1
e8bcb2
e9bcb2
eabcb3
ebbcb3
ecbcb4
edbcb4
eebcb5
efbcb5
f0bcb6
f1bcb6
f2bcb7
f3bcb7
f4bcb8
f5bcb8
f6bcb9
f7bcb9
f8bcba
f9bcba
fabcbb
fbbcbb
fcbcbc
fdbcbc
eebcbd
afbcbd
50bcbe
11bcbe
02bcbf
03bcbf
04bcc0
05bcc0
06bcc1
07bcc1
08bcc2
09bcc2
0abcc3
0bbcc3
0cbcc4
0dbcc4
0ebcc5
0fbcc5
10bcc6
11bcc6
12bcc7
13bcc7
14bcc8
15bcc8
16bcc9
17bcc9
18bcca
19bcca
1abccb
1bbccb
1cbccc
1dbccc
1ebccd
1fbccd
20bcce
21bcce
22bccf
23bccf
24bcd0
25bcd0
26bcd1
27bcd1
28bcd2
29bcd2
2abcd3
2bbcd3
2cbcd4
2dbcd4
2ebcd5
2fbcd5
30bcd6
31bcd6
32bcd7
33bcd7
34bcd8
35bcd8
36bcd9
37bcd9
38bcda
39bcda
3abcdb
3bbcdb
3cbcdc
3dbcdc
000000
000000
000000
000000
02bd3f
03bd3f
04bd40
05bd40
06bd41
07bd41
08bd42
09bd42
0abd43
0bbd43
0cbd44
0dbd44
0ebd45
0fbd45
10bd46
11bd46
12bd47
13bd47
14bd48
15bd48
16bd49
17bd49
18bd4a
19bd4a
1abd4b
1bbd4b
1cbd4c
1dbd4c
1ebd4d
1fbd4d
20bd4e
21bd4e
22bd4f
23bd4f
24bd50
25bd50
26bd51
27bd51
28bd52
29bd52
2abd53
2bbd53
2cbd54
2dbd54
2ebd55
2fbd55
30bd56
31bd56
32bd57
33bd57
34bd58
35bd58
36bd59
37bd59
38bd5a
39bd5a
3abd5b
3bbd5b
3cbd5c
3dbd5c
3ebd5d
3fbd5d
40bd5e
41bd5e
42bd5f
43bd5f
44bd60
45bd60
46bd61
47bd61
48bd62
49bd62
4abd63
4bbd63
4cbd64
4dbd64
4ebd65
4fbd65
50bd66
51bd66
52bd67
53bd67
54bd68
55bd68
56bd69
57bd69
58bd6a
59bd6a
5abd6b
5bbd6b
5cbd6c
5dbd6c
5ebd6d
5fbd6d
60bd6e
61bd6e
62bd6f
63bd6f
64bd70
65bd70
66bd71
67bd71
68bd72
69bd72
6abd73
6bbd73
6cbd74
6dbd74
6ebd75
6fbd75
70bd76
71bd76
72bd77
73bd77
74bd78
75bd78
76bd79
77bd79
78bd7a
79bd7a
7abd7b
7bbd7b
7cbd7c
7dbd7c
7ebd7d
7fbd7d
80bd7e
81bd7e
82bd7f
83bd7f
84bd80
85bd80
86bd81
87bd81
88bd82
89bd82
8abd83
8bbd83
8cbd84
8dbd84
8ebd85
8fbd85
90bd86
91bd86
92bd87
93bd87
94bd88
95bd88
96bd89
97bd89
98bd8a
99bd8a
9abd8b
9bbd8b
9cbd8c
9dbd8c
9ebd8d
9fbd8d
a0bd8e
a1bd8e
a2bd8f
a3bd8f
a4bd90
a5bd90
a6bd91
a7bd91
a8bd92
a9bd92
aabd93
abbd93
acbd94
adbd94
aebd95
afbd95
b0bd96
b1bd96
b2bd97
b3bd97
b4bd98
b5bd98
b6bd99
b7bd99
b8bd9a
b9bd9a
babd9b
bbbd9b
bcbd9c
bdbd9c
bebd9d
bfbd9d
c0bd9e
c1bd9e
c2bd9f
c3bd9f
c4bda0
c5bda0
c6bda1
c7bda1
c8bda2
c9bda2
cabda3
cbbda3
ccbda4
cdbda4
cebda5
cfbda5
d0bda6
d1bda6
d2bda7
d3bda7
d4bda8
d5bda8
d6bda9
d7bda9
d8bdaa
d9bdaa
dabdab
dbbdab
dcbdac
ddbdac
debdad
dfbdad
e0bdae
e1bdae
e2bdaf
e3bdaf
e4bdb0
e5bdb0
e6bdb1
e7bdb1
e8bdb2
e9bdb2
eabdb3
ebbdb3
ecbdb4
edbdb4
eebdb5
efbdb5
f0bdb6
f1bdb6
f2bdb7
f3bdb7
f4bdb8
f5bdb8
f6bdb9
f7bdb9
f8bdba
f9bdba
fabdbb
fbbdbb
fcbdbc
fdbdbc
eebdbd
afbdbd
50bdbe
11bdbe
02bdbf
03bdbf
04bdc0
05bdc0
06bdc1
07bdc1
08bdc2
09bdc2
0abdc3
0bbdc3
0cbdc4
0dbdc4
0ebdc5
0fbdc5
10bdc6
11bdc6
12bdc7
13bdc7
14bdc8
15bdc8
16bdc9
17bdc9
18bdca
19bdca
1abdcb
1bbdcb
1cbdcc
1dbdcc
1ebdcd
1fbdcd
20bdce
21bdce
22bdcf
23bdcf
24bdd0
25bdd0
26bdd1
27bdd1
28bdd2
29bdd2
2abdd3
2bbdd3
2cbdd4
2dbdd4
2ebdd5
2fbdd5
30bdd6
31bdd6
32bdd7
33bdd7
34bdd8
35bdd8
36bdd9
37bdd9
38bdda
39bdda
3abddb
3bbddb
3cbddc
3dbddc
000000
000000
000000
000000
02be3f
03be40
04be40
05be41
06be41
07be42
08be42
09be43
0abe43
0bbe44
0cbe44
0dbe45
0ebe45
0fbe46
10be46
11be47
12be47
13be48
14be48
15be49
16be49
17be4a
18be4a
19be4b
1abe4b
1bbe4c
1cbe4c
1dbe4d
1ebe4d
1fbe4e
20be4e
21be4f
22be4f
23be50
24be50
25be51
26be51
27be52
28be52
29be53
2abe53
2bbe54
2cbe54
2dbe55
2ebe55
2fbe56
30be56
31be57
32be57
33be58
34be58
35be59
36be59
37be5a
38be5a
39be5b
3abe5b
3bbe5c
3cbe5c
3dbe5d
3ebe5d
3fbe5e
40be5e
41be5f
42be5f
43be60
44be60
45be61
46be61
47be62
48be62
49be63
4abe63
4bbe64
4cbe64
4dbe65
4ebe65
4fbe66
50be66
51be67
52be67
53be68
54be68
55be69
56be69
57be6a
58be6a
59be6b
5abe6b
5bbe6c
5cbe6c
5dbe6d
5ebe6d
5fbe6e
60be6e
61be6f
62be6f
63be70
64be70
65be71
66be71
67be72
68be72
69be73
6abe73
6bbe74
6cbe74
6dbe75
6ebe75
6fbe76
70be76
71be77
72be77
73be78
74be78
75be79
76be79
77be7a
78be7a
79be7b
7abe7b
7bbe7c
7cbe7c
7dbe7d
7ebe7d
7fbe7e
80be7e
81be7f
82be7f
83be80
84be80
85be81
86be81
87be82
88be82
89be83
8abe83
8bbe84
8cbe84
8dbe85
8ebe85
8fbe86
90be86
91be87
92be87
93be88
94be88
95be89
96be89
97be8a
98be8a
99be8b
9abe8b
9bbe8c
9cbe8c
9dbe8d
9ebe8d
9fbe8e
a0be8e
a1be8f
a2be8f
a3be90
a4be90
a5be91
a6be91
a7be92
a8be92
a9be93
aabe93
abbe94
acbe94
adbe95
aebe95
afbe96
b0be96
b1be97
b2be97
b3be98
b4be98
b5be99
b6be99
b7be9a
b8be9a
b9be9b
babe9b
bbbe9c
bcbe9c
bdbe9d
bebe9d
bfbe9e
c0be9e
c1be9f
c2be9f
c3bea0
c4bea0
c5bea1
c6bea1
c7bea2
c8bea2
c9bea3
cabea3
cbbea4
ccbea4
cdbea5
cebea5
cfbea6
d0bea6
d1bea7
d2bea7
d3bea8
d4bea8
d5bea9
d6bea9
d7beaa
d8beaa
d9beab
dabeab
dbbeac
dcbeac
ddbead
debead
dfbeae
e0beae
e1beaf
e2beaf
e3beb0
e4beb0
e5beb1
e6beb1
e7beb2
e8beb2
e9beb3
eabeb3
ebbeb4
ecbeb4
edbeb5
eebeb5
efbeb6
f0beb6
f1beb7
f2beb7
f3beb8
f4beb8
f5beb9
f6beb9
f7beba
f8beba
f9bebb
fabebb
fbbebc
fcbebc
fdbebd
eebebd
afbebe
50bebe
11bebf
02bebf
03bec0
04bec0
05bec1
06bec1
07bec2
08bec2
09bec3
0abec3
0bbec4
0cbec4
0dbec5
0ebec5
0fbec6
10bec6
11bec7
12bec7
13bec8
14bec8
15bec9
16bec9
17beca
18beca
19becb
1abecb
1bbecc
1cbecc
1dbecd
1ebecd
1fbece
20bece
21becf
22becf
23bed0
24bed0
25bed1
26bed1
27bed2
28bed2
29bed3
2abed3
2bbed4
2cbed4
2dbed5
2ebed5
2fbed6
30bed6
31bed7
32bed7
33bed8
34bed8
35bed9
36bed9
37beda
38beda
39bedb
3abedb
3bbedc
3cbedc
3dbedd
000000
000000
000000
000000
02bf40
03bf40
04bf41
05bf41
06bf42
07bf42
08bf43
09bf43
0abf44
0bbf44
0cbf45
0dbf45
0ebf46
0fbf46
10bf47
11bf47
12bf48
13bf48
14bf49
15bf49
16bf4a
17bf4a
18bf4b
19bf4b
1abf4c
1bbf4c
1cbf4d
1dbf4d
1ebf4e
1fbf4e
20bf4f
21bf4f
22bf50
23bf50
24bf51
25bf51
26bf52
27bf52
28bf53
29bf53
2abf54
2bbf54
2cbf55
2dbf55
2ebf56
2fbf56
30bf57
31bf57
32bf58
33bf58
34bf59
35bf59
36bf5a
37bf5a
38bf5b
39bf5b
3abf5c
3bbf5c
3cbf5d
3dbf5d
3ebf5e
3fbf5e
40bf5f
41bf5f
42bf60
43bf60
44bf61
45bf61
46bf62
47bf62
48bf63
49bf63
4abf64
4bbf64
4cbf65
4dbf65
4ebf66
4fbf66
50bf67
51bf67
52bf68
53bf68
54bf69
55bf69
56bf6a
57bf6a
58bf6b
59bf6b
5abf6c
5bbf6c
5cbf6d
5dbf6d
5ebf6e
5fbf6e
60bf6f
61bf6f
62bf70
63bf70
64bf71
65bf71
66bf72
67bf72
68bf73
69bf73
6abf74
6bbf74
6cbf75
6dbf75
6ebf76
6fbf76
70bf77
71bf77
72bf78
73bf78
74bf79
75bf79
76bf7a
77bf7a
78bf7b
79bf7b
7abf7c
7bbf7c
7cbf7d
7dbf7d
7ebf7e
7fbf7e
80bf7f
81bf7f
82bf80
83bf80
84bf81
85bf81
86bf82
87bf82
88bf83
89bf83
8abf84
8bbf84
8cbf85
8dbf85
8ebf86
8fbf86
90bf87
91bf87
92bf88
93bf88
94bf89
95bf89
96bf8a
97bf8a
98bf8b
99bf8b
9abf8c
9bbf8c
9cbf8d
9dbf8d
9ebf8e
9fbf8e
a0bf8f
a1bf8f
a2bf90
a3bf90
a4bf91
a5bf91
a6bf92
a7bf92
a8bf93
a9bf93
aabf94
abbf94
acbf95
adbf95
aebf96
afbf96
b0bf97
b1bf97
b2bf98
b3bf98
b4bf99
b5bf99
b6bf9a
b7bf9a
b8bf9b
b9bf9b
babf9c
bbbf9c
bcbf9d
bdbf9d
bebf9e
bfbf9e
c0bf9f
c1bf9f
c2bfa0
c3bfa0
c4bfa1
c5bfa1
c6bfa2
c7bfa2
c8bfa3
c9bfa3
cabfa4
cbbfa4
ccbfa5
cdbfa5
cebfa6
cfbfa6
d0bfa7
d1bfa7
d2bfa8
d3bfa8
d4bfa9
d5bfa9
d6bfaa
d7bfaa
d8bfab
d9bfab
dabfac
dbbfac
dcbfad
ddbfad
debfae
dfbfae
e0bfaf
e1bfaf
e2bfb0
e3bfb0
e4bfb1
e5bfb1
e6bfb2
e7bfb2
e8bfb3
e9bfb3
eabfb4
ebbfb4
ecbfb5
edbfb5
eebfb6
efbfb6
f0bfb7
f1bfb7
f2bfb8
f3bfb8
f4bfb9
f5bfb9
f6bfba
f7bfba
f8bfbb
f9bfbb
fabfbc
fbbfbc
fcbfbd
fdbfbd
eebfbe
afbfbe
50bfbf
11bfbf
02bfc0
03bfc0
04bfc1
05bfc1
06bfc2
07bfc2
08bfc3
09bfc3
0abfc4
0bbfc4
0cbfc5
0dbfc5
0ebfc6
0fbfc6
10bfc7
11bfc7
12bfc8
13bfc8
14bfc9
15bfc9
16bfca
17bfca
18bfcb
19bfcb
1abfcc
1bbfcc
1cbfcd
1dbfcd
1ebfce
1fbfce
20bfcf
21bfcf
22bfd0
23bfd0
24bfd1
25bfd1
26bfd2
27bfd2
28bfd3
29bfd3
2abfd4
2bbfd4
2cbfd5
2dbfd5
2ebfd6
2fbfd6
30bfd7
31bfd7
32bfd8
33bfd8
34bfd9
35bfd9
36bfda
37bfda
38bfdb
39bfdb
3abfdc
3bbfdc
3cbfdd
3dbfdd
000000
000000
000000
000000
02c040
03c040
04c041
05c041
06c042
07c042
08c043
09c043
0ac044
0bc044
0cc045
0dc045
0ec046
0fc046
10c047
11c047
12c048
13c048
14c049
15c049
16c04a
17c04a
18c04b
19c04b
1ac04c
1bc04c
1cc04d
1dc04d
1ec04e
1fc04e
20c04f
21c04f
22c050
23c050
24c051
25c051
26c052
27c052
28c053
29c053
2ac054
2bc054
2cc055
2dc055
2ec056
2fc056
30c057
31c057
32c058
33c058
34c059
35c059
36c05a
37c05a
38c05b
39c05b
3ac05c
3bc05c
3cc05d
3dc05d
3ec05e
3fc05e
40c05f
41c05f
42c060
43c060
44c061
45c061
46c062
47c062
48c063
49c063
4ac064
4bc064
4cc065
4dc065
4ec066
4fc066
50c067
51c067
52c068
53c068
54c069
55c069
56c06a
57c06a
58c06b
59c06b
5ac06c
5bc06c
5cc06d
5dc06d
5ec06e
5fc06e
60c06f
61c06f
62c070
63c070
64c071
65c071
66c072
67c072
68c073
69c073
6ac074
6bc074
6cc075
6dc075
6ec076
6fc076
70c077
71c077
72c078
73c078
74c079
75c079
76c07a
77c07a
78c07b
79c07b
7ac07c
7bc07c
7cc07d
7dc07d
7ec07e
7fc07e
80c07f
81c07f
82c080
83c080
84c081
85c081
86c082
87c082
88c083
89c083
8ac084
8bc084
8cc085
8dc085
8ec086
8fc086
90c087
91c087
92c088
93c088
94c089
95c089
96c08a
97c08a
98c08b
99c08b
9ac08c
9bc08c
9cc08d
9dc08d
9ec08e
9fc08e
a0c08f
a1c08f
a2c090
a3c090
a4c091
a5c091
a6c092
a7c092
a8c093
a9c093
aac094
abc094
acc095
adc095
aec096
afc096
b0c097
b1c097
b2c098
b3c098
b4c099
b5c099
b6c09a
b7c09a
b8c09b
b9c09b
bac09c
bbc09c
bcc09d
bdc09d
bec09e
bfc09e
c0c09f
c1c09f
c2c0a0
c3c0a0
c4c0a1
c5c0a1
c6c0a2
c7c0a2
c8c0a3
c9c0a3
cac0a4
cbc0a4
ccc0a5
cdc0a5
cec0a6
cfc0a6
d0c0a7
d1c0a7
d2c0a8
d3c0a8
d4c0a9
d5c0a9
d6c0aa
d7c0aa
d8c0ab
d9c0ab
dac0ac
dbc0ac
dcc0ad
ddc0ad
dec0ae
dfc0ae
e0c0af
e1c0af
e2c0b0
e3c0b0
e4c0b1
e5c0b1
e6c0b2
e7c0b2
e8c0b3
e9c0b3
eac0b4
ebc0b4
ecc0b5
edc0b5
eec0b6
efc0b6
f0c0b7
f1c0b7
f2c0b8
f3c0b8
f4c0b9
f5c0b9
f6c0ba
f7c0ba
f8c0bb
f9c0bb
fac0bc
fbc0bc
fcc0bd
fdc0bd
eec0be
afc0be
50c0bf
11c0bf
02c0c0
03c0c0
04c0c1
05c0c1
06c0c2
07c0c2
08c0c3
09c0c3
0ac0c4
0bc0c4
0cc0c5
0dc0c5
0ec0c6
0fc0c6
10c0c7
11c0c7
12c0c8
13c0c8
14c0c9
15c0c9
16c0ca
17c0ca
18c0cb
19c0cb
1ac0cc
1bc0cc
1cc0cd
1dc0cd
1ec0ce
1fc0ce
20c0cf
21c0cf
22c0d0
23c0d0
24c0d1
25c0d1
26c0d2
27c0d2
28c0d3
29c0d3
2ac0d4
2bc0d4
2cc0d5
2dc0d5
2ec0d6
2fc0d6
30c0d7
31c0d7
32c0d8
33c0d8
34c0d9
35c0d9
36c0da
37c0da
38c0db
39c0db
3ac0dc
3bc0dc
3cc0dd
3dc0dd
000000
000000
000000
000000
02c140
03c141
04c141
05c142
06c142
07c143
08c143
09c144
0ac144
0bc145
0cc145
0dc146
0ec146
0fc147
10c147
11c148
12c148
13c149
14c149
15c14a
16c14a
17c14b
18c14b
19c14c
1ac14c
1bc14d
1cc14d
1dc14e
1ec14e
1fc14f
20c14f
21c150
22c150
23c151
24c151
25c152
26c152
27c153
28c153
29c154
2ac154
2bc155
2cc155
2dc156
2ec156
2fc157
30c157
31c158
32c158
33c159
34c159
35c15a
36c15a
37c15b
38c15b
39c15c
3ac15c
3bc15d
3cc15d
3dc15e
3ec15e
3fc15f
40c15f
41c160
42c160
43c161
44c161
45c162
46c162
47c163
48c163
49c164
4ac164
4bc165
4cc165
4dc166
4ec166
4fc167
50c167
51c168
52c168
53c169
54c169
55c16a
56c16a
57c16b
58c16b
59c16c
5ac16c
5bc16d
5cc16d
5dc16e
5ec16e
5fc16f
60c16f
61c170
62c170
63c171
64c171
65c172
66c172
67c173
68c173
69c174
6ac174
6bc175
6cc175
6dc176
6ec176
6fc177
70c177
71c178
72c178
73c179
74c179
75c17a
76c17a
77c17b
78c17b
79c17c
7ac17c
7bc17d
7cc17d
7dc17e
7ec17e
7fc17f
80c17f
81c180
82c180
83c181
84c181
85c182
86c182
87c183
88c183
89c184
8ac184
8bc185
8cc185
8dc186
8ec186
8fc187
90c187
91c188
92c188
93c189
94c189
95c18a
96c18a
97c18b
98c18b
99c18c
9ac18c
9bc18d
9cc18d
9dc18e
9ec18e
9fc18f
a0c18f
a1c190
a2c190
a3c191
a4c191
a5c192
a6c192
a7c193
a8c193
a9c194
aac194
abc195
acc195
adc196
aec196
afc197
b0c197
b1c198
b2c198
b3c199
b4c199
b5c19a
b6c19a
b7c19b
b8c19b
b9c19c
bac19c
bbc19d
bcc19d
bdc19e
bec19e
bfc19f
c0c19f
c1c1a0
c2c1a0
c3c1a1
c4c1a1
c5c1a2
c6c1a2
c7c1a3
c8c1a3
c9c1a4
cac1a4
cbc1a5
ccc1a5
cdc1a6
cec1a6
cfc1a7
d0c1a7
d1c1a8
d2c1a8
d3c1a9
d4c1a9
d5c1aa
d6c1aa
d7c1ab
d8c1ab
d9c1ac
dac1ac
dbc1ad
dcc1ad
ddc1ae
dec1ae
dfc1af
e0c1af
e1c1b0
e2c1b0
e3c1b1
e4c1b1
e5c1b2
e6c1b2
e7c1b3
e8c1b3
e9c1b4
eac1b4
ebc1b5
ecc1b5
edc1b6
eec1b6
efc1b7
f0c1b7
f1c1b8
f2c1b8
f3c1b9
f4c1b9
f5c1ba
f6c1ba
f7c1bb
f8c1bb
f9c1bc
fac1bc
fbc1bd
fcc1bd
fdc1be
eec1be
afc1bf
50c1bf
11c1c0
02c1c0
03c1c1
04c1c1
05c1c2
06c1c2
07c1c3
08c1c3
09c1c4
0ac1c4
0bc1c5
0cc1c5
0dc1c6
0ec1c6
0fc1c7
10c1c7
11c1c8
12c1c8
13c1c9
14c1c9
15c1ca
16c1ca
17c1cb
18c1cb
19c1cc
1ac1cc
1bc1cd
1cc1cd
1dc1ce
1ec1ce
1fc1cf
20c1cf
21c1d0
22c1d0
23c1d1
24c1d1
25c1d2
26c1d2
27c1d3
28c1d3
29c1d4
2ac1d4
2bc1d5
2cc1d5
2dc1d6
2ec1d6
2fc1d7
30c1d7
31c1d8
32c1d8
33c1d9
34c1d9
35c1da
36c1da
37c1db
38c1db
39c1dc
3ac1dc
3bc1dd
3cc1dd
3dc1de
000000
000000
000000
000000
02c241
03c241
04c242
05c242
06c243
07c243
08c244
09c244
0ac245
0bc245
0cc246
0dc246
0ec247
0fc247
10c248
11c248
12c249
13c249
14c24a
15c24a
16c24b
17c24b
18c24c
19c24c
1ac24d
1bc24d
1cc24e
1dc24e
1ec24f
1fc24f
20c250
21c250
22c251
23c251
24c252
25c252
26c253
27c253
28c254
29c254
2ac255
2bc255
2cc256
2dc256
2ec257
2fc257
30c258
31c258
32c259
33c259
34c25a
35c25a
36c25b
37c25b
38c25c
39c25c
3ac25d
3bc25d
3cc25e
3dc25e
3ec25f
3fc25f
40c260
41c260
42c261
43c261
44c262
45c262
46c263
47c263
48c264
49c264
4ac265
4bc265
4cc266
4dc266
4ec267
4fc267
50c268
51c268
52c269
53c269
54c26a
55c26a
56c26b
57c26b
58c26c
59c26c
5ac26d
5bc26d
5cc26e
5dc26e
5ec26f
5fc26f
60c270
61c270
62c271
63c271
64c272
65c272
66c273
67c273
68c274
69c274
6ac275
6bc275
6cc276
6dc276
6ec277
6fc277
70c278
71c278
72c279
73c279
74c27a
75c27a
76c27b
77c27b
78c27c
79c27c
7ac27d
7bc27d
7cc27e
7dc27e
7ec27f
7fc27f
80c280
81c280
82c281
83c281
84c282
85c282
86c283
87c283
88c284
89c284
8ac285
8bc285
8cc286
8dc286
8ec287
8fc287
90c288
91c288
92c289
93c289
94c28a
95c28a
96c28b
97c28b
98c28c
99c28c
9ac28d
9bc28d
9cc28e
9dc28e
9ec28f
9fc28f
a0c290
a1c290
a2c291
a3c291
a4c292
a5c292
a6c293
a7c293
a8c294
a9c294
aac295
abc295
acc296
adc296
aec297
afc297
b0c298
b1c298
b2c299
b3c299
b4c29a
b5c29a
b6c29b
b7c29b
b8c29c
b9c29c
bac29d
bbc29d
bcc29e
bdc29e
bec29f
bfc29f
c0c2a0
c1c2a0
c2c2a1
c3c2a1
c4c2a2
c5c2a2
c6c2a3
c7c2a3
c8c2a4
c9c2a4
cac2a5
cbc2a5
ccc2a6
cdc2a6
cec2a7
cfc2a7
d0c2a8
d1c2a8
d2c2a9
d3c2a9
d4c2aa
d5c2aa
d6c2ab
d7c2ab
d8c2ac
d9c2ac
dac2ad
dbc2ad
dcc2ae
ddc2ae
dec2af
dfc2af
e0c2b0
e1c2b0
e2c2b1
e3c2b1
e4c2b2
e5c2b2
e6c2b3
e7c2b3
e8c2b4
e9c2b4
eac2b5
ebc2b5
ecc2b6
edc2b6
eec2b7
efc2b7
f0c2b8
f1c2b8
f2c2b9
f3c2b9
f4c2ba
f5c2ba
f6c2bb
f7c2bb
f8c2bc
f9c2bc
fac2bd
fbc2bd
fcc2be
fdc2be
eec2bf
afc2bf
50c2c0
11c2c0
02c2c1
03c2c1
04c2c2
05c2c2
06c2c3
07c2c3
08c2c4
09c2c4
0ac2c5
0bc2c5
0cc2c6
0dc2c6
0ec2c7
0fc2c7
10c2c8
11c2c8
12c2c9
13c2c9
14c2ca
15c2ca
16c2cb
17c2cb
18c2cc
19c2cc
1ac2cd
1bc2cd
1cc2ce
1dc2ce
1ec2cf
1fc2cf
20c2d0
21c2d0
22c2d1
23c2d1
24c2d2
25c2d2
26c2d3
27c2d3
28c2d4
29c2d4
2ac2d5
2bc2d5
2cc2d6
2dc2d6
2ec2d7
2fc2d7
30c2d8
31c2d8
32c2d9
33c2d9
34c2da
35c2da
36c2db
37c2db
38c2dc
39c2dc
3ac2dd
3bc2dd
3cc2de
3dc2de
000000
000000
000000
000000
02c341
03c341
04c342
05c342
06c343
07c343
08c344
09c344
0ac345
0bc345
0cc346
0dc346
0ec347
0fc347
10c348
11c348
12c349
13c349
14c34a
15c34a
16c34b
17c34b
18c34c
19c34c
1ac34d
1bc34d
1cc34e
1dc34e
1ec34f
1fc34f
20c350
21c350
22c351
23c351
24c352
25c352
26c353
27c353
28c354
29c354
2ac355
2bc355
2cc356
2dc356
2ec357
2fc357
30c358
31c358
32c359
33c359
34c35a
35c35a
36c35b
37c35b
38c35c
39c35c
3ac35d
3bc35d
3cc35e
3dc35e
3ec35f
3fc35f
40c360
41c360
42c361
43c361
44c362
45c362
46c363
47c363
48c364
49c364
4ac365
4bc365
4cc366
4dc366
4ec367
4fc367
50c368
51c368
52c369
53c369
54c36a
55c36a
56c36b
57c36b
58c36c
59c36c
5ac36d
5bc36d
5cc36e
5dc36e
5ec36f
5fc36f
60c370
61c370
62c371
63c371
64c372
65c372
66c373
67c373
68c374
69c374
6ac375
6bc375
6cc376
6dc376
6ec377
6fc377
70c378
71c378
72c379
73c379
74c37a
75c37a
76c37b
77c37b
78c37c
79c37c
7ac37d
7bc37d
7cc37e
7dc37e
7ec37f
7fc37f
80c380
81c380
82c381
83c381
84c382
85c382
86c383
87c383
88c384
89c384
8ac385
8bc385
8cc386
8dc386
8ec387
8fc387
90c388
91c388
92c389
93c389
94c38a
95c38a
96c38b
97c38b
98c38c
99c38c
9ac38d
9bc38d
9cc38e
9dc38e
9ec38f
9fc38f
a0c390
a1c390
a2c391
a3c391
a4c392
a5c392
a6c393
a7c393
a8c394
a9c394
aac395
abc395
acc396
adc396
aec397
afc397
b0c398
b1c398
b2c399
b3c399
b4c39a
b5c39a
b6c39b
b7c39b
b8c39c
b9c39c
bac39d
bbc39d
bcc39e
bdc39e
bec39f
bfc39f
c0c3a0
c1c3a0
c2c3a1
c3c3a1
c4c3a2
c5c3a2
c6c3a3
c7c3a3
c8c3a4
c9c3a4
cac3a5
cbc3a5
ccc3a6
cdc3a6
cec3a7
cfc3a7
d0c3a8
d1c3a8
d2c3a9
d3c3a9
d4c3aa
d5c3aa
d6c3ab
d7c3ab
d8c3ac
d9c3ac
dac3ad
dbc3ad
dcc3ae
ddc3ae
dec3af
dfc3af
e0c3b0
e1c3b0
e2c3b1
e3c3b1
e4c3b2
e5c3b2
e6c3b3
e7c3b3
e8c3b4
e9c3b4
eac3b5
ebc3b5
ecc3b6
edc3b6
eec3b7
efc3b7
f0c3b8
f1c3b8
f2c3b9
f3c3b9
f4c3ba
f5c3ba
f6c3bb
f7c3bb
f8c3bc
f9c3bc
fac3bd
fbc3bd
fcc3be
fdc3be
eec3bf
afc3bf
50c3c0
11c3c0
02c3c1
03c3c1
04c3c2
05c3c2
06c3c3
07c3c3
08c3c4
09c3c4
0ac3c5
0bc3c5
0cc3c6
0dc3c6
0ec3c7
0fc3c7
10c3c8
11c3c8
12c3c9
13c3c9
14c3ca
15c3ca
16c3cb
17c3cb
18c3cc
19c3cc
1ac3cd
1bc3cd
1cc3ce
1dc3ce
1ec3cf
1fc3cf
20c3d0
21c3d0
22c3d1
23c3d1
24c3d2
25c3d2
26c3d3
27c3d3
28c3d4
29c3d4
2ac3d5
2bc3d5
2cc3d6
2dc3d6
2ec3d7
2fc3d7
30c3d8
31c3d8
32c3d9
33c3d9
34c3da
35c3da
36c3db
37c3db
38c3dc
39c3dc
3ac3dd
3bc3dd
3cc3de
3dc3de
000000
000000
000000
000000
02c441
03c442
04c442
05c443
06c443
07c444
08c444
09c445
0ac445
0bc446
0cc446
0dc447
0ec447
0fc448
10c448
11c449
12c449
13c44a
14c44a
15c44b
16c44b
17c44c
18c44c
19c44d
1ac44d
1bc44e
1cc44e
1dc44f
1ec44f
1fc450
20c450
21c451
22c451
23c452
24c452
25c453
26c453
27c454
28c454
29c455
2ac455
2bc456
2cc456
2dc457
2ec457
2fc458
30c458
31c459
32c459
33c45a
34c45a
35c45b
36c45b
37c45c
38c45c
39c45d
3ac45d
3bc45e
3cc45e
3dc45f
3ec45f
3fc460
40c460
41c461
42c461
43c462
44c462
45c463
46c463
47c464
48c464
49c465
4ac465
4bc466
4cc466
4dc467
4ec467
4fc468
50c468
51c469
52c469
53c46a
54c46a
55c46b
56c46b
57c46c
58c46c
59c46d
5ac46d
5bc46e
5cc46e
5dc46f
5ec46f
5fc470
60c470
61c471
62c471
63c472
64c472
65c473
66c473
67c474
68c474
69c475
6ac475
6bc476
6cc476
6dc477
6ec477
6fc478
70c478
71c479
72c479
73c47a
74c47a
75c47b
76c47b
77c47c
78c47c
79c47d
7ac47d
7bc47e
7cc47e
7dc47f
7ec47f
7fc480
80c480
81c481
82c481
83c482
84c482
85c483
86c483
87c484
88c484
89c485
8ac485
8bc486
8cc486
8dc487
8ec487
8fc488
90c488
91c489
92c489
93c48a
94c48a
95c48b
96c48b
97c48c
98c48c
99c48d
9ac48d
9bc48e
9cc48e
9dc48f
9ec48f
9fc490
a0c490
a1c491
a2c491
a3c492
a4c492
a5c493
a6c493
a7c494
a8c494
a9c495
aac495
abc496
acc496
adc497
aec497
afc498
b0c498
b1c499
b2c499
b3c49a
b4c49a
b5c49b
b6c49b
b7c49c
b8c49c
b9c49d
bac49d
bbc49e
bcc49e
bdc49f
bec49f
bfc4a0
c0c4a0
c1c4a1
c2c4a1
c3c4a2
c4c4a2
c5c4a3
c6c4a3
c7c4a4
c8c4a4
c9c4a5
cac4a5
cbc4a6
ccc4a6
cdc4a7
cec4a7
cfc4a8
d0c4a8
d1c4a9
d2c4a9
d3c4aa
d4c4aa
d5c4ab
d6c4ab
d7c4ac
d8c4ac
d9c4ad
dac4ad
dbc4ae
dcc4ae
ddc4af
dec4af
dfc4b0
e0c4b0
e1c4b1
e2c4b1
e3c4b2
e4c4b2
e5c4b3
e6c4b3
e7c4b4
e8c4b4
e9c4b5
eac4b5
ebc4b6
ecc4b6
edc4b7
eec4b7
efc4b8
f0c4b8
f1c4b9
f2c4b9
f3c4ba
f4c4ba
f5c4bb
f6c4bb
f7c4bc
f8c4bc
f9c4bd
fac4bd
fbc4be
fcc4be
fdc4bf
eec4bf
afc4c0
50c4c0
11c4c1
02c4c1
03c4c2
04c4c2
05c4c3
06c4c3
07c4c4
08c4c4
09c4c5
0ac4c5
0bc4c6
0cc4c6
0dc4c7
0ec4c7
0fc4c8
10c4c8
11c4c9
12c4c9
13c4ca
14c4ca
15c4cb
16c4cb
17c4cc
18c4cc
19c4cd
1ac4cd
1bc4ce
1cc4ce
1dc4cf
1ec4cf
1fc4d0
20c4d0
21c4d1
22c4d1
23c4d2
24c4d2
25c4d3
26c4d3
27c4d4
28c4d4
29c4d5
2ac4d5
2bc4d6
2cc4d6
2dc4d7
2ec4d7
2fc4d8
30c4d8
31c4d9
32c4d9
33c4da
34c4da
35c4db
36c4db
37c4dc
38c4dc
39c4dd
3ac4dd
3bc4de
3cc4de
3dc4df
000000
000000
000000
000000
02c542
03c542
04c543
05c543
06c544
07c544
08c545
09c545
0ac546
0bc546
0cc547
0dc547
0ec548
0fc548
10c549
11c549
12c54a
13c54a
14c54b
15c54b
16c54c
17c54c
18c54d
19c54d
1ac54e
1bc54e
1cc54f
1dc54f
1ec550
1fc550
20c551
21c551
22c552
23c552
24c553
25c553
26c554
27c554
28c555
29c555
2ac556
2bc556
2cc557
2dc557
2ec558
2fc558
30c559
31c559
32c55a
33c55a
34c55b
35c55b
36c55c
37c55c
38c55d
39c55d
3ac55e
3bc55e
3cc55f
3dc55f
3ec560
3fc560
40c561
41c561
42c562
43c562
44c563
45c563
46c564
47c564
48c565
49c565
4ac566
4bc566
4cc567
4dc567
4ec568
4fc568
50c569
51c569
52c56a
53c56a
54c56b
55c56b
56c56c
57c56c
58c56d
59c56d
5ac56e
5bc56e
5cc56f
5dc56f
5ec570
5fc570
60c571
61c571
62c572
63c572
64c573
65c573
66c574
67c574
68c575
69c575
6ac576
6bc576
6cc577
6dc577
6ec578
6fc578
70c579
71c579
72c57a
73c57a
74c57b
75c57b
76c57c
77c57c
78c57d
79c57d
7ac57e
7bc57e
7cc57f
7dc57f
7ec580
7fc580
80c581
81c581
82c582
83c582
84c583
85c583
86c584
87c584
88c585
89c585
8ac586
8bc586
8cc587
8dc587
8ec588
8fc588
90c589
91c589
92c58a
93c58a
94c58b
95c58b
96c58c
97c58c
98c58d
99c58d
9ac58e
9bc58e
9cc58f
9dc58f
9ec590
9fc590
a0c591
a1c591
a2c592
a3c592
a4c593
a5c593
a6c594
a7c594
a8c595
a9c595
aac596
abc596
acc597
adc597
aec598
afc598
b0c599
b1c599
b2c59a
b3c59a
b4c59b
b5c59b
b6c59c
b7c59c
b8c59d
b9c59d
bac59e
bbc59e
bcc59f
bdc59f
bec5a0
bfc5a0
c0c5a1
c1c5a1
c2c5a2
c3c5a2
c4c5a3
c5c5a3
c6c5a4
c7c5a4
c8c5a5
c9c5a5
cac5a6
cbc5a6
ccc5a7
cdc5a7
cec5a8
cfc5a8
d0c5a9
d1c5a9
d2c5aa
d3c5aa
d4c5ab
d5c5ab
d6c5ac
d7c5ac
d8c5ad
d9c5ad
dac5ae
dbc5ae
dcc5af
ddc5af
dec5b0
dfc5b0
e0c5b1
e1c5b1
e2c5b2
e3c5b2
e4c5b3
e5c5b3
e6c5b4
e7c5b4
e8c5b5
e9c5b5
eac5b6
ebc5b6
ecc5b7
edc5b7
eec5b8
efc5b8
f0c5b9
f1c5b9
f2c5ba
f3c5ba
f4c5bb
f5c5bb
f6c5bc
f7c5bc
f8c5bd
f9c5bd
fac5be
fbc5be
fcc5bf
fdc5bf
eec5c0
afc5c0
50c5c1
11c5c1
02c5c2
03c5c2
04c5c3
05c5c3
06c5c4
07c5c4
08c5c5
09c5c5
0ac5c6
0bc5c6
0cc5c7
0dc5c7
0ec5c8
0fc5c8
10c5c9
11c5c9
12c5ca
13c5ca
14c5cb
15c5cb
16c5cc
17c5cc
18c5cd
19c5cd
1ac5ce
1bc5ce
1cc5cf
1dc5cf
1ec5d0
1fc5d0
20c5d1
21c5d1
22c5d2
23c5d2
24c5d3
25c5d3
26c5d4
27c5d4
28c5d5
29c5d5
2ac5d6
2bc5d6
2cc5d7
2dc5d7
2ec5d8
2fc5d8
30c5d9
31c5d9
32c5da
33c5da
34c5db
35c5db
36c5dc
37c5dc
38c5dd
39c5dd
3ac5de
3bc5de
3cc5df
3dc5df
000000
000000
000000
000000
02c642
03c642
04c643
05c643
06c644
07c644
08c645
09c645
0ac646
0bc646
0cc647
0dc647
0ec648
0fc648
10c649
11c649
12c64a
13c64a
14c64b
15c64b
16c64c
17c64c
18c64d
19c64d
1ac64e
1bc64e
1cc64f
1dc64f
1ec650
1fc650
20c651
21c651
22c652
23c652
24c653
25c653
26c654
27c654
28c655
29c655
2ac656
2bc656
2cc657
2dc657
2ec658
2fc658
30c659
31c659
32c65a
33c65a
34c65b
35c65b
36c65c
37c65c
38c65d
39c65d
3ac65e
3bc65e
3cc65f
3dc65f
3ec660
3fc660
40c661
41c661
42c662
43c662
44c663
45c663
46c664
47c664
48c665
49c665
4ac666
4bc666
4cc667
4dc667
4ec668
4fc668
50c669
51c669
52c66a
53c66a
54c66b
55c66b
56c66c
57c66c
58c66d
59c66d
5ac66e
5bc66e
5cc66f
5dc66f
5ec670
5fc670
60c671
61c671
62c672
63c672
64c673
65c673
66c674
67c674
68c675
69c675
6ac676
6bc676
6cc677
6dc677
6ec678
6fc678
70c679
71c679
72c67a
73c67a
74c67b
75c67b
76c67c
77c67c
78c67d
79c67d
7ac67e
7bc67e
7cc67f
7dc67f
7ec680
7fc680
80c681
81c681
82c682
83c682
84c683
85c683
86c684
87c684
88c685
89c685
8ac686
8bc686
8cc687
8dc687
8ec688
8fc688
90c689
91c689
92c68a
93c68a
94c68b
95c68b
96c68c
97c68c
98c68d
99c68d
9ac68e
9bc68e
9cc68f
9dc68f
9ec690
9fc690
a0c691
a1c691
a2c692
a3c692
a4c693
a5c693
a6c694
a7c694
a8c695
a9c695
aac696
abc696
acc697
adc697
aec698
afc698
b0c699
b1c699
b2c69a
b3c69a
b4c69b
b5c69b
b6c69c
b7c69c
b8c69d
b9c69d
bac69e
bbc69e
bcc69f
bdc69f
bec6a0
bfc6a0
c0c6a1
c1c6a1
c2c6a2
c3c6a2
c4c6a3
c5c6a3
c6c6a4
c7c6a4
c8c6a5
c9c6a5
cac6a6
cbc6a6
ccc6a7
cdc6a7
cec6a8
cfc6a8
d0c6a9
d1c6a9
d2c6aa
d3c6aa
d4c6ab
d5c6ab
d6c6ac
d7c6ac
d8c6ad
d9c6ad
dac6ae
dbc6ae
dcc6af
ddc6af
dec6b0
dfc6b0
e0c6b1
e1c6b1
e2c6b2
e3c6b2
e4c6b3
e5c6b3
e6c6b4
e7c6b4
e8c6b5
e9c6b5
eac6b6
ebc6b6
ecc6b7
edc6b7
eec6b8
efc6b8
f0c6b9
f1c6b9
f2c6ba
f3c6ba
f4c6bb
f5c6bb
f6c6bc
f7c6bc
f8c6bd
f9c6bd
fac6be
fbc6be
fcc6bf
fdc6bf
eec6c0
afc6c0
50c6c1
11c6c1
02c6c2
03c6c2
04c6c3
05c6c3
06c6c4
07c6c4
08c6c5
09c6c5
0ac6c6
0bc6c6
0cc6c7
0dc6c7
0ec6c8
0fc6c8
10c6c9
11c6c9
12c6ca
13c6ca
14c6cb
15c6cb
16c6cc
17c6cc
18c6cd
19c6cd
1ac6ce
1bc6ce
1cc6cf
1dc6cf
1ec6d0
1fc6d0
20c6d1
21c6d1
22c6d2
23c6d2
24c6d3
25c6d3
26c6d4
27c6d4
28c6d5
29c6d5
2ac6d6
2bc6d6
2cc6d7
2dc6d7
2ec6d8
2fc6d8
30c6d9
31c6d9
32c6da
33c6da
34c6db
35c6db
36c6dc
37c6dc
38c6dd
39c6dd
3ac6de
3bc6de
3cc6df
3dc6df
000000
000000
000000
000000
02c742
03c743
04c743
05c744
06c744
07c745
08c745
09c746
0ac746
0bc747
0cc747
0dc748
0ec748
0fc749
10c749
11c74a
12c74a
13c74b
14c74b
15c74c
16c74c
17c74d
18c74d
19c74e
1ac74e
1bc74f
1cc74f
1dc750
1ec750
1fc751
20c751
21c752
22c752
23c753
24c753
25c754
26c754
27c755
28c755
29c756
2ac756
2bc757
2cc757
2dc758
2ec758
2fc759
30c759
31c75a
32c75a
33c75b
34c75b
35c75c
36c75c
37c75d
38c75d
39c75e
3ac75e
3bc75f
3cc75f
3dc760
3ec760
3fc761
40c761
41c762
42c762
43c763
44c763
45c764
46c764
47c765
48c765
49c766
4ac766
4bc767
4cc767
4dc768
4ec768
4fc769
50c769
51c76a
52c76a
53c76b
54c76b
55c76c
56c76c
57c76d
58c76d
59c76e
5ac76e
5bc76f
5cc76f
5dc770
5ec770
5fc771
60c771
61c772
62c772
63c773
64c773
65c774
66c774
67c775
68c775
69c776
6ac776
6bc777
6cc777
6dc778
6ec778
6fc779
70c779
71c77a
72c77a
73c77b
74c77b
75c77c
76c77c
77c77d
78c77d
79c77e
7ac77e
7bc77f
7cc77f
7dc780
7ec780
7fc781
80c781
81c782
82c782
83c783
84c783
85c784
86c784
87c785
88c785
89c786
8ac786
8bc787
8cc787
8dc788
8ec788
8fc789
90c789
91c78a
92c78a
93c78b
94c78b
95c78c
96c78c
97c78d
98c78d
99c78e
9ac78e
9bc78f
9cc78f
9dc790
9ec790
9fc791
a0c791
a1c792
a2c792
a3c793
a4c793
a5c794
a6c794
a7c795
a8c795
a9c796
aac796
abc797
acc797
adc798
aec798
afc799
b0c799
b1c79a
b2c79a
b3c79b
b4c79b
b5c79c
b6c79c
b7c79d
b8c79d
b9c79e
bac79e
bbc79f
bcc79f
bdc7a0
bec7a0
bfc7a1
c0c7a1
c1c7a2
c2c7a2
c3c7a3
c4c7a3
c5c7a4
c6c7a4
c7c7a5
c8c7a5
c9c7a6
cac7a6
cbc7a7
ccc7a7
cdc7a8
cec7a8
cfc7a9
d0c7a9
d1c7aa
d2c7aa
d3c7ab
d4c7ab
d5c7ac
d6c7ac
d7c7ad
d8c7ad
d9c7ae
dac7ae
dbc7af
dcc7af
ddc7b0
dec7b0
dfc7b1
e0c7b1
e1c7b2
e2c7b2
e3c7b3
e4c7b3
e5c7b4
e6c7b4
e7c7b5
e8c7b5
e9c7b6
eac7b6
ebc7b7
ecc7b7
edc7b8
eec7b8
efc7b9
f0c7b9
f1c7ba
f2c7ba
f3c7bb
f4c7bb
f5c7bc
f6c7bc
f7c7bd
f8c7bd
f9c7be
fac7be
fbc7bf
fcc7bf
fdc7c0
eec7c0
afc7c1
50c7c1
11c7c2
02c7c2
03c7c3
04c7c3
05c7c4
06c7c4
07c7c5
08c7c5
09c7c6
0ac7c6
0bc7c7
0cc7c7
0dc7c8
0ec7c8
0fc7c9
10c7c9
11c7ca
12c7ca
13c7cb
14c7cb
15c7cc
16c7cc
17c7cd
18c7cd
19c7ce
1ac7ce
1bc7cf
1cc7cf
1dc7d0
1ec7d0
1fc7d1
20c7d1
21c7d2
22c7d2
23c7d3
24c7d3
25c7d4
26c7d4
27c7d5
28c7d5
29c7d6
2ac7d6
2bc7d7
2cc7d7
2dc7d8
2ec7d8
2fc7d9
30c7d9
31c7da
32c7da
33c7db
34c7db
35c7dc
36c7dc
37c7dd
38c7dd
39c7de
3ac7de
3bc7df
3cc7df
3dc7e0
000000
000000
000000
000000
02c843
03c843
04c844
05c844
06c845
07c845
08c846
09c846
0ac847
0bc847
0cc848
0dc848
0ec849
0fc849
10c84a
11c84a
12c84b
13c84b
14c84c
15c84c
16c84d
17c84d
18c84e
19c84e
1ac84f
1bc84f
1cc850
1dc850
1ec851
1fc851
20c852
21c852
22c853
23c853
24c854
25c854
26c855
27c855
28c856
29c856
2ac857
2bc857
2cc858
2dc858
2ec859
2fc859
30c85a
31c85a
32c85b
33c85b
34c85c
35c85c
36c85d
37c85d
38c85e
39c85e
3ac85f
3bc85f
3cc860
3dc860
3ec861
3fc861
40c862
41c862
42c863
43c863
44c864
45c864
46c865
47c865
48c866
49c866
4ac867
4bc867
4cc868
4dc868
4ec869
4fc869
50c86a
51c86a
52c86b
53c86b
54c86c
55c86c
56c86d
57c86d
58c86e
59c86e
5ac86f
5bc86f
5cc870
5dc870
5ec871
5fc871
60c872
61c872
62c873
63c873
64c874
65c874
66c875
67c875
68c876
69c876
6ac877
6bc877
6cc878
6dc878
6ec879
6fc879
70c87a
71c87a
72c87b
73c87b
74c87c
75c87c
76c87d
77c87d
78c87e
79c87e
7ac87f
7bc87f
7cc880
7dc880
7ec881
7fc881
80c882
81c882
82c883
83c883
84c884
85c884
86c885
87c885
88c886
89c886
8ac887
8bc887
8cc888
8dc888
8ec889
8fc889
90c88a
91c88a
92c88b
93c88b
94c88c
95c88c
96c88d
97c88d
98c88e
99c88e
9ac88f
9bc88f
9cc890
9dc890
9ec891
9fc891
a0c892
a1c892
a2c893
a3c893
a4c894
a5c894
a6c895
a7c895
a8c896
a9c896
aac897
abc897
acc898
adc898
aec899
afc899
b0c89a
b1c89a
b2c89b
b3c89b
b4c89c
b5c89c
b6c89d
b7c89d
b8c89e
b9c89e
bac89f
bbc89f
bcc8a0
bdc8a0
bec8a1
bfc8a1
c0c8a2
c1c8a2
c2c8a3
c3c8a3
c4c8a4
c5c8a4
c6c8a5
c7c8a5
c8c8a6
c9c8a6
cac8a7
cbc8a7
ccc8a8
cdc8a8
cec8a9
cfc8a9
d0c8aa
d1c8aa
d2c8ab
d3c8ab
d4c8ac
d5c8ac
d6c8ad
d7c8ad
d8c8ae
d9c8ae
dac8af
dbc8af
dcc8b0
ddc8b0
dec8b1
dfc8b1
e0c8b2
e1c8b2
e2c8b3
e3c8b3
e4c8b4
e5c8b4
e6c8b5
e7c8b5
e8c8b6
e9c8b6
eac8b7
ebc8b7
ecc8b8
edc8b8
eec8b9
efc8b9
f0c8ba
f1c8ba
f2c8bb
f3c8bb
f4c8bc
f5c8bc
f6c8bd
f7c8bd
f8c8be
f9c8be
fac8bf
fbc8bf
fcc8c0
fdc8c0
eec8c1
afc8c1
50c8c2
11c8c2
02c8c3
03c8c3
04c8c4
05c8c4
06c8c5
07c8c5
08c8c6
09c8c6
0ac8c7
0bc8c7
0cc8c8
0dc8c8
0ec8c9
0fc8c9
10c8ca
11c8ca
12c8cb
13c8cb
14c8cc
15c8cc
16c8cd
17c8cd
18c8ce
19c8ce
1ac8cf
1bc8cf
1cc8d0
1dc8d0
1ec8d1
1fc8d1
20c8d2
21c8d2
22c8d3
23c8d3
24c8d4
25c8d4
26c8d5
27c8d5
28c8d6
29c8d6
2ac8d7
2bc8d7
2cc8d8
2dc8d8
2ec8d9
2fc8d9
30c8da
31c8da
32c8db
33c8db
34c8dc
35c8dc
36c8dd
37c8dd
38c8de
39c8de
3ac8df
3bc8df
3cc8e0
3dc8e0
000000
000000
000000
000000
02c943
03c943
04c944
05c944
06c945
07c945
08c946
09c946
0ac947
0bc947
0cc948
0dc948
0ec949
0fc949
10c94a
11c94a
12c94b
13c94b
14c94c
15c94c
16c94d
17c94d
18c94e
19c94e
1ac94f
1bc94f
1cc950
1dc950
1ec951
1fc951
20c952
21c952
22c953
23c953
24c954
25c954
26c955
27c955
28c956
29c956
2ac957
2bc957
2cc958
2dc958
2ec959
2fc959
30c95a
31c95a
32c95b
33c95b
34c95c
35c95c
36c95d
37c95d
38c95e
39c95e
3ac95f
3bc95f
3cc960
3dc960
3ec961
3fc961
40c962
41c962
42c963
43c963
44c964
45c964
46c965
47c965
48c966
49c966
4ac967
4bc967
4cc968
4dc968
4ec969
4fc969
50c96a
51c96a
52c96b
53c96b
54c96c
55c96c
56c96d
57c96d
58c96e
59c96e
5ac96f
5bc96f
5cc970
5dc970
5ec971
5fc971
60c972
61c972
62c973
63c973
64c974
65c974
66c975
67c975
68c976
69c976
6ac977
6bc977
6cc978
6dc978
6ec979
6fc979
70c97a
71c97a
72c97b
73c97b
74c97c
75c97c
76c97d
77c97d
78c97e
79c97e
7ac97f
7bc97f
7cc980
7dc980
7ec981
7fc981
80c982
81c982
82c983
83c983
84c984
85c984
86c985
87c985
88c986
89c986
8ac987
8bc987
8cc988
8dc988
8ec989
8fc989
90c98a
91c98a
92c98b
93c98b
94c98c
95c98c
96c98d
97c98d
98c98e
99c98e
9ac98f
9bc98f
9cc990
9dc990
9ec991
9fc991
a0c992
a1c992
a2c993
a3c993
a4c994
a5c994
a6c995
a7c995
a8c996
a9c996
aac997
abc997
acc998
adc998
aec999
afc999
b0c99a
b1c99a
b2c99b
b3c99b
b4c99c
b5c99c
b6c99d
b7c99d
b8c99e
b9c99e
bac99f
bbc99f
bcc9a0
bdc9a0
bec9a1
bfc9a1
c0c9a2
c1c9a2
c2c9a3
c3c9a3
c4c9a4
c5c9a4
c6c9a5
c7c9a5
c8c9a6
c9c9a6
cac9a7
cbc9a7
ccc9a8
cdc9a8
cec9a9
cfc9a9
d0c9aa
d1c9aa
d2c9ab
d3c9ab
d4c9ac
d5c9ac
d6c9ad
d7c9ad
d8c9ae
d9c9ae
dac9af
dbc9af
dcc9b0
ddc9b0
dec9b1
dfc9b1
e0c9b2
e1c9b2
e2c9b3
e3c9b3
e4c9b4
e5c9b4
e6c9b5
e7c9b5
e8c9b6
e9c9b6
eac9b7
ebc9b7
ecc9b8
edc9b8
eec9b9
efc9b9
f0c9ba
f1c9ba
f2c9bb
f3c9bb
f4c9bc
f5c9bc
f6c9bd
f7c9bd
f8c9be
f9c9be
fac9bf
fbc9bf
fcc9c0
fdc9c0
eec9c1
afc9c1
50c9c2
11c9c2
02c9c3
03c9c3
04c9c4
05c9c4
06c9c5
07c9c5
08c9c6
09c9c6
0ac9c7
0bc9c7
0cc9c8
0dc9c8
0ec9c9
0fc9c9
10c9ca
11c9ca
12c9cb
13c9cb
14c9cc
15c9cc
16c9cd
17c9cd
18c9ce
19c9ce
1ac9cf
1bc9cf
1cc9d0
1dc9d0
1ec9d1
1fc9d1
20c9d2
21c9d2
22c9d3
23c9d3
24c9d4
25c9d4
26c9d5
27c9d5
28c9d6
29c9d6
2ac9d7
2bc9d7
2cc9d8
2dc9d8
2ec9d9
2fc9d9
30c9da
31c9da
32c9db
33c9db
34c9dc
35c9dc
36c9dd
37c9dd
38c9de
39c9de
3ac9df
3bc9df
3cc9e0
3dc9e0
000000
000000
000000
000000
02ca43
03ca44
04ca44
05ca45
06ca45
07ca46
08ca46
09ca47
0aca47
0bca48
0cca48
0dca49
0eca49
0fca4a
10ca4a
11ca4b
12ca4b
13ca4c
14ca4c
15ca4d
16ca4d
17ca4e
18ca4e
19ca4f
1aca4f
1bca50
1cca50
1dca51
1eca51
1fca52
20ca52
21ca53
22ca53
23ca54
24ca54
25ca55
26ca55
27ca56
28ca56
29ca57
2aca57
2bca58
2cca58
2dca59
2eca59
2fca5a
30ca5a
31ca5b
32ca5b
33ca5c
34ca5c
35ca5d
36ca5d
37ca5e
38ca5e
39ca5f
3aca5f
3bca60
3cca60
3dca61
3eca61
3fca62
40ca62
41ca63
42ca63
43ca64
44ca64
45ca65
46ca65
47ca66
48ca66
49ca67
4aca67
4bca68
4cca68
4dca69
4eca69
4fca6a
50ca6a
51ca6b
52ca6b
53ca6c
54ca6c
55ca6d
56ca6d
57ca6e
58ca6e
59ca6f
5aca6f
5bca70
5cca70
5dca71
5eca71
5fca72
60ca72
61ca73
62ca73
63ca74
64ca74
65ca75
66ca75
67ca76
68ca76
69ca77
6aca77
6bca78
6cca78
6dca79
6eca79
6fca7a
70ca7a
71ca7b
72ca7b
73ca7c
74ca7c
75ca7d
76ca7d
77ca7e
78ca7e
79ca7f
7aca7f
7bca80
7cca80
7dca81
7eca81
7fca82
80ca82
81ca83
82ca83
83ca84
84ca84
85ca85
86ca85
87ca86
88ca86
89ca87
8aca87
8bca88
8cca88
8dca89
8eca89
8fca8a
90ca8a
91ca8b
92ca8b
93ca8c
94ca8c
95ca8d
96ca8d
97ca8e
98ca8e
99ca8f
9aca8f
9bca90
9cca90
9dca91
9eca91
9fca92
a0ca92
a1ca93
a2ca93
a3ca94
a4ca94
a5ca95
a6ca95
a7ca96
a8ca96
a9ca97
aaca97
abca98
acca98
adca99
aeca99
afca9a
b0ca9a
b1ca9b
b2ca9b
b3ca9c
b4ca9c
b5ca9d
b6ca9d
b7ca9e
b8ca9e
b9ca9f
baca9f
bbcaa0
bccaa0
bdcaa1
becaa1
bfcaa2
c0caa2
c1caa3
c2caa3
c3caa4
c4caa4
c5caa5
c6caa5
c7caa6
c8caa6
c9caa7
cacaa7
cbcaa8
cccaa8
cdcaa9
cecaa9
cfcaaa
d0caaa
d1caab
d2caab
d3caac
d4caac
d5caad
d6caad
d7caae
d8caae
d9caaf
dacaaf
dbcab0
dccab0
ddcab1
decab1
dfcab2
e0cab2
e1cab3
e2cab3
e3cab4
e4cab4
e5cab5
e6cab5
e7cab6
e8cab6
e9cab7
eacab7
ebcab8
eccab8
edcab9
eecab9
efcaba
f0caba
f1cabb
f2cabb
f3cabc
f4cabc
f5cabd
f6cabd
f7cabe
f8cabe
f9cabf
facabf
fbcac0
fccac0
fdcac1
eecac1
afcac2
50cac2
11cac3
02cac3
03cac4
04cac4
05cac5
06cac5
07cac6
08cac6
09cac7
0acac7
0bcac8
0ccac8
0dcac9
0ecac9
0fcaca
10caca
11cacb
12cacb
13cacc
14cacc
15cacd
16cacd
17cace
18cace
19cacf
1acacf
1bcad0
1ccad0
1dcad1
1ecad1
1fcad2
20cad2
21cad3
22cad3
23cad4
24cad4
25cad5
26cad5
27cad6
28cad6
29cad7
2acad7
2bcad8
2ccad8
2dcad9
2ecad9
2fcada
30cada
31cadb
32cadb
33cadc
34cadc
35cadd
36cadd
37cade
38cade
39cadf
3acadf
3bcae0
3ccae0
3dcae1
000000
000000
000000
000000
02cb44
03cb44
04cb45
05cb45
06cb46
07cb46
08cb47
09cb47
0acb48
0bcb48
0ccb49
0dcb49
0ecb4a
0fcb4a
10cb4b
11cb4b
12cb4c
13cb4c
14cb4d
15cb4d
16cb4e
17cb4e
18cb4f
19cb4f
1acb50
1bcb50
1ccb51
1dcb51
1ecb52
1fcb52
20cb53
21cb53
22cb54
23cb54
24cb55
25cb55
26cb56
27cb56
28cb57
29cb57
2acb58
2bcb58
2ccb59
2dcb59
2ecb5a
2fcb5a
30cb5b
31cb5b
32cb5c
33cb5c
34cb5d
35cb5d
36cb5e
37cb5e
38cb5f
39cb5f
3acb60
3bcb60
3ccb61
3dcb61
3ecb62
3fcb62
40cb63
41cb63
42cb64
43cb64
44cb65
45cb65
46cb66
47cb66
48cb67
49cb67
4acb68
4bcb68
4ccb69
4dcb69
4ecb6a
4fcb6a
50cb6b
51cb6b
52cb6c
53cb6c
54cb6d
55cb6d
56cb6e
57cb6e
58cb6f
59cb6f
5acb70
5bcb70
5ccb71
5dcb71
5ecb72
5fcb72
60cb73
61cb73
62cb74
63cb74
64cb75
65cb75
66cb76
67cb76
68cb77
69cb77
6acb78
6bcb78
6ccb79
6dcb79
6ecb7a
6fcb7a
70cb7b
71cb7b
72cb7c
73cb7c
74cb7d
75cb7d
76cb7e
77cb7e
78cb7f
79cb7f
7acb80
7bcb80
7ccb81
7dcb81
7ecb82
7fcb82
80cb83
81cb83
82cb84
83cb84
84cb85
85cb85
86cb86
87cb86
88cb87
89cb87
8acb88
8bcb88
8ccb89
8dcb89
8ecb8a
8fcb8a
90cb8b
91cb8b
92cb8c
93cb8c
94cb8d
95cb8d
96cb8e
97cb8e
98cb8f
99cb8f
9acb90
9bcb90
9ccb91
9dcb91
9ecb92
9fcb92
a0cb93
a1cb93
a2cb94
a3cb94
a4cb95
a5cb95
a6cb96
a7cb96
a8cb97
a9cb97
aacb98
abcb98
accb99
adcb99
aecb9a
afcb9a
b0cb9b
b1cb9b
b2cb9c
b3cb9c
b4cb9d
b5cb9d
b6cb9e
b7cb9e
b8cb9f
b9cb9f
bacba0
bbcba0
bccba1
bdcba1
becba2
bfcba2
c0cba3
c1cba3
c2cba4
c3cba4
c4cba5
c5cba5
c6cba6
c7cba6
c8cba7
c9cba7
cacba8
cbcba8
cccba9
cdcba9
cecbaa
cfcbaa
d0cbab
d1cbab
d2cbac
d3cbac
d4cbad
d5cbad
d6cbae
d7cbae
d8cbaf
d9cbaf
dacbb0
dbcbb0
dccbb1
ddcbb1
decbb2
dfcbb2
e0cbb3
e1cbb3
e2cbb4
e3cbb4
e4cbb5
e5cbb5
e6cbb6
e7cbb6
e8cbb7
e9cbb7
eacbb8
ebcbb8
eccbb9
edcbb9
eecbba
efcbba
f0cbbb
f1cbbb
f2cbbc
f3cbbc
f4cbbd
f5cbbd
f6cbbe
f7cbbe
f8cbbf
f9cbbf
facbc0
fbcbc0
fccbc1
fdcbc1
eecbc2
afcbc2
50cbc3
11cbc3
02cbc4
03cbc4
04cbc5
05cbc5
06cbc6
07cbc6
08cbc7
09cbc7
0acbc8
0bcbc8
0ccbc9
0dcbc9
0ecbca
0fcbca
10cbcb
11cbcb
12cbcc
13cbcc
14cbcd
15cbcd
16cbce
17cbce
18cbcf
19cbcf
1acbd0
1bcbd0
1ccbd1
1dcbd1
1ecbd2
1fcbd2
20cbd3
21cbd3
22cbd4
23cbd4
24cbd5
25cbd5
26cbd6
27cbd6
28cbd7
29cbd7
2acbd8
2bcbd8
2ccbd9
2dcbd9
2ecbda
2fcbda
30cbdb
31cbdb
32cbdc
33cbdc
34cbdd
35cbdd
36cbde
37cbde
38cbdf
39cbdf
3acbe0
3bcbe0
3ccbe1
3dcbe1
000000
000000
000000
000000
02cc44
03cc44
04cc45
05cc45
06cc46
07cc46
08cc47
09cc47
0acc48
0bcc48
0ccc49
0dcc49
0ecc4a
0fcc4a
10cc4b
11cc4b
12cc4c
13cc4c
14cc4d
15cc4d
16cc4e
17cc4e
18cc4f
19cc4f
1acc50
1bcc50
1ccc51
1dcc51
1ecc52
1fcc52
20cc53
21cc53
22cc54
23cc54
24cc55
25cc55
26cc56
27cc56
28cc57
29cc57
2acc58
2bcc58
2ccc59
2dcc59
2ecc5a
2fcc5a
30cc5b
31cc5b
32cc5c
33cc5c
34cc5d
35cc5d
36cc5e
37cc5e
38cc5f
39cc5f
3acc60
3bcc60
3ccc61
3dcc61
3ecc62
3fcc62
40cc63
41cc63
42cc64
43cc64
44cc65
45cc65
46cc66
47cc66
48cc67
49cc67
4acc68
4bcc68
4ccc69
4dcc69
4ecc6a
4fcc6a
50cc6b
51cc6b
52cc6c
53cc6c
54cc6d
55cc6d
56cc6e
57cc6e
58cc6f
59cc6f
5acc70
5bcc70
5ccc71
5dcc71
5ecc72
5fcc72
60cc73
61cc73
62cc74
63cc74
64cc75
65cc75
66cc76
67cc76
68cc77
69cc77
6acc78
6bcc78
6ccc79
6dcc79
6ecc7a
6fcc7a
70cc7b
71cc7b
72cc7c
73cc7c
74cc7d
75cc7d
76cc7e
77cc7e
78cc7f
79cc7f
7acc80
7bcc80
7ccc81
7dcc81
7ecc82
7fcc82
80cc83
81cc83
82cc84
83cc84
84cc85
85cc85
86cc86
87cc86
88cc87
89cc87
8acc88
8bcc88
8ccc89
8dcc89
8ecc8a
8fcc8a
90cc8b
91cc8b
92cc8c
93cc8c
94cc8d
95cc8d
96cc8e
97cc8e
98cc8f
99cc8f
9acc90
9bcc90
9ccc91
9dcc91
9ecc92
9fcc92
a0cc93
a1cc93
a2cc94
a3cc94
a4cc95
a5cc95
a6cc96
a7cc96
a8cc97
a9cc97
aacc98
abcc98
accc99
adcc99
aecc9a
afcc9a
b0cc9b
b1cc9b
b2cc9c
b3cc9c
b4cc9d
b5cc9d
b6cc9e
b7cc9e
b8cc9f
b9cc9f
bacca0
bbcca0
bccca1
bdcca1
becca2
bfcca2
c0cca3
c1cca3
c2cca4
c3cca4
c4cca5
c5cca5
c6cca6
c7cca6
c8cca7
c9cca7
cacca8
cbcca8
cccca9
cdcca9
ceccaa
cfccaa
d0ccab
d1ccab
d2ccac
d3ccac
d4ccad
d5ccad
d6ccae
d7ccae
d8ccaf
d9ccaf
daccb0
dbccb0
dcccb1
ddccb1
deccb2
dfccb2
e0ccb3
e1ccb3
e2ccb4
e3ccb4
e4ccb5
e5ccb5
e6ccb6
e7ccb6
e8ccb7
e9ccb7
eaccb8
ebccb8
ecccb9
edccb9
eeccba
efccba
f0ccbb
f1ccbb
f2ccbc
f3ccbc
f4ccbd
f5ccbd
f6ccbe
f7ccbe
f8ccbf
f9ccbf
faccc0
fbccc0
fcccc1
fdccc1
eeccc2
afccc2
50ccc3
11ccc3
02ccc4
03ccc4
04ccc5
05ccc5
06ccc6
07ccc6
08ccc7
09ccc7
0accc8
0bccc8
0cccc9
0dccc9
0eccca
0fccca
10cccb
11cccb
12cccc
13cccc
14cccd
15cccd
16ccce
17ccce
18cccf
19cccf
1accd0
1bccd0
1cccd1
1dccd1
1eccd2
1fccd2
20ccd3
21ccd3
22ccd4
23ccd4
24ccd5
25ccd5
26ccd6
27ccd6
28ccd7
29ccd7
2accd8
2bccd8
2cccd9
2dccd9
2eccda
2fccda
30ccdb
31ccdb
32ccdc
33ccdc
34ccdd
35ccdd
36ccde
37ccde
38ccdf
39ccdf
3acce0
3bcce0
3ccce1
3dcce1
000000
000000
000000
000000
02cd44
03cd45
04cd45
05cd46
06cd46
07cd47
08cd47
09cd48
0acd48
0bcd49
0ccd49
0dcd4a
0ecd4a
0fcd4b
10cd4b
11cd4c
12cd4c
13cd4d
14cd4d
15cd4e
16cd4e
17cd4f
18cd4f
19cd50
1acd50
1bcd51
1ccd51
1dcd52
1ecd52
1fcd53
20cd53
21cd54
22cd54
23cd55
24cd55
25cd56
26cd56
27cd57
28cd57
29cd58
2acd58
2bcd59
2ccd59
2dcd5a
2ecd5a
2fcd5b
30cd5b
31cd5c
32cd5c
33cd5d
34cd5d
35cd5e
36cd5e
37cd5f
38cd5f
39cd60
3acd60
3bcd61
3ccd61
3dcd62
3ecd62
3fcd63
40cd63
41cd64
42cd64
43cd65
44cd65
45cd66
46cd66
47cd67
48cd67
49cd68
4acd68
4bcd69
4ccd69
4dcd6a
4ecd6a
4fcd6b
50cd6b
51cd6c
52cd6c
53cd6d
54cd6d
55cd6e
56cd6e
57cd6f
58cd6f
59cd70
5acd70
5bcd71
5ccd71
5dcd72
5ecd72
5fcd73
60cd73
61cd74
62cd74
63cd75
64cd75
65cd76
66cd76
67cd77
68cd77
69cd78
6acd78
6bcd79
6ccd79
6dcd7a
6ecd7a
6fcd7b
70cd7b
71cd7c
72cd7c
73cd7d
74cd7d
75cd7e
76cd7e
77cd7f
78cd7f
79cd80
7acd80
7bcd81
7ccd81
7dcd82
7ecd82
7fcd83
80cd83
81cd84
82cd84
83cd85
84cd85
85cd86
86cd86
87cd87
88cd87
89cd88
8acd88
8bcd89
8ccd89
8dcd8a
8ecd8a
8fcd8b
90cd8b
91cd8c
92cd8c
93cd8d
94cd8d
95cd8e
96cd8e
97cd8f
98cd8f
99cd90
9acd90
9bcd91
9ccd91
9dcd92
9ecd92
9fcd93
a0cd93
a1cd94
a2cd94
a3cd95
a4cd95
a5cd96
a6cd96
a7cd97
a8cd97
a9cd98
aacd98
abcd99
accd99
adcd9a
aecd9a
afcd9b
b0cd9b
b1cd9c
b2cd9c
b3cd9d
b4cd9d
b5cd9e
b6cd9e
b7cd9f
b8cd9f
b9cda0
bacda0
bbcda1
bccda1
bdcda2
becda2
bfcda3
c0cda3
c1cda4
c2cda4
c3cda5
c4cda5
c5cda6
c6cda6
c7cda7
c8cda7
c9cda8
cacda8
cbcda9
cccda9
cdcdaa
cecdaa
cfcdab
d0cdab
d1cdac
d2cdac
d3cdad
d4cdad
d5cdae
d6cdae
d7cdaf
d8cdaf
d9cdb0
dacdb0
dbcdb1
dccdb1
ddcdb2
decdb2
dfcdb3
e0cdb3
e1cdb4
e2cdb4
e3cdb5
e4cdb5
e5cdb6
e6cdb6
e7cdb7
e8cdb7
e9cdb8
eacdb8
ebcdb9
eccdb9
edcdba
eecdba
efcdbb
f0cdbb
f1cdbc
f2cdbc
f3cdbd
f4cdbd
f5cdbe
f6cdbe
f7cdbf
f8cdbf
f9cdc0
facdc0
fbcdc1
fccdc1
fdcdc2
eecdc2
afcdc3
50cdc3
11cdc4
02cdc4
03cdc5
04cdc5
05cdc6
06cdc6
07cdc7
08cdc7
09cdc8
0acdc8
0bcdc9
0ccdc9
0dcdca
0ecdca
0fcdcb
10cdcb
11cdcc
12cdcc
13cdcd
14cdcd
15cdce
16cdce
17cdcf
18cdcf
19cdd0
1acdd0
1bcdd1
1ccdd1
1dcdd2
1ecdd2
1fcdd3
20cdd3
21cdd4
22cdd4
23cdd5
24cdd5
25cdd6
26cdd6
27cdd7
28cdd7
29cdd8
2acdd8
2bcdd9
2ccdd9
2dcdda
2ecdda
2fcddb
30cddb
31cddc
32cddc
33cddd
34cddd
35cdde
36cdde
37cddf
38cddf
39cde0
3acde0
3bcde1
3ccde1
3dcde2
000000
000000
000000
000000
02ce45
03ce45
04ce46
05ce46
06ce47
07ce47
08ce48
09ce48
0ace49
0bce49
0cce4a
0dce4a
0ece4b
0fce4b
10ce4c
11ce4c
12ce4d
13ce4d
14ce4e
15ce4e
16ce4f
17ce4f
18ce50
19ce50
1ace51
1bce51
1cce52
1dce52
1ece53
1fce53
20ce54
21ce54
22ce55
23ce55
24ce56
25ce56
26ce57
27ce57
28ce58
29ce58
2ace59
2bce59
2cce5a
2dce5a
2ece5b
2fce5b
30ce5c
31ce5c
32ce5d
33ce5d
34ce5e
35ce5e
36ce5f
37ce5f
38ce60
39ce60
3ace61
3bce61
3cce62
3dce62
3ece63
3fce63
40ce64
41ce64
42ce65
43ce65
44ce66
45ce66
46ce67
47ce67
48ce68
49ce68
4ace69
4bce69
4cce6a
4dce6a
4ece6b
4fce6b
50ce6c
51ce6c
52ce6d
53ce6d
54ce6e
55ce6e
56ce6f
57ce6f
58ce70
59ce70
5ace71
5bce71
5cce72
5dce72
5ece73
5fce73
60ce74
61ce74
62ce75
63ce75
64ce76
65ce76
66ce77
67ce77
68ce78
69ce78
6ace79
6bce79
6cce7a
6dce7a
6ece7b
6fce7b
70ce7c
71ce7c
72ce7d
73ce7d
74ce7e
75ce7e
76ce7f
77ce7f
78ce80
79ce80
7ace81
7bce81
7cce82
7dce82
7ece83
7fce83
80ce84
81ce84
82ce85
83ce85
84ce86
85ce86
86ce87
87ce87
88ce88
89ce88
8ace89
8bce89
8cce8a
8dce8a
8ece8b
8fce8b
90ce8c
91ce8c
92ce8d
93ce8d
94ce8e
95ce8e
96ce8f
97ce8f
98ce90
99ce90
9ace91
9bce91
9cce92
9dce92
9ece93
9fce93
a0ce94
a1ce94
a2ce95
a3ce95
a4ce96
a5ce96
a6ce97
a7ce97
a8ce98
a9ce98
aace99
abce99
acce9a
adce9a
aece9b
afce9b
b0ce9c
b1ce9c
b2ce9d
b3ce9d
b4ce9e
b5ce9e
b6ce9f
b7ce9f
b8cea0
b9cea0
bacea1
bbcea1
bccea2
bdcea2
becea3
bfcea3
c0cea4
c1cea4
c2cea5
c3cea5
c4cea6
c5cea6
c6cea7
c7cea7
c8cea8
c9cea8
cacea9
cbcea9
ccceaa
cdceaa
ceceab
cfceab
d0ceac
d1ceac
d2cead
d3cead
d4ceae
d5ceae
d6ceaf
d7ceaf
d8ceb0
d9ceb0
daceb1
dbceb1
dcceb2
ddceb2
deceb3
dfceb3
e0ceb4
e1ceb4
e2ceb5
e3ceb5
e4ceb6
e5ceb6
e6ceb7
e7ceb7
e8ceb8
e9ceb8
eaceb9
ebceb9
ecceba
edceba
eecebb
efcebb
f0cebc
f1cebc
f2cebd
f3cebd
f4cebe
f5cebe
f6cebf
f7cebf
f8cec0
f9cec0
facec1
fbcec1
fccec2
fdcec2
eecec3
afcec3
50cec4
11cec4
02cec5
03cec5
04cec6
05cec6
06cec7
07cec7
08cec8
09cec8
0acec9
0bcec9
0cceca
0dceca
0ececb
0fcecb
10cecc
11cecc
12cecd
13cecd
14cece
15cece
16cecf
17cecf
18ced0
19ced0
1aced1
1bced1
1cced2
1dced2
1eced3
1fced3
20ced4
21ced4
22ced5
23ced5
24ced6
25ced6
26ced7
27ced7
28ced8
29ced8
2aced9
2bced9
2cceda
2dceda
2ecedb
2fcedb
30cedc
31cedc
32cedd
33cedd
34cede
35cede
36cedf
37cedf
38cee0
39cee0
3acee1
3bcee1
3ccee2
3dcee2
000000
000000
000000
000000
02cf45
03cf45
04cf46
05cf46
06cf47
07cf47
08cf48
09cf48
0acf49
0bcf49
0ccf4a
0dcf4a
0ecf4b
0fcf4b
10cf4c
11cf4c
12cf4d
13cf4d
14cf4e
15cf4e
16cf4f
17cf4f
18cf50
19cf50
1acf51
1bcf51
1ccf52
1dcf52
1ecf53
1fcf53
20cf54
21cf54
22cf55
23cf55
24cf56
25cf56
26cf57
27cf57
28cf58
29cf58
2acf59
2bcf59
2ccf5a
2dcf5a
2ecf5b
2fcf5b
30cf5c
31cf5c
32cf5d
33cf5d
34cf5e
35cf5e
36cf5f
37cf5f
38cf60
39cf60
3acf61
3bcf61
3ccf62
3dcf62
3ecf63
3fcf63
40cf64
41cf64
42cf65
43cf65
44cf66
45cf66
46cf67
47cf67
48cf68
49cf68
4acf69
4bcf69
4ccf6a
4dcf6a
4ecf6b
4fcf6b
50cf6c
51cf6c
52cf6d
53cf6d
54cf6e
55cf6e
56cf6f
57cf6f
58cf70
59cf70
5acf71
5bcf71
5ccf72
5dcf72
5ecf73
5fcf73
60cf74
61cf74
62cf75
63cf75
64cf76
65cf76
66cf77
67cf77
68cf78
69cf78
6acf79
6bcf79
6ccf7a
6dcf7a
6ecf7b
6fcf7b
70cf7c
71cf7c
72cf7d
73cf7d
74cf7e
75cf7e
76cf7f
77cf7f
78cf80
79cf80
7acf81
7bcf81
7ccf82
7dcf82
7ecf83
7fcf83
80cf84
81cf84
82cf85
83cf85
84cf86
85cf86
86cf87
87cf87
88cf88
89cf88
8acf89
8bcf89
8ccf8a
8dcf8a
8ecf8b
8fcf8b
90cf8c
91cf8c
92cf8d
93cf8d
94cf8e
95cf8e
96cf8f
97cf8f
98cf90
99cf90
9acf91
9bcf91
9ccf92
9dcf92
9ecf93
9fcf93
a0cf94
a1cf94
a2cf95
a3cf95
a4cf96
a5cf96
a6cf97
a7cf97
a8cf98
a9cf98
aacf99
abcf99
accf9a
adcf9a
aecf9b
afcf9b
b0cf9c
b1cf9c
b2cf9d
b3cf9d
b4cf9e
b5cf9e
b6cf9f
b7cf9f
b8cfa0
b9cfa0
bacfa1
bbcfa1
bccfa2
bdcfa2
becfa3
bfcfa3
c0cfa4
c1cfa4
c2cfa5
c3cfa5
c4cfa6
c5cfa6
c6cfa7
c7cfa7
c8cfa8
c9cfa8
cacfa9
cbcfa9
cccfaa
cdcfaa
cecfab
cfcfab
d0cfac
d1cfac
d2cfad
d3cfad
d4cfae
d5cfae
d6cfaf
d7cfaf
d8cfb0
d9cfb0
dacfb1
dbcfb1
dccfb2
ddcfb2
decfb3
dfcfb3
e0cfb4
e1cfb4
e2cfb5
e3cfb5
e4cfb6
e5cfb6
e6cfb7
e7cfb7
e8cfb8
e9cfb8
eacfb9
ebcfb9
eccfba
edcfba
eecfbb
efcfbb
f0cfbc
f1cfbc
f2cfbd
f3cfbd
f4cfbe
f5cfbe
f6cfbf
f7cfbf
f8cfc0
f9cfc0
facfc1
fbcfc1
fccfc2
fdcfc2
eecfc3
afcfc3
50cfc4
11cfc4
02cfc5
03cfc5
04cfc6
05cfc6
06cfc7
07cfc7
08cfc8
09cfc8
0acfc9
0bcfc9
0ccfca
0dcfca
0ecfcb
0fcfcb
10cfcc
11cfcc
12cfcd
13cfcd
14cfce
15cfce
16cfcf
17cfcf
18cfd0
19cfd0
1acfd1
1bcfd1
1ccfd2
1dcfd2
1ecfd3
1fcfd3
20cfd4
21cfd4
22cfd5
23cfd5
24cfd6
25cfd6
26cfd7
27cfd7
28cfd8
29cfd8
2acfd9
2bcfd9
2ccfda
2dcfda
2ecfdb
2fcfdb
30cfdc
31cfdc
32cfdd
33cfdd
34cfde
35cfde
36cfdf
37cfdf
38cfe0
39cfe0
3acfe1
3bcfe1
3ccfe2
3dcfe2
000000
000000
000000
000000
02d045
03d046
04d046
05d047
06d047
07d048
08d048
09d049
0ad049
0bd04a
0cd04a
0dd04b
0ed04b
0fd04c
10d04c
11d04d
12d04d
13d04e
14d04e
15d04f
16d04f
17d050
18d050
19d051
1ad051
1bd052
1cd052
1dd053
1ed053
1fd054
20d054
21d055
22d055
23d056
24d056
25d057
26d057
27d058
28d058
29d059
2ad059
2bd05a
2cd05a
2dd05b
2ed05b
2fd05c
30d05c
31d05d
32d05d
33d05e
34d05e
35d05f
36d05f
37d060
38d060
39d061
3ad061
3bd062
3cd062
3dd063
3ed063
3fd064
40d064
41d065
42d065
43d066
44d066
45d067
46d067
47d068
48d068
49d069
4ad069
4bd06a
4cd06a
4dd06b
4ed06b
4fd06c
50d06c
51d06d
52d06d
53d06e
54d06e
55d06f
56d06f
57d070
58d070
59d071
5ad071
5bd072
5cd072
5dd073
5ed073
5fd074
60d074
61d075
62d075
63d076
64d076
65d077
66d077
67d078
68d078
69d079
6ad079
6bd07a
6cd07a
6dd07b
6ed07b
6fd07c
70d07c
71d07d
72d07d
73d07e
74d07e
75d07f
76d07f
77d080
78d080
79d081
7ad081
7bd082
7cd082
7dd083
7ed083
7fd084
80d084
81d085
82d085
83d086
84d086
85d087
86d087
87d088
88d088
89d089
8ad089
8bd08a
8cd08a
8dd08b
8ed08b
8fd08c
90d08c
91d08d
92d08d
93d08e
94d08e
95d08f
96d08f
97d090
98d090
99d091
9ad091
9bd092
9cd092
9dd093
9ed093
9fd094
a0d094
a1d095
a2d095
a3d096
a4d096
a5d097
a6d097
a7d098
a8d098
a9d099
aad099
abd09a
acd09a
add09b
aed09b
afd09c
b0d09c
b1d09d
b2d09d
b3d09e
b4d09e
b5d09f
b6d09f
b7d0a0
b8d0a0
b9d0a1
bad0a1
bbd0a2
bcd0a2
bdd0a3
bed0a3
bfd0a4
c0d0a4
c1d0a5
c2d0a5
c3d0a6
c4d0a6
c5d0a7
c6d0a7
c7d0a8
c8d0a8
c9d0a9
cad0a9
cbd0aa
ccd0aa
cdd0ab
ced0ab
cfd0ac
d0d0ac
d1d0ad
d2d0ad
d3d0ae
d4d0ae
d5d0af
d6d0af
d7d0b0
d8d0b0
d9d0b1
dad0b1
dbd0b2
dcd0b2
ddd0b3
ded0b3
dfd0b4
e0d0b4
e1d0b5
e2d0b5
e3d0b6
e4d0b6
e5d0b7
e6d0b7
e7d0b8
e8d0b8
e9d0b9
ead0b9
ebd0ba
ecd0ba
edd0bb
eed0bb
efd0bc
f0d0bc
f1d0bd
f2d0bd
f3d0be
f4d0be
f5d0bf
f6d0bf
f7d0c0
f8d0c0
f9d0c1
fad0c1
fbd0c2
fcd0c2
fdd0c3
eed0c3
afd0c4
50d0c4
11d0c5
02d0c5
03d0c6
04d0c6
05d0c7
06d0c7
07d0c8
08d0c8
09d0c9
0ad0c9
0bd0ca
0cd0ca
0dd0cb
0ed0cb
0fd0cc
10d0cc
11d0cd
12d0cd
13d0ce
14d0ce
15d0cf
16d0cf
17d0d0
18d0d0
19d0d1
1ad0d1
1bd0d2
1cd0d2
1dd0d3
1ed0d3
1fd0d4
20d0d4
21d0d5
22d0d5
23d0d6
24d0d6
25d0d7
26d0d7
27d0d8
28d0d8
29d0d9
2ad0d9
2bd0da
2cd0da
2dd0db
2ed0db
2fd0dc
30d0dc
31d0dd
32d0dd
33d0de
34d0de
35d0df
36d0df
37d0e0
38d0e0
39d0e1
3ad0e1
3bd0e2
3cd0e2
3dd0e3
000000
000000
000000
000000
02d146
03d146
04d147
05d147
06d148
07d148
08d149
09d149
0ad14a
0bd14a
0cd14b
0dd14b
0ed14c
0fd14c
10d14d
11d14d
12d14e
13d14e
14d14f
15d14f
16d150
17d150
18d151
19d151
1ad152
1bd152
1cd153
1dd153
1ed154
1fd154
20d155
21d155
22d156
23d156
24d157
25d157
26d158
27d158
28d159
29d159
2ad15a
2bd15a
2cd15b
2dd15b
2ed15c
2fd15c
30d15d
31d15d
32d15e
33d15e
34d15f
35d15f
36d160
37d160
38d161
39d161
3ad162
3bd162
3cd163
3dd163
3ed164
3fd164
40d165
41d165
42d166
43d166
44d167
45d167
46d168
47d168
48d169
49d169
4ad16a
4bd16a
4cd16b
4dd16b
4ed16c
4fd16c
50d16d
51d16d
52d16e
53d16e
54d16f
55d16f
56d170
57d170
58d171
59d171
5ad172
5bd172
5cd173
5dd173
5ed174
5fd174
60d175
61d175
62d176
63d176
64d177
65d177
66d178
67d178
68d179
69d179
6ad17a
6bd17a
6cd17b
6dd17b
6ed17c
6fd17c
70d17d
71d17d
72d17e
73d17e
74d17f
75d17f
76d180
77d180
78d181
79d181
7ad182
7bd182
7cd183
7dd183
7ed184
7fd184
80d185
81d185
82d186
83d186
84d187
85d187
86d188
87d188
88d189
89d189
8ad18a
8bd18a
8cd18b
8dd18b
8ed18c
8fd18c
90d18d
91d18d
92d18e
93d18e
94d18f
95d18f
96d190
97d190
98d191
99d191
9ad192
9bd192
9cd193
9dd193
9ed194
9fd194
a0d195
a1d195
a2d196
a3d196
a4d197
a5d197
a6d198
a7d198
a8d199
a9d199
aad19a
abd19a
acd19b
add19b
aed19c
afd19c
b0d19d
b1d19d
b2d19e
b3d19e
b4d19f
b5d19f
b6d1a0
b7d1a0
b8d1a1
b9d1a1
bad1a2
bbd1a2
bcd1a3
bdd1a3
bed1a4
bfd1a4
c0d1a5
c1d1a5
c2d1a6
c3d1a6
c4d1a7
c5d1a7
c6d1a8
c7d1a8
c8d1a9
c9d1a9
cad1aa
cbd1aa
ccd1ab
cdd1ab
ced1ac
cfd1ac
d0d1ad
d1d1ad
d2d1ae
d3d1ae
d4d1af
d5d1af
d6d1b0
d7d1b0
d8d1b1
d9d1b1
dad1b2
dbd1b2
dcd1b3
ddd1b3
ded1b4
dfd1b4
e0d1b5
e1d1b5
e2d1b6
e3d1b6
e4d1b7
e5d1b7
e6d1b8
e7d1b8
e8d1b9
e9d1b9
ead1ba
ebd1ba
ecd1bb
edd1bb
eed1bc
efd1bc
f0d1bd
f1d1bd
f2d1be
f3d1be
f4d1bf
f5d1bf
f6d1c0
f7d1c0
f8d1c1
f9d1c1
fad1c2
fbd1c2
fcd1c3
fdd1c3
eed1c4
afd1c4
50d1c5
11d1c5
02d1c6
03d1c6
04d1c7
05d1c7
06d1c8
07d1c8
08d1c9
09d1c9
0ad1ca
0bd1ca
0cd1cb
0dd1cb
0ed1cc
0fd1cc
10d1cd
11d1cd
12d1ce
13d1ce
14d1cf
15d1cf
16d1d0
17d1d0
18d1d1
19d1d1
1ad1d2
1bd1d2
1cd1d3
1dd1d3
1ed1d4
1fd1d4
20d1d5
21d1d5
22d1d6
23d1d6
24d1d7
25d1d7
26d1d8
27d1d8
28d1d9
29d1d9
2ad1da
2bd1da
2cd1db
2dd1db
2ed1dc
2fd1dc
30d1dd
31d1dd
32d1de
33d1de
34d1df
35d1df
36d1e0
37d1e0
38d1e1
39d1e1
3ad1e2
3bd1e2
3cd1e3
3dd1e3
000000
000000
000000
000000
02d246
03d246
04d247
05d247
06d248
07d248
08d249
09d249
0ad24a
0bd24a
0cd24b
0dd24b
0ed24c
0fd24c
10d24d
11d24d
12d24e
13d24e
14d24f
15d24f
16d250
17d250
18d251
19d251
1ad252
1bd252
1cd253
1dd253
1ed254
1fd254
20d255
21d255
22d256
23d256
24d257
25d257
26d258
27d258
28d259
29d259
2ad25a
2bd25a
2cd25b
2dd25b
2ed25c
2fd25c
30d25d
31d25d
32d25e
33d25e
34d25f
35d25f
36d260
37d260
38d261
39d261
3ad262
3bd262
3cd263
3dd263
3ed264
3fd264
40d265
41d265
42d266
43d266
44d267
45d267
46d268
47d268
48d269
49d269
4ad26a
4bd26a
4cd26b
4dd26b
4ed26c
4fd26c
50d26d
51d26d
52d26e
53d26e
54d26f
55d26f
56d270
57d270
58d271
59d271
5ad272
5bd272
5cd273
5dd273
5ed274
5fd274
60d275
61d275
62d276
63d276
64d277
65d277
66d278
67d278
68d279
69d279
6ad27a
6bd27a
6cd27b
6dd27b
6ed27c
6fd27c
70d27d
71d27d
72d27e
73d27e
74d27f
75d27f
76d280
77d280
78d281
79d281
7ad282
7bd282
7cd283
7dd283
7ed284
7fd284
80d285
81d285
82d286
83d286
84d287
85d287
86d288
87d288
88d289
89d289
8ad28a
8bd28a
8cd28b
8dd28b
8ed28c
8fd28c
90d28d
91d28d
92d28e
93d28e
94d28f
95d28f
96d290
97d290
98d291
99d291
9ad292
9bd292
9cd293
9dd293
9ed294
9fd294
a0d295
a1d295
a2d296
a3d296
a4d297
a5d297
a6d298
a7d298
a8d299
a9d299
aad29a
abd29a
acd29b
add29b
aed29c
afd29c
b0d29d
b1d29d
b2d29e
b3d29e
b4d29f
b5d29f
b6d2a0
b7d2a0
b8d2a1
b9d2a1
bad2a2
bbd2a2
bcd2a3
bdd2a3
bed2a4
bfd2a4
c0d2a5
c1d2a5
c2d2a6
c3d2a6
c4d2a7
c5d2a7
c6d2a8
c7d2a8
c8d2a9
c9d2a9
cad2aa
cbd2aa
ccd2ab
cdd2ab
ced2ac
cfd2ac
d0d2ad
d1d2ad
d2d2ae
d3d2ae
d4d2af
d5d2af
d6d2b0
d7d2b0
d8d2b1
d9d2b1
dad2b2
dbd2b2
dcd2b3
ddd2b3
ded2b4
dfd2b4
e0d2b5
e1d2b5
e2d2b6
e3d2b6
e4d2b7
e5d2b7
e6d2b8
e7d2b8
e8d2b9
e9d2b9
ead2ba
ebd2ba
ecd2bb
edd2bb
eed2bc
efd2bc
f0d2bd
f1d2bd
f2d2be
f3d2be
f4d2bf
f5d2bf
f6d2c0
f7d2c0
f8d2c1
f9d2c1
fad2c2
fbd2c2
fcd2c3
fdd2c3
eed2c4
afd2c4
50d2c5
11d2c5
02d2c6
03d2c6
04d2c7
05d2c7
06d2c8
07d2c8
08d2c9
09d2c9
0ad2ca
0bd2ca
0cd2cb
0dd2cb
0ed2cc
0fd2cc
10d2cd
11d2cd
12d2ce
13d2ce
14d2cf
15d2cf
16d2d0
17d2d0
18d2d1
19d2d1
1ad2d2
1bd2d2
1cd2d3
1dd2d3
1ed2d4
1fd2d4
20d2d5
21d2d5
22d2d6
23d2d6
24d2d7
25d2d7
26d2d8
27d2d8
28d2d9
29d2d9
2ad2da
2bd2da
2cd2db
2dd2db
2ed2dc
2fd2dc
30d2dd
31d2dd
32d2de
33d2de
34d2df
35d2df
36d2e0
37d2e0
38d2e1
39d2e1
3ad2e2
3bd2e2
3cd2e3
3dd2e3
000000
000000
000000
000000
02d346
03d347
04d347
05d348
06d348
07d349
08d349
09d34a
0ad34a
0bd34b
0cd34b
0dd34c
0ed34c
0fd34d
10d34d
11d34e
12d34e
13d34f
14d34f
15d350
16d350
17d351
18d351
19d352
1ad352
1bd353
1cd353
1dd354
1ed354
1fd355
20d355
21d356
22d356
23d357
24d357
25d358
26d358
27d359
28d359
29d35a
2ad35a
2bd35b
2cd35b
2dd35c
2ed35c
2fd35d
30d35d
31d35e
32d35e
33d35f
34d35f
35d360
36d360
37d361
38d361
39d362
3ad362
3bd363
3cd363
3dd364
3ed364
3fd365
40d365
41d366
42d366
43d367
44d367
45d368
46d368
47d369
48d369
49d36a
4ad36a
4bd36b
4cd36b
4dd36c
4ed36c
4fd36d
50d36d
51d36e
52d36e
53d36f
54d36f
55d370
56d370
57d371
58d371
59d372
5ad372
5bd373
5cd373
5dd374
5ed374
5fd375
60d375
61d376
62d376
63d377
64d377
65d378
66d378
67d379
68d379
69d37a
6ad37a
6bd37b
6cd37b
6dd37c
6ed37c
6fd37d
70d37d
71d37e
72d37e
73d37f
74d37f
75d380
76d380
77d381
78d381
79d382
7ad382
7bd383
7cd383
7dd384
7ed384
7fd385
80d385
81d386
82d386
83d387
84d387
85d388
86d388
87d389
88d389
89d38a
8ad38a
8bd38b
8cd38b
8dd38c
8ed38c
8fd38d
90d38d
91d38e
92d38e
93d38f
94d38f
95d390
96d390
97d391
98d391
99d392
9ad392
9bd393
9cd393
9dd394
9ed394
9fd395
a0d395
a1d396
a2d396
a3d397
a4d397
a5d398
a6d398
a7d399
a8d399
a9d39a
aad39a
abd39b
acd39b
add39c
aed39c
afd39d
b0d39d
b1d39e
b2d39e
b3d39f
b4d39f
b5d3a0
b6d3a0
b7d3a1
b8d3a1
b9d3a2
bad3a2
bbd3a3
bcd3a3
bdd3a4
bed3a4
bfd3a5
c0d3a5
c1d3a6
c2d3a6
c3d3a7
c4d3a7
c5d3a8
c6d3a8
c7d3a9
c8d3a9
c9d3aa
cad3aa
cbd3ab
ccd3ab
cdd3ac
ced3ac
cfd3ad
d0d3ad
d1d3ae
d2d3ae
d3d3af
d4d3af
d5d3b0
d6d3b0
d7d3b1
d8d3b1
d9d3b2
dad3b2
dbd3b3
dcd3b3
ddd3b4
ded3b4
dfd3b5
e0d3b5
e1d3b6
e2d3b6
e3d3b7
e4d3b7
e5d3b8
e6d3b8
e7d3b9
e8d3b9
e9d3ba
ead3ba
ebd3bb
ecd3bb
edd3bc
eed3bc
efd3bd
f0d3bd
f1d3be
f2d3be
f3d3bf
f4d3bf
f5d3c0
f6d3c0
f7d3c1
f8d3c1
f9d3c2
fad3c2
fbd3c3
fcd3c3
fdd3c4
eed3c4
afd3c5
50d3c5
11d3c6
02d3c6
03d3c7
04d3c7
05d3c8
06d3c8
07d3c9
08d3c9
09d3ca
0ad3ca
0bd3cb
0cd3cb
0dd3cc
0ed3cc
0fd3cd
10d3cd
11d3ce
12d3ce
13d3cf
14d3cf
15d3d0
16d3d0
17d3d1
18d3d1
19d3d2
1ad3d2
1bd3d3
1cd3d3
1dd3d4
1ed3d4
1fd3d5
20d3d5
21d3d6
22d3d6
23d3d7
24d3d7
25d3d8
26d3d8
27d3d9
28d3d9
29d3da
2ad3da
2bd3db
2cd3db
2dd3dc
2ed3dc
2fd3dd
30d3dd
31d3de
32d3de
33d3df
34d3df
35d3e0
36d3e0
37d3e1
38d3e1
39d3e2
3ad3e2
3bd3e3
3cd3e3
3dd3e4
000000
000000
000000
000000
02d447
03d447
04d448
05d448
06d449
07d449
08d44a
09d44a
0ad44b
0bd44b
0cd44c
0dd44c
0ed44d
0fd44d
10d44e
11d44e
12d44f
13d44f
14d450
15d450
16d451
17d451
18d452
19d452
1ad453
1bd453
1cd454
1dd454
1ed455
1fd455
20d456
21d456
22d457
23d457
24d458
25d458
26d459
27d459
28d45a
29d45a
2ad45b
2bd45b
2cd45c
2dd45c
2ed45d
2fd45d
30d45e
31d45e
32d45f
33d45f
34d460
35d460
36d461
37d461
38d462
39d462
3ad463
3bd463
3cd464
3dd464
3ed465
3fd465
40d466
41d466
42d467
43d467
44d468
45d468
46d469
47d469
48d46a
49d46a
4ad46b
4bd46b
4cd46c
4dd46c
4ed46d
4fd46d
50d46e
51d46e
52d46f
53d46f
54d470
55d470
56d471
57d471
58d472
59d472
5ad473
5bd473
5cd474
5dd474
5ed475
5fd475
60d476
61d476
62d477
63d477
64d478
65d478
66d479
67d479
68d47a
69d47a
6ad47b
6bd47b
6cd47c
6dd47c
6ed47d
6fd47d
70d47e
71d47e
72d47f
73d47f
74d480
75d480
76d481
77d481
78d482
79d482
7ad483
7bd483
7cd484
7dd484
7ed485
7fd485
80d486
81d486
82d487
83d487
84d488
85d488
86d489
87d489
88d48a
89d48a
8ad48b
8bd48b
8cd48c
8dd48c
8ed48d
8fd48d
90d48e
91d48e
92d48f
93d48f
94d490
95d490
96d491
97d491
98d492
99d492
9ad493
9bd493
9cd494
9dd494
9ed495
9fd495
a0d496
a1d496
a2d497
a3d497
a4d498
a5d498
a6d499
a7d499
a8d49a
a9d49a
aad49b
abd49b
acd49c
add49c
aed49d
afd49d
b0d49e
b1d49e
b2d49f
b3d49f
b4d4a0
b5d4a0
b6d4a1
b7d4a1
b8d4a2
b9d4a2
bad4a3
bbd4a3
bcd4a4
bdd4a4
bed4a5
bfd4a5
c0d4a6
c1d4a6
c2d4a7
c3d4a7
c4d4a8
c5d4a8
c6d4a9
c7d4a9
c8d4aa
c9d4aa
cad4ab
cbd4ab
ccd4ac
cdd4ac
ced4ad
cfd4ad
d0d4ae
d1d4ae
d2d4af
d3d4af
d4d4b0
d5d4b0
d6d4b1
d7d4b1
d8d4b2
d9d4b2
dad4b3
dbd4b3
dcd4b4
ddd4b4
ded4b5
dfd4b5
e0d4b6
e1d4b6
e2d4b7
e3d4b7
e4d4b8
e5d4b8
e6d4b9
e7d4b9
e8d4ba
e9d4ba
ead4bb
ebd4bb
ecd4bc
edd4bc
eed4bd
efd4bd
f0d4be
f1d4be
f2d4bf
f3d4bf
f4d4c0
f5d4c0
f6d4c1
f7d4c1
f8d4c2
f9d4c2
fad4c3
fbd4c3
fcd4c4
fdd4c4
eed4c5
afd4c5
50d4c6
11d4c6
02d4c7
03d4c7
04d4c8
05d4c8
06d4c9
07d4c9
08d4ca
09d4ca
0ad4cb
0bd4cb
0cd4cc
0dd4cc
0ed4cd
0fd4cd
10d4ce
11d4ce
12d4cf
13d4cf
14d4d0
15d4d0
16d4d1
17d4d1
18d4d2
19d4d2
1ad4d3
1bd4d3
1cd4d4
1dd4d4
1ed4d5
1fd4d5
20d4d6
21d4d6
22d4d7
23d4d7
24d4d8
25d4d8
26d4d9
27d4d9
28d4da
29d4da
2ad4db
2bd4db
2cd4dc
2dd4dc
2ed4dd
2fd4dd
30d4de
31d4de
32d4df
33d4df
34d4e0
35d4e0
36d4e1
37d4e1
38d4e2
39d4e2
3ad4e3
3bd4e3
3cd4e4
3dd4e4
000000
000000
000000
000000
02d547
03d547
04d548
05d548
06d549
07d549
08d54a
09d54a
0ad54b
0bd54b
0cd54c
0dd54c
0ed54d
0fd54d
10d54e
11d54e
12d54f
13d54f
14d550
15d550
16d551
17d551
18d552
19d552
1ad553
1bd553
1cd554
1dd554
1ed555
1fd555
20d556
21d556
22d557
23d557
24d558
25d558
26d559
27d559
28d55a
29d55a
2ad55b
2bd55b
2cd55c
2dd55c
2ed55d
2fd55d
30d55e
31d55e
32d55f
33d55f
34d560
35d560
36d561
37d561
38d562
39d562
3ad563
3bd563
3cd564
3dd564
3ed565
3fd565
40d566
41d566
42d567
43d567
44d568
45d568
46d569
47d569
48d56a
49d56a
4ad56b
4bd56b
4cd56c
4dd56c
4ed56d
4fd56d
50d56e
51d56e
52d56f
53d56f
54d570
55d570
56d571
57d571
58d572
59d572
5ad573
5bd573
5cd574
5dd574
5ed575
5fd575
60d576
61d576
62d577
63d577
64d578
65d578
66d579
67d579
68d57a
69d57a
6ad57b
6bd57b
6cd57c
6dd57c
6ed57d
6fd57d
70d57e
71d57e
72d57f
73d57f
74d580
75d580
76d581
77d581
78d582
79d582
7ad583
7bd583
7cd584
7dd584
7ed585
7fd585
80d586
81d586
82d587
83d587
84d588
85d588
86d589
87d589
88d58a
89d58a
8ad58b
8bd58b
8cd58c
8dd58c
8ed58d
8fd58d
90d58e
91d58e
92d58f
93d58f
94d590
95d590
96d591
97d591
98d592
99d592
9ad593
9bd593
9cd594
9dd594
9ed595
9fd595
a0d596
a1d596
a2d597
a3d597
a4d598
a5d598
a6d599
a7d599
a8d59a
a9d59a
aad59b
abd59b
acd59c
add59c
aed59d
afd59d
b0d59e
b1d59e
b2d59f
b3d59f
b4d5a0
b5d5a0
b6d5a1
b7d5a1
b8d5a2
b9d5a2
bad5a3
bbd5a3
bcd5a4
bdd5a4
bed5a5
bfd5a5
c0d5a6
c1d5a6
c2d5a7
c3d5a7
c4d5a8
c5d5a8
c6d5a9
c7d5a9
c8d5aa
c9d5aa
cad5ab
cbd5ab
ccd5ac
cdd5ac
ced5ad
cfd5ad
d0d5ae
d1d5ae
d2d5af
d3d5af
d4d5b0
d5d5b0
d6d5b1
d7d5b1
d8d5b2
d9d5b2
dad5b3
dbd5b3
dcd5b4
ddd5b4
ded5b5
dfd5b5
e0d5b6
e1d5b6
e2d5b7
e3d5b7
e4d5b8
e5d5b8
e6d5b9
e7d5b9
e8d5ba
e9d5ba
ead5bb
ebd5bb
ecd5bc
edd5bc
eed5bd
efd5bd
f0d5be
f1d5be
f2d5bf
f3d5bf
f4d5c0
f5d5c0
f6d5c1
f7d5c1
f8d5c2
f9d5c2
fad5c3
fbd5c3
fcd5c4
fdd5c4
eed5c5
afd5c5
50d5c6
11d5c6
02d5c7
03d5c7
04d5c8
05d5c8
06d5c9
07d5c9
08d5ca
09d5ca
0ad5cb
0bd5cb
0cd5cc
0dd5cc
0ed5cd
0fd5cd
10d5ce
11d5ce
12d5cf
13d5cf
14d5d0
15d5d0
16d5d1
17d5d1
18d5d2
19d5d2
1ad5d3
1bd5d3
1cd5d4
1dd5d4
1ed5d5
1fd5d5
20d5d6
21d5d6
22d5d7
23d5d7
24d5d8
25d5d8
26d5d9
27d5d9
28d5da
29d5da
2ad5db
2bd5db
2cd5dc
2dd5dc
2ed5dd
2fd5dd
30d5de
31d5de
32d5df
33d5df
34d5e0
35d5e0
36d5e1
37d5e1
38d5e2
39d5e2
3ad5e3
3bd5e3
3cd5e4
3dd5e4
000000
000000
000000
000000
02d647
03d648
04d648
05d649
06d649
07d64a
08d64a
09d64b
0ad64b
0bd64c
0cd64c
0dd64d
0ed64d
0fd64e
10d64e
11d64f
12d64f
13d650
14d650
15d651
16d651
17d652
18d652
19d653
1ad653
1bd654
1cd654
1dd655
1ed655
1fd656
20d656
21d657
22d657
23d658
24d658
25d659
26d659
27d65a
28d65a
29d65b
2ad65b
2bd65c
2cd65c
2dd65d
2ed65d
2fd65e
30d65e
31d65f
32d65f
33d660
34d660
35d661
36d661
37d662
38d662
39d663
3ad663
3bd664
3cd664
3dd665
3ed665
3fd666
40d666
41d667
42d667
43d668
44d668
45d669
46d669
47d66a
48d66a
49d66b
4ad66b
4bd66c
4cd66c
4dd66d
4ed66d
4fd66e
50d66e
51d66f
52d66f
53d670
54d670
55d671
56d671
57d672
58d672
59d673
5ad673
5bd674
5cd674
5dd675
5ed675
5fd676
60d676
61d677
62d677
63d678
64d678
65d679
66d679
67d67a
68d67a
69d67b
6ad67b
6bd67c
6cd67c
6dd67d
6ed67d
6fd67e
70d67e
71d67f
72d67f
73d680
74d680
75d681
76d681
77d682
78d682
79d683
7ad683
7bd684
7cd684
7dd685
7ed685
7fd686
80d686
81d687
82d687
83d688
84d688
85d689
86d689
87d68a
88d68a
89d68b
8ad68b
8bd68c
8cd68c
8dd68d
8ed68d
8fd68e
90d68e
91d68f
92d68f
93d690
94d690
95d691
96d691
97d692
98d692
99d693
9ad693
9bd694
9cd694
9dd695
9ed695
9fd696
a0d696
a1d697
a2d697
a3d698
a4d698
a5d699
a6d699
a7d69a
a8d69a
a9d69b
aad69b
abd69c
acd69c
add69d
aed69d
afd69e
b0d69e
b1d69f
b2d69f
b3d6a0
b4d6a0
b5d6a1
b6d6a1
b7d6a2
b8d6a2
b9d6a3
bad6a3
bbd6a4
bcd6a4
bdd6a5
bed6a5
bfd6a6
c0d6a6
c1d6a7
c2d6a7
c3d6a8
c4d6a8
c5d6a9
c6d6a9
c7d6aa
c8d6aa
c9d6ab
cad6ab
cbd6ac
ccd6ac
cdd6ad
ced6ad
cfd6ae
d0d6ae
d1d6af
d2d6af
d3d6b0
d4d6b0
d5d6b1
d6d6b1
d7d6b2
d8d6b2
d9d6b3
dad6b3
dbd6b4
dcd6b4
ddd6b5
ded6b5
dfd6b6
e0d6b6
e1d6b7
e2d6b7
e3d6b8
e4d6b8
e5d6b9
e6d6b9
e7d6ba
e8d6ba
e9d6bb
ead6bb
ebd6bc
ecd6bc
edd6bd
eed6bd
efd6be
f0d6be
f1d6bf
f2d6bf
f3d6c0
f4d6c0
f5d6c1
f6d6c1
f7d6c2
f8d6c2
f9d6c3
fad6c3
fbd6c4
fcd6c4
fdd6c5
eed6c5
afd6c6
50d6c6
11d6c7
02d6c7
03d6c8
04d6c8
05d6c9
06d6c9
07d6ca
08d6ca
09d6cb
0ad6cb
0bd6cc
0cd6cc
0dd6cd
0ed6cd
0fd6ce
10d6ce
11d6cf
12d6cf
13d6d0
14d6d0
15d6d1
16d6d1
17d6d2
18d6d2
19d6d3
1ad6d3
1bd6d4
1cd6d4
1dd6d5
1ed6d5
1fd6d6
20d6d6
21d6d7
22d6d7
23d6d8
24d6d8
25d6d9
26d6d9
27d6da
28d6da
29d6db
2ad6db
2bd6dc
2cd6dc
2dd6dd
2ed6dd
2fd6de
30d6de
31d6df
32d6df
33d6e0
34d6e0
35d6e1
36d6e1
37d6e2
38d6e2
39d6e3
3ad6e3
3bd6e4
3cd6e4
3dd6e5
000000
000000
000000
000000
02d748
03d748
04d749
05d749
06d74a
07d74a
08d74b
09d74b
0ad74c
0bd74c
0cd74d
0dd74d
0ed74e
0fd74e
10d74f
11d74f
12d750
13d750
14d751
15d751
16d752
17d752
18d753
19d753
1ad754
1bd754
1cd755
1dd755
1ed756
1fd756
20d757
21d757
22d758
23d758
24d759
25d759
26d75a
27d75a
28d75b
29d75b
2ad75c
2bd75c
2cd75d
2dd75d
2ed75e
2fd75e
30d75f
31d75f
32d760
33d760
34d761
35d761
36d762
37d762
38d763
39d763
3ad764
3bd764
3cd765
3dd765
3ed766
3fd766
40d767
41d767
42d768
43d768
44d769
45d769
46d76a
47d76a
48d76b
49d76b
4ad76c
4bd76c
4cd76d
4dd76d
4ed76e
4fd76e
50d76f
51d76f
52d770
53d770
54d771
55d771
56d772
57d772
58d773
59d773
5ad774
5bd774
5cd775
5dd775
5ed776
5fd776
60d777
61d777
62d778
63d778
64d779
65d779
66d77a
67d77a
68d77b
69d77b
6ad77c
6bd77c
6cd77d
6dd77d
6ed77e
6fd77e
70d77f
71d77f
72d780
73d780
74d781
75d781
76d782
77d782
78d783
79d783
7ad784
7bd784
7cd785
7dd785
7ed786
7fd786
80d787
81d787
82d788
83d788
84d789
85d789
86d78a
87d78a
88d78b
89d78b
8ad78c
8bd78c
8cd78d
8dd78d
8ed78e
8fd78e
90d78f
91d78f
92d790
93d790
94d791
95d791
96d792
97d792
98d793
99d793
9ad794
9bd794
9cd795
9dd795
9ed796
9fd796
a0d797
a1d797
a2d798
a3d798
a4d799
a5d799
a6d79a
a7d79a
a8d79b
a9d79b
aad79c
abd79c
acd79d
add79d
aed79e
afd79e
b0d79f
b1d79f
b2d7a0
b3d7a0
b4d7a1
b5d7a1
b6d7a2
b7d7a2
b8d7a3
b9d7a3
bad7a4
bbd7a4
bcd7a5
bdd7a5
bed7a6
bfd7a6
c0d7a7
c1d7a7
c2d7a8
c3d7a8
c4d7a9
c5d7a9
c6d7aa
c7d7aa
c8d7ab
c9d7ab
cad7ac
cbd7ac
ccd7ad
cdd7ad
ced7ae
cfd7ae
d0d7af
d1d7af
d2d7b0
d3d7b0
d4d7b1
d5d7b1
d6d7b2
d7d7b2
d8d7b3
d9d7b3
dad7b4
dbd7b4
dcd7b5
ddd7b5
ded7b6
dfd7b6
e0d7b7
e1d7b7
e2d7b8
e3d7b8
e4d7b9
e5d7b9
e6d7ba
e7d7ba
e8d7bb
e9d7bb
ead7bc
ebd7bc
ecd7bd
edd7bd
eed7be
efd7be
f0d7bf
f1d7bf
f2d7c0
f3d7c0
f4d7c1
f5d7c1
f6d7c2
f7d7c2
f8d7c3
f9d7c3
fad7c4
fbd7c4
fcd7c5
fdd7c5
eed7c6
afd7c6
50d7c7
11d7c7
02d7c8
03d7c8
04d7c9
05d7c9
06d7ca
07d7ca
08d7cb
09d7cb
0ad7cc
0bd7cc
0cd7cd
0dd7cd
0ed7ce
0fd7ce
10d7cf
11d7cf
12d7d0
13d7d0
14d7d1
15d7d1
16d7d2
17d7d2
18d7d3
19d7d3
1ad7d4
1bd7d4
1cd7d5
1dd7d5
1ed7d6
1fd7d6
20d7d7
21d7d7
22d7d8
23d7d8
24d7d9
25d7d9
26d7da
27d7da
28d7db
29d7db
2ad7dc
2bd7dc
2cd7dd
2dd7dd
2ed7de
2fd7de
30d7df
31d7df
32d7e0
33d7e0
34d7e1
35d7e1
36d7e2
37d7e2
38d7e3
39d7e3
3ad7e4
3bd7e4
3cd7e5
3dd7e5
000000
000000
000000
000000
02d848
03d848
04d849
05d849
06d84a
07d84a
08d84b
09d84b
0ad84c
0bd84c
0cd84d
0dd84d
0ed84e
0fd84e
10d84f
11d84f
12d850
13d850
14d851
15d851
16d852
17d852
18d853
19d853
1ad854
1bd854
1cd855
1dd855
1ed856
1fd856
20d857
21d857
22d858
23d858
24d859
25d859
26d85a
27d85a
28d85b
29d85b
2ad85c
2bd85c
2cd85d
2dd85d
2ed85e
2fd85e
30d85f
31d85f
32d860
33d860
34d861
35d861
36d862
37d862
38d863
39d863
3ad864
3bd864
3cd865
3dd865
3ed866
3fd866
40d867
41d867
42d868
43d868
44d869
45d869
46d86a
47d86a
48d86b
49d86b
4ad86c
4bd86c
4cd86d
4dd86d
4ed86e
4fd86e
50d86f
51d86f
52d870
53d870
54d871
55d871
56d872
57d872
58d873
59d873
5ad874
5bd874
5cd875
5dd875
5ed876
5fd876
60d877
61d877
62d878
63d878
64d879
65d879
66d87a
67d87a
68d87b
69d87b
6ad87c
6bd87c
6cd87d
6dd87d
6ed87e
6fd87e
70d87f
71d87f
72d880
73d880
74d881
75d881
76d882
77d882
78d883
79d883
7ad884
7bd884
7cd885
7dd885
7ed886
7fd886
80d887
81d887
82d888
83d888
84d889
85d889
86d88a
87d88a
88d88b
89d88b
8ad88c
8bd88c
8cd88d
8dd88d
8ed88e
8fd88e
90d88f
91d88f
92d890
93d890
94d891
95d891
96d892
97d892
98d893
99d893
9ad894
9bd894
9cd895
9dd895
9ed896
9fd896
a0d897
a1d897
a2d898
a3d898
a4d899
a5d899
a6d89a
a7d89a
a8d89b
a9d89b
aad89c
abd89c
acd89d
add89d
aed89e
afd89e
b0d89f
b1d89f
b2d8a0
b3d8a0
b4d8a1
b5d8a1
b6d8a2
b7d8a2
b8d8a3
b9d8a3
bad8a4
bbd8a4
bcd8a5
bdd8a5
bed8a6
bfd8a6
c0d8a7
c1d8a7
c2d8a8
c3d8a8
c4d8a9
c5d8a9
c6d8aa
c7d8aa
c8d8ab
c9d8ab
cad8ac
cbd8ac
ccd8ad
cdd8ad
ced8ae
cfd8ae
d0d8af
d1d8af
d2d8b0
d3d8b0
d4d8b1
d5d8b1
d6d8b2
d7d8b2
d8d8b3
d9d8b3
dad8b4
dbd8b4
dcd8b5
ddd8b5
ded8b6
dfd8b6
e0d8b7
e1d8b7
e2d8b8
e3d8b8
e4d8b9
e5d8b9
e6d8ba
e7d8ba
e8d8bb
e9d8bb
ead8bc
ebd8bc
ecd8bd
edd8bd
eed8be
efd8be
f0d8bf
f1d8bf
f2d8c0
f3d8c0
f4d8c1
f5d8c1
f6d8c2
f7d8c2
f8d8c3
f9d8c3
fad8c4
fbd8c4
fcd8c5
fdd8c5
eed8c6
afd8c6
50d8c7
11d8c7
02d8c8
03d8c8
04d8c9
05d8c9
06d8ca
07d8ca
08d8cb
09d8cb
0ad8cc
0bd8cc
0cd8cd
0dd8cd
0ed8ce
0fd8ce
10d8cf
11d8cf
12d8d0
13d8d0
14d8d1
15d8d1
16d8d2
17d8d2
18d8d3
19d8d3
1ad8d4
1bd8d4
1cd8d5
1dd8d5
1ed8d6
1fd8d6
20d8d7
21d8d7
22d8d8
23d8d8
24d8d9
25d8d9
26d8da
27d8da
28d8db
29d8db
2ad8dc
2bd8dc
2cd8dd
2dd8dd
2ed8de
2fd8de
30d8df
31d8df
32d8e0
33d8e0
34d8e1
35d8e1
36d8e2
37d8e2
38d8e3
39d8e3
3ad8e4
3bd8e4
3cd8e5
3dd8e5
000000
000000
000000
000000
02d948
03d949
04d949
05d94a
06d94a
07d94b
08d94b
09d94c
0ad94c
0bd94d
0cd94d
0dd94e
0ed94e
0fd94f
10d94f
11d950
12d950
13d951
14d951
15d952
16d952
17d953
18d953
19d954
1ad954
1bd955
1cd955
1dd956
1ed956
1fd957
20d957
21d958
22d958
23d959
24d959
25d95a
26d95a
27d95b
28d95b
29d95c
2ad95c
2bd95d
2cd95d
2dd95e
2ed95e
2fd95f
30d95f
31d960
32d960
33d961
34d961
35d962
36d962
37d963
38d963
39d964
3ad964
3bd965
3cd965
3dd966
3ed966
3fd967
40d967
41d968
42d968
43d969
44d969
45d96a
46d96a
47d96b
48d96b
49d96c
4ad96c
4bd96d
4cd96d
4dd96e
4ed96e
4fd96f
50d96f
51d970
52d970
53d971
54d971
55d972
56d972
57d973
58d973
59d974
5ad974
5bd975
5cd975
5dd976
5ed976
5fd977
60d977
61d978
62d978
63d979
64d979
65d97a
66d97a
67d97b
68d97b
69d97c
6ad97c
6bd97d
6cd97d
6dd97e
6ed97e
6fd97f
70d97f
71d980
72d980
73d981
74d981
75d982
76d982
77d983
78d983
79d984
7ad984
7bd985
7cd985
7dd986
7ed986
7fd987
80d987
81d988
82d988
83d989
84d989
85d98a
86d98a
87d98b
88d98b
89d98c
8ad98c
8bd98d
8cd98d
8dd98e
8ed98e
8fd98f
90d98f
91d990
92d990
93d991
94d991
95d992
96d992
97d993
98d993
99d994
9ad994
9bd995
9cd995
9dd996
9ed996
9fd997
a0d997
a1d998
a2d998
a3d999
a4d999
a5d99a
a6d99a
a7d99b
a8d99b
a9d99c
aad99c
abd99d
acd99d
add99e
aed99e
afd99f
b0d99f
b1d9a0
b2d9a0
b3d9a1
b4d9a1
b5d9a2
b6d9a2
b7d9a3
b8d9a3
b9d9a4
bad9a4
bbd9a5
bcd9a5
bdd9a6
bed9a6
bfd9a7
c0d9a7
c1d9a8
c2d9a8
c3d9a9
c4d9a9
c5d9aa
c6d9aa
c7d9ab
c8d9ab
c9d9ac
cad9ac
cbd9ad
ccd9ad
cdd9ae
ced9ae
cfd9af
d0d9af
d1d9b0
d2d9b0
d3d9b1
d4d9b1
d5d9b2
d6d9b2
d7d9b3
d8d9b3
d9d9b4
dad9b4
dbd9b5
dcd9b5
ddd9b6
ded9b6
dfd9b7
e0d9b7
e1d9b8
e2d9b8
e3d9b9
e4d9b9
e5d9ba
e6d9ba
e7d9bb
e8d9bb
e9d9bc
ead9bc
ebd9bd
ecd9bd
edd9be
eed9be
efd9bf
f0d9bf
f1d9c0
f2d9c0
f3d9c1
f4d9c1
f5d9c2
f6d9c2
f7d9c3
f8d9c3
f9d9c4
fad9c4
fbd9c5
fcd9c5
fdd9c6
eed9c6
afd9c7
50d9c7
11d9c8
02d9c8
03d9c9
04d9c9
05d9ca
06d9ca
07d9cb
08d9cb
09d9cc
0ad9cc
0bd9cd
0cd9cd
0dd9ce
0ed9ce
0fd9cf
10d9cf
11d9d0
12d9d0
13d9d1
14d9d1
15d9d2
16d9d2
17d9d3
18d9d3
19d9d4
1ad9d4
1bd9d5
1cd9d5
1dd9d6
1ed9d6
1fd9d7
20d9d7
21d9d8
22d9d8
23d9d9
24d9d9
25d9da
26d9da
27d9db
28d9db
29d9dc
2ad9dc
2bd9dd
2cd9dd
2dd9de
2ed9de
2fd9df
30d9df
31d9e0
32d9e0
33d9e1
34d9e1
35d9e2
36d9e2
37d9e3
38d9e3
39d9e4
3ad9e4
3bd9e5
3cd9e5
3dd9e6
000000
000000
000000
000000
02da49
03da49
04da4a
05da4a
06da4b
07da4b
08da4c
09da4c
0ada4d
0bda4d
0cda4e
0dda4e
0eda4f
0fda4f
10da50
11da50
12da51
13da51
14da52
15da52
16da53
17da53
18da54
19da54
1ada55
1bda55
1cda56
1dda56
1eda57
1fda57
20da58
21da58
22da59
23da59
24da5a
25da5a
26da5b
27da5b
28da5c
29da5c
2ada5d
2bda5d
2cda5e
2dda5e
2eda5f
2fda5f
30da60
31da60
32da61
33da61
34da62
35da62
36da63
37da63
38da64
39da64
3ada65
3bda65
3cda66
3dda66
3eda67
3fda67
40da68
41da68
42da69
43da69
44da6a
45da6a
46da6b
47da6b
48da6c
49da6c
4ada6d
4bda6d
4cda6e
4dda6e
4eda6f
4fda6f
50da70
51da70
52da71
53da71
54da72
55da72
56da73
57da73
58da74
59da74
5ada75
5bda75
5cda76
5dda76
5eda77
5fda77
60da78
61da78
62da79
63da79
64da7a
65da7a
66da7b
67da7b
68da7c
69da7c
6ada7d
6bda7d
6cda7e
6dda7e
6eda7f
6fda7f
70da80
71da80
72da81
73da81
74da82
75da82
76da83
77da83
78da84
79da84
7ada85
7bda85
7cda86
7dda86
7eda87
7fda87
80da88
81da88
82da89
83da89
84da8a
85da8a
86da8b
87da8b
88da8c
89da8c
8ada8d
8bda8d
8cda8e
8dda8e
8eda8f
8fda8f
90da90
91da90
92da91
93da91
94da92
95da92
96da93
97da93
98da94
99da94
9ada95
9bda95
9cda96
9dda96
9eda97
9fda97
a0da98
a1da98
a2da99
a3da99
a4da9a
a5da9a
a6da9b
a7da9b
a8da9c
a9da9c
aada9d
abda9d
acda9e
adda9e
aeda9f
afda9f
b0daa0
b1daa0
b2daa1
b3daa1
b4daa2
b5daa2
b6daa3
b7daa3
b8daa4
b9daa4
badaa5
bbdaa5
bcdaa6
bddaa6
bedaa7
bfdaa7
c0daa8
c1daa8
c2daa9
c3daa9
c4daaa
c5daaa
c6daab
c7daab
c8daac
c9daac
cadaad
cbdaad
ccdaae
cddaae
cedaaf
cfdaaf
d0dab0
d1dab0
d2dab1
d3dab1
d4dab2
d5dab2
d6dab3
d7dab3
d8dab4
d9dab4
dadab5
dbdab5
dcdab6
dddab6
dedab7
dfdab7
e0dab8
e1dab8
e2dab9
e3dab9
e4daba
e5daba
e6dabb
e7dabb
e8dabc
e9dabc
eadabd
ebdabd
ecdabe
eddabe
eedabf
efdabf
f0dac0
f1dac0
f2dac1
f3dac1
f4dac2
f5dac2
f6dac3
f7dac3
f8dac4
f9dac4
fadac5
fbdac5
fcdac6
fddac6
eedac7
afdac7
50dac8
11dac8
02dac9
03dac9
04daca
05daca
06dacb
07dacb
08dacc
09dacc
0adacd
0bdacd
0cdace
0ddace
0edacf
0fdacf
10dad0
11dad0
12dad1
13dad1
14dad2
15dad2
16dad3
17dad3
18dad4
19dad4
1adad5
1bdad5
1cdad6
1ddad6
1edad7
1fdad7
20dad8
21dad8
22dad9
23dad9
24dada
25dada
26dadb
27dadb
28dadc
29dadc
2adadd
2bdadd
2cdade
2ddade
2edadf
2fdadf
30dae0
31dae0
32dae1
33dae1
34dae2
35dae2
36dae3
37dae3
38dae4
39dae4
3adae5
3bdae5
3cdae6
3ddae6
000000
000000
000000
000000
02db49
03db49
04db4a
05db4a
06db4b
07db4b
08db4c
09db4c
0adb4d
0bdb4d
0cdb4e
0ddb4e
0edb4f
0fdb4f
10db50
11db50
12db51
13db51
14db52
15db52
16db53
17db53
18db54
19db54
1adb55
1bdb55
1cdb56
1ddb56
1edb57
1fdb57
20db58
21db58
22db59
23db59
24db5a
25db5a
26db5b
27db5b
28db5c
29db5c
2adb5d
2bdb5d
2cdb5e
2ddb5e
2edb5f
2fdb5f
30db60
31db60
32db61
33db61
34db62
35db62
36db63
37db63
38db64
39db64
3adb65
3bdb65
3cdb66
3ddb66
3edb67
3fdb67
40db68
41db68
42db69
43db69
44db6a
45db6a
46db6b
47db6b
48db6c
49db6c
4adb6d
4bdb6d
4cdb6e
4ddb6e
4edb6f
4fdb6f
50db70
51db70
52db71
53db71
54db72
55db72
56db73
57db73
58db74
59db74
5adb75
5bdb75
5cdb76
5ddb76
5edb77
5fdb77
60db78
61db78
62db79
63db79
64db7a
65db7a
66db7b
67db7b
68db7c
69db7c
6adb7d
6bdb7d
6cdb7e
6ddb7e
6edb7f
6fdb7f
70db80
71db80
72db81
73db81
74db82
75db82
76db83
77db83
78db84
79db84
7adb85
7bdb85
7cdb86
7ddb86
7edb87
7fdb87
80db88
81db88
82db89
83db89
84db8a
85db8a
86db8b
87db8b
88db8c
89db8c
8adb8d
8bdb8d
8cdb8e
8ddb8e
8edb8f
8fdb8f
90db90
91db90
92db91
93db91
94db92
95db92
96db93
97db93
98db94
99db94
9adb95
9bdb95
9cdb96
9ddb96
9edb97
9fdb97
a0db98
a1db98
a2db99
a3db99
a4db9a
a5db9a
a6db9b
a7db9b
a8db9c
a9db9c
aadb9d
abdb9d
acdb9e
addb9e
aedb9f
afdb9f
b0dba0
b1dba0
b2dba1
b3dba1
b4dba2
b5dba2
b6dba3
b7dba3
b8dba4
b9dba4
badba5
bbdba5
bcdba6
bddba6
bedba7
bfdba7
c0dba8
c1dba8
c2dba9
c3dba9
c4dbaa
c5dbaa
c6dbab
c7dbab
c8dbac
c9dbac
cadbad
cbdbad
ccdbae
cddbae
cedbaf
cfdbaf
d0dbb0
d1dbb0
d2dbb1
d3dbb1
d4dbb2
d5dbb2
d6dbb3
d7dbb3
d8dbb4
d9dbb4
dadbb5
dbdbb5
dcdbb6
dddbb6
dedbb7
dfdbb7
e0dbb8
e1dbb8
e2dbb9
e3dbb9
e4dbba
e5dbba
e6dbbb
e7dbbb
e8dbbc
e9dbbc
eadbbd
ebdbbd
ecdbbe
eddbbe
eedbbf
efdbbf
f0dbc0
f1dbc0
f2dbc1
f3dbc1
f4dbc2
f5dbc2
f6dbc3
f7dbc3
f8dbc4
f9dbc4
fadbc5
fbdbc5
fcdbc6
fddbc6
eedbc7
afdbc7
50dbc8
11dbc8
02dbc9
03dbc9
04dbca
05dbca
06dbcb
07dbcb
08dbcc
09dbcc
0adbcd
0bdbcd
0cdbce
0ddbce
0edbcf
0fdbcf
10dbd0
11dbd0
12dbd1
13dbd1
14dbd2
15dbd2
16dbd3
17dbd3
18dbd4
19dbd4
1adbd5
1bdbd5
1cdbd6
1ddbd6
1edbd7
1fdbd7
20dbd8
21dbd8
22dbd9
23dbd9
24dbda
25dbda
26dbdb
27dbdb
28dbdc
29dbdc
2adbdd
2bdbdd
2cdbde
2ddbde
2edbdf
2fdbdf
30dbe0
31dbe0
32dbe1
33dbe1
34dbe2
35dbe2
36dbe3
37dbe3
38dbe4
39dbe4
3adbe5
3bdbe5
3cdbe6
3ddbe6
000000
000000
000000
000000
02dc49
03dc4a
04dc4a
05dc4b
06dc4b
07dc4c
08dc4c
09dc4d
0adc4d
0bdc4e
0cdc4e
0ddc4f
0edc4f
0fdc50
10dc50
11dc51
12dc51
13dc52
14dc52
15dc53
16dc53
17dc54
18dc54
19dc55
1adc55
1bdc56
1cdc56
1ddc57
1edc57
1fdc58
20dc58
21dc59
22dc59
23dc5a
24dc5a
25dc5b
26dc5b
27dc5c
28dc5c
29dc5d
2adc5d
2bdc5e
2cdc5e
2ddc5f
2edc5f
2fdc60
30dc60
31dc61
32dc61
33dc62
34dc62
35dc63
36dc63
37dc64
38dc64
39dc65
3adc65
3bdc66
3cdc66
3ddc67
3edc67
3fdc68
40dc68
41dc69
42dc69
43dc6a
44dc6a
45dc6b
46dc6b
47dc6c
48dc6c
49dc6d
4adc6d
4bdc6e
4cdc6e
4ddc6f
4edc6f
4fdc70
50dc70
51dc71
52dc71
53dc72
54dc72
55dc73
56dc73
57dc74
58dc74
59dc75
5adc75
5bdc76
5cdc76
5ddc77
5edc77
5fdc78
60dc78
61dc79
62dc79
63dc7a
64dc7a
65dc7b
66dc7b
67dc7c
68dc7c
69dc7d
6adc7d
6bdc7e
6cdc7e
6ddc7f
6edc7f
6fdc80
70dc80
71dc81
72dc81
73dc82
74dc82
75dc83
76dc83
77dc84
78dc84
79dc85
7adc85
7bdc86
7cdc86
7ddc87
7edc87
7fdc88
80dc88
81dc89
82dc89
83dc8a
84dc8a
85dc8b
86dc8b
87dc8c
88dc8c
89dc8d
8adc8d
8bdc8e
8cdc8e
8ddc8f
8edc8f
8fdc90
90dc90
91dc91
92dc91
93dc92
94dc92
95dc93
96dc93
97dc94
98dc94
99dc95
9adc95
9bdc96
9cdc96
9ddc97
9edc97
9fdc98
a0dc98
a1dc99
a2dc99
a3dc9a
a4dc9a
a5dc9b
a6dc9b
a7dc9c
a8dc9c
a9dc9d
aadc9d
abdc9e
acdc9e
addc9f
aedc9f
afdca0
b0dca0
b1dca1
b2dca1
b3dca2
b4dca2
b5dca3
b6dca3
b7dca4
b8dca4
b9dca5
badca5
bbdca6
bcdca6
bddca7
bedca7
bfdca8
c0dca8
c1dca9
c2dca9
c3dcaa
c4dcaa
c5dcab
c6dcab
c7dcac
c8dcac
c9dcad
cadcad
cbdcae
ccdcae
cddcaf
cedcaf
cfdcb0
d0dcb0
d1dcb1
d2dcb1
d3dcb2
d4dcb2
d5dcb3
d6dcb3
d7dcb4
d8dcb4
d9dcb5
dadcb5
dbdcb6
dcdcb6
dddcb7
dedcb7
dfdcb8
e0dcb8
e1dcb9
e2dcb9
e3dcba
e4dcba
e5dcbb
e6dcbb
e7dcbc
e8dcbc
e9dcbd
eadcbd
ebdcbe
ecdcbe
eddcbf
eedcbf
efdcc0
f0dcc0
f1dcc1
f2dcc1
f3dcc2
f4dcc2
f5dcc3
f6dcc3
f7dcc4
f8dcc4
f9dcc5
fadcc5
fbdcc6
fcdcc6
fddcc7
eedcc7
afdcc8
50dcc8
11dcc9
02dcc9
03dcca
04dcca
05dccb
06dccb
07dccc
08dccc
09dccd
0adccd
0bdcce
0cdcce
0ddccf
0edccf
0fdcd0
10dcd0
11dcd1
12dcd1
13dcd2
14dcd2
15dcd3
16dcd3
17dcd4
18dcd4
19dcd5
1adcd5
1bdcd6
1cdcd6
1ddcd7
1edcd7
1fdcd8
20dcd8
21dcd9
22dcd9
23dcda
24dcda
25dcdb
26dcdb
27dcdc
28dcdc
29dcdd
2adcdd
2bdcde
2cdcde
2ddcdf
2edcdf
2fdce0
30dce0
31dce1
32dce1
33dce2
34dce2
35dce3
36dce3
37dce4
38dce4
39dce5
3adce5
3bdce6
3cdce6
3ddce7
000000
000000
000000
000000
02dd4a
03dd4a
04dd4b
05dd4b
06dd4c
07dd4c
08dd4d
09dd4d
0add4e
0bdd4e
0cdd4f
0ddd4f
0edd50
0fdd50
10dd51
11dd51
12dd52
13dd52
14dd53
15dd53
16dd54
17dd54
18dd55
19dd55
1add56
1bdd56
1cdd57
1ddd57
1edd58
1fdd58
20dd59
21dd59
22dd5a
23dd5a
24dd5b
25dd5b
26dd5c
27dd5c
28dd5d
29dd5d
2add5e
2bdd5e
2cdd5f
2ddd5f
2edd60
2fdd60
30dd61
31dd61
32dd62
33dd62
34dd63
35dd63
36dd64
37dd64
38dd65
39dd65
3add66
3bdd66
3cdd67
3ddd67
3edd68
3fdd68
40dd69
41dd69
42dd6a
43dd6a
44dd6b
45dd6b
46dd6c
47dd6c
48dd6d
49dd6d
4add6e
4bdd6e
4cdd6f
4ddd6f
4edd70
4fdd70
50dd71
51dd71
52dd72
53dd72
54dd73
55dd73
56dd74
57dd74
58dd75
59dd75
5add76
5bdd76
5cdd77
5ddd77
5edd78
5fdd78
60dd79
61dd79
62dd7a
63dd7a
64dd7b
65dd7b
66dd7c
67dd7c
68dd7d
69dd7d
6add7e
6bdd7e
6cdd7f
6ddd7f
6edd80
6fdd80
70dd81
71dd81
72dd82
73dd82
74dd83
75dd83
76dd84
77dd84
78dd85
79dd85
7add86
7bdd86
7cdd87
7ddd87
7edd88
7fdd88
80dd89
81dd89
82dd8a
83dd8a
84dd8b
85dd8b
86dd8c
87dd8c
88dd8d
89dd8d
8add8e
8bdd8e
8cdd8f
8ddd8f
8edd90
8fdd90
90dd91
91dd91
92dd92
93dd92
94dd93
95dd93
96dd94
97dd94
98dd95
99dd95
9add96
9bdd96
9cdd97
9ddd97
9edd98
9fdd98
a0dd99
a1dd99
a2dd9a
a3dd9a
a4dd9b
a5dd9b
a6dd9c
a7dd9c
a8dd9d
a9dd9d
aadd9e
abdd9e
acdd9f
addd9f
aedda0
afdda0
b0dda1
b1dda1
b2dda2
b3dda2
b4dda3
b5dda3
b6dda4
b7dda4
b8dda5
b9dda5
badda6
bbdda6
bcdda7
bddda7
bedda8
bfdda8
c0dda9
c1dda9
c2ddaa
c3ddaa
c4ddab
c5ddab
c6ddac
c7ddac
c8ddad
c9ddad
caddae
cbddae
ccddaf
cdddaf
ceddb0
cfddb0
d0ddb1
d1ddb1
d2ddb2
d3ddb2
d4ddb3
d5ddb3
d6ddb4
d7ddb4
d8ddb5
d9ddb5
daddb6
dbddb6
dcddb7
ddddb7
deddb8
dfddb8
e0ddb9
e1ddb9
e2ddba
e3ddba
e4ddbb
e5ddbb
e6ddbc
e7ddbc
e8ddbd
e9ddbd
eaddbe
ebddbe
ecddbf
edddbf
eeddc0
efddc0
f0ddc1
f1ddc1
f2ddc2
f3ddc2
f4ddc3
f5ddc3
f6ddc4
f7ddc4
f8ddc5
f9ddc5
faddc6
fbddc6
fcddc7
fdddc7
eeddc8
afddc8
50ddc9
11ddc9
02ddca
03ddca
04ddcb
05ddcb
06ddcc
07ddcc
08ddcd
09ddcd
0addce
0bddce
0cddcf
0dddcf
0eddd0
0fddd0
10ddd1
11ddd1
12ddd2
13ddd2
14ddd3
15ddd3
16ddd4
17ddd4
18ddd5
19ddd5
1addd6
1bddd6
1cddd7
1dddd7
1eddd8
1fddd8
20ddd9
21ddd9
22ddda
23ddda
24dddb
25dddb
26dddc
27dddc
28dddd
29dddd
2addde
2bddde
2cdddf
2ddddf
2edde0
2fdde0
30dde1
31dde1
32dde2
33dde2
34dde3
35dde3
36dde4
37dde4
38dde5
39dde5
3adde6
3bdde6
3cdde7
3ddde7
000000
000000
000000
000000
02de4a
03de4a
04de4b
05de4b
06de4c
07de4c
08de4d
09de4d
0ade4e
0bde4e
0cde4f
0dde4f
0ede50
0fde50
10de51
11de51
12de52
13de52
14de53
15de53
16de54
17de54
18de55
19de55
1ade56
1bde56
1cde57
1dde57
1ede58
1fde58
20de59
21de59
22de5a
23de5a
24de5b
25de5b
26de5c
27de5c
28de5d
29de5d
2ade5e
2bde5e
2cde5f
2dde5f
2ede60
2fde60
30de61
31de61
32de62
33de62
34de63
35de63
36de64
37de64
38de65
39de65
3ade66
3bde66
3cde67
3dde67
3ede68
3fde68
40de69
41de69
42de6a
43de6a
44de6b
45de6b
46de6c
47de6c
48de6d
49de6d
4ade6e
4bde6e
4cde6f
4dde6f
4ede70
4fde70
50de71
51de71
52de72
53de72
54de73
55de73
56de74
57de74
58de75
59de75
5ade76
5bde76
5cde77
5dde77
5ede78
5fde78
60de79
61de79
62de7a
63de7a
64de7b
65de7b
66de7c
67de7c
68de7d
69de7d
6ade7e
6bde7e
6cde7f
6dde7f
6ede80
6fde80
70de81
71de81
72de82
73de82
74de83
75de83
76de84
77de84
78de85
79de85
7ade86
7bde86
7cde87
7dde87
7ede88
7fde88
80de89
81de89
82de8a
83de8a
84de8b
85de8b
86de8c
87de8c
88de8d
89de8d
8ade8e
8bde8e
8cde8f
8dde8f
8ede90
8fde90
90de91
91de91
92de92
93de92
94de93
95de93
96de94
97de94
98de95
99de95
9ade96
9bde96
9cde97
9dde97
9ede98
9fde98
a0de99
a1de99
a2de9a
a3de9a
a4de9b
a5de9b
a6de9c
a7de9c
a8de9d
a9de9d
aade9e
abde9e
acde9f
adde9f
aedea0
afdea0
b0dea1
b1dea1
b2dea2
b3dea2
b4dea3
b5dea3
b6dea4
b7dea4
b8dea5
b9dea5
badea6
bbdea6
bcdea7
bddea7
bedea8
bfdea8
c0dea9
c1dea9
c2deaa
c3deaa
c4deab
c5deab
c6deac
c7deac
c8dead
c9dead
cadeae
cbdeae
ccdeaf
cddeaf
cedeb0
cfdeb0
d0deb1
d1deb1
d2deb2
d3deb2
d4deb3
d5deb3
d6deb4
d7deb4
d8deb5
d9deb5
dadeb6
dbdeb6
dcdeb7
dddeb7
dedeb8
dfdeb8
e0deb9
e1deb9
e2deba
e3deba
e4debb
e5debb
e6debc
e7debc
e8debd
e9debd
eadebe
ebdebe
ecdebf
eddebf
eedec0
efdec0
f0dec1
f1dec1
f2dec2
f3dec2
f4dec3
f5dec3
f6dec4
f7dec4
f8dec5
f9dec5
fadec6
fbdec6
fcdec7
fddec7
eedec8
afdec8
50dec9
11dec9
02deca
03deca
04decb
05decb
06decc
07decc
08decd
09decd
0adece
0bdece
0cdecf
0ddecf
0eded0
0fded0
10ded1
11ded1
12ded2
13ded2
14ded3
15ded3
16ded4
17ded4
18ded5
19ded5
1aded6
1bded6
1cded7
1dded7
1eded8
1fded8
20ded9
21ded9
22deda
23deda
24dedb
25dedb
26dedc
27dedc
28dedd
29dedd
2adede
2bdede
2cdedf
2ddedf
2edee0
2fdee0
30dee1
31dee1
32dee2
33dee2
34dee3
35dee3
36dee4
37dee4
38dee5
39dee5
3adee6
3bdee6
3cdee7
3ddee7
000000
000000
000000
000000
02df4a
03df4b
04df4b
05df4c
06df4c
07df4d
08df4d
09df4e
0adf4e
0bdf4f
0cdf4f
0ddf50
0edf50
0fdf51
10df51
11df52
12df52
13df53
14df53
15df54
16df54
17df55
18df55
19df56
1adf56
1bdf57
1cdf57
1ddf58
1edf58
1fdf59
20df59
21df5a
22df5a
23df5b
24df5b
25df5c
26df5c
27df5d
28df5d
29df5e
2adf5e
2bdf5f
2cdf5f
2ddf60
2edf60
2fdf61
30df61
31df62
32df62
33df63
34df63
35df64
36df64
37df65
38df65
39df66
3adf66
3bdf67
3cdf67
3ddf68
3edf68
3fdf69
40df69
41df6a
42df6a
43df6b
44df6b
45df6c
46df6c
47df6d
48df6d
49df6e
4adf6e
4bdf6f
4cdf6f
4ddf70
4edf70
4fdf71
50df71
51df72
52df72
53df73
54df73
55df74
56df74
57df75
58df75
59df76
5adf76
5bdf77
5cdf77
5ddf78
5edf78
5fdf79
60df79
61df7a
62df7a
63df7b
64df7b
65df7c
66df7c
67df7d
68df7d
69df7e
6adf7e
6bdf7f
6cdf7f
6ddf80
6edf80
6fdf81
70df81
71df82
72df82
73df83
74df83
75df84
76df84
77df85
78df85
79df86
7adf86
7bdf87
7cdf87
7ddf88
7edf88
7fdf89
80df89
81df8a
82df8a
83df8b
84df8b
85df8c
86df8c
87df8d
88df8d
89df8e
8adf8e
8bdf8f
8cdf8f
8ddf90
8edf90
8fdf91
90df91
91df92
92df92
93df93
94df93
95df94
96df94
97df95
98df95
99df96
9adf96
9bdf97
9cdf97
9ddf98
9edf98
9fdf99
a0df99
a1df9a
a2df9a
a3df9b
a4df9b
a5df9c
a6df9c
a7df9d
a8df9d
a9df9e
aadf9e
abdf9f
acdf9f
addfa0
aedfa0
afdfa1
b0dfa1
b1dfa2
b2dfa2
b3dfa3
b4dfa3
b5dfa4
b6dfa4
b7dfa5
b8dfa5
b9dfa6
badfa6
bbdfa7
bcdfa7
bddfa8
bedfa8
bfdfa9
c0dfa9
c1dfaa
c2dfaa
c3dfab
c4dfab
c5dfac
c6dfac
c7dfad
c8dfad
c9dfae
cadfae
cbdfaf
ccdfaf
cddfb0
cedfb0
cfdfb1
d0dfb1
d1dfb2
d2dfb2
d3dfb3
d4dfb3
d5dfb4
d6dfb4
d7dfb5
d8dfb5
d9dfb6
dadfb6
dbdfb7
dcdfb7
dddfb8
dedfb8
dfdfb9
e0dfb9
e1dfba
e2dfba
e3dfbb
e4dfbb
e5dfbc
e6dfbc
e7dfbd
e8dfbd
e9dfbe
eadfbe
ebdfbf
ecdfbf
eddfc0
eedfc0
efdfc1
f0dfc1
f1dfc2
f2dfc2
f3dfc3
f4dfc3
f5dfc4
f6dfc4
f7dfc5
f8dfc5
f9dfc6
fadfc6
fbdfc7
fcdfc7
fddfc8
eedfc8
afdfc9
50dfc9
11dfca
02dfca
03dfcb
04dfcb
05dfcc
06dfcc
07dfcd
08dfcd
09dfce
0adfce
0bdfcf
0cdfcf
0ddfd0
0edfd0
0fdfd1
10dfd1
11dfd2
12dfd2
13dfd3
14dfd3
15dfd4
16dfd4
17dfd5
18dfd5
19dfd6
1adfd6
1bdfd7
1cdfd7
1ddfd8
1edfd8
1fdfd9
20dfd9
21dfda
22dfda
23dfdb
24dfdb
25dfdc
26dfdc
27dfdd
28dfdd
29dfde
2adfde
2bdfdf
2cdfdf
2ddfe0
2edfe0
2fdfe1
30dfe1
31dfe2
32dfe2
33dfe3
34dfe3
35dfe4
36dfe4
37dfe5
38dfe5
39dfe6
3adfe6
3bdfe7
3cdfe7
3ddfe8
000000
000000
000000
000000
02e04b
03e04b
04e04c
05e04c
06e04d
07e04d
08e04e
09e04e
0ae04f
0be04f
0ce050
0de050
0ee051
0fe051
10e052
11e052
12e053
13e053
14e054
15e054
16e055
17e055
18e056
19e056
1ae057
1be057
1ce058
1de058
1ee059
1fe059
20e05a
21e05a
22e05b
23e05b
24e05c
25e05c
26e05d
27e05d
28e05e
29e05e
2ae05f
2be05f
2ce060
2de060
2ee061
2fe061
30e062
31e062
32e063
33e063
34e064
35e064
36e065
37e065
38e066
39e066
3ae067
3be067
3ce068
3de068
3ee069
3fe069
40e06a
41e06a
42e06b
43e06b
44e06c
45e06c
46e06d
47e06d
48e06e
49e06e
4ae06f
4be06f
4ce070
4de070
4ee071
4fe071
50e072
51e072
52e073
53e073
54e074
55e074
56e075
57e075
58e076
59e076
5ae077
5be077
5ce078
5de078
5ee079
5fe079
60e07a
61e07a
62e07b
63e07b
64e07c
65e07c
66e07d
67e07d
68e07e
69e07e
6ae07f
6be07f
6ce080
6de080
6ee081
6fe081
70e082
71e082
72e083
73e083
74e084
75e084
76e085
77e085
78e086
79e086
7ae087
7be087
7ce088
7de088
7ee089
7fe089
80e08a
81e08a
82e08b
83e08b
84e08c
85e08c
86e08d
87e08d
88e08e
89e08e
8ae08f
8be08f
8ce090
8de090
8ee091
8fe091
90e092
91e092
92e093
93e093
94e094
95e094
96e095
97e095
98e096
99e096
9ae097
9be097
9ce098
9de098
9ee099
9fe099
a0e09a
a1e09a
a2e09b
a3e09b
a4e09c
a5e09c
a6e09d
a7e09d
a8e09e
a9e09e
aae09f
abe09f
ace0a0
ade0a0
aee0a1
afe0a1
b0e0a2
b1e0a2
b2e0a3
b3e0a3
b4e0a4
b5e0a4
b6e0a5
b7e0a5
b8e0a6
b9e0a6
bae0a7
bbe0a7
bce0a8
bde0a8
bee0a9
bfe0a9
c0e0aa
c1e0aa
c2e0ab
c3e0ab
c4e0ac
c5e0ac
c6e0ad
c7e0ad
c8e0ae
c9e0ae
cae0af
cbe0af
cce0b0
cde0b0
cee0b1
cfe0b1
d0e0b2
d1e0b2
d2e0b3
d3e0b3
d4e0b4
d5e0b4
d6e0b5
d7e0b5
d8e0b6
d9e0b6
dae0b7
dbe0b7
dce0b8
dde0b8
dee0b9
dfe0b9
e0e0ba
e1e0ba
e2e0bb
e3e0bb
e4e0bc
e5e0bc
e6e0bd
e7e0bd
e8e0be
e9e0be
eae0bf
ebe0bf
ece0c0
ede0c0
eee0c1
efe0c1
f0e0c2
f1e0c2
f2e0c3
f3e0c3
f4e0c4
f5e0c4
f6e0c5
f7e0c5
f8e0c6
f9e0c6
fae0c7
fbe0c7
fce0c8
fde0c8
eee0c9
afe0c9
50e0ca
11e0ca
02e0cb
03e0cb
04e0cc
05e0cc
06e0cd
07e0cd
08e0ce
09e0ce
0ae0cf
0be0cf
0ce0d0
0de0d0
0ee0d1
0fe0d1
10e0d2
11e0d2
12e0d3
13e0d3
14e0d4
15e0d4
16e0d5
17e0d5
18e0d6
19e0d6
1ae0d7
1be0d7
1ce0d8
1de0d8
1ee0d9
1fe0d9
20e0da
21e0da
22e0db
23e0db
24e0dc
25e0dc
26e0dd
27e0dd
28e0de
29e0de
2ae0df
2be0df
2ce0e0
2de0e0
2ee0e1
2fe0e1
30e0e2
31e0e2
32e0e3
33e0e3
34e0e4
35e0e4
36e0e5
37e0e5
38e0e6
39e0e6
3ae0e7
3be0e7
3ce0e8
3de0e8
000000
000000
000000
000000
02e14b
03e14b
04e14c
05e14c
06e14d
07e14d
08e14e
09e14e
0ae14f
0be14f
0ce150
0de150
0ee151
0fe151
10e152
11e152
12e153
13e153
14e154
15e154
16e155
17e155
18e156
19e156
1ae157
1be157
1ce158
1de158
1ee159
1fe159
20e15a
21e15a
22e15b
23e15b
24e15c
25e15c
26e15d
27e15d
28e15e
29e15e
2ae15f
2be15f
2ce160
2de160
2ee161
2fe161
30e162
31e162
32e163
33e163
34e164
35e164
36e165
37e165
38e166
39e166
3ae167
3be167
3ce168
3de168
3ee169
3fe169
40e16a
41e16a
42e16b
43e16b
44e16c
45e16c
46e16d
47e16d
48e16e
49e16e
4ae16f
4be16f
4ce170
4de170
4ee171
4fe171
50e172
51e172
52e173
53e173
54e174
55e174
56e175
57e175
58e176
59e176
5ae177
5be177
5ce178
5de178
5ee179
5fe179
60e17a
61e17a
62e17b
63e17b
64e17c
65e17c
66e17d
67e17d
68e17e
69e17e
6ae17f
6be17f
6ce180
6de180
6ee181
6fe181
70e182
71e182
72e183
73e183
74e184
75e184
76e185
77e185
78e186
79e186
7ae187
7be187
7ce188
7de188
7ee189
7fe189
80e18a
81e18a
82e18b
83e18b
84e18c
85e18c
86e18d
87e18d
88e18e
89e18e
8ae18f
8be18f
8ce190
8de190
8ee191
8fe191
90e192
91e192
92e193
93e193
94e194
95e194
96e195
97e195
98e196
99e196
9ae197
9be197
9ce198
9de198
9ee199
9fe199
a0e19a
a1e19a
a2e19b
a3e19b
a4e19c
a5e19c
a6e19d
a7e19d
a8e19e
a9e19e
aae19f
abe19f
ace1a0
ade1a0
aee1a1
afe1a1
b0e1a2
b1e1a2
b2e1a3
b3e1a3
b4e1a4
b5e1a4
b6e1a5
b7e1a5
b8e1a6
b9e1a6
bae1a7
bbe1a7
bce1a8
bde1a8
bee1a9
bfe1a9
c0e1aa
c1e1aa
c2e1ab
c3e1ab
c4e1ac
c5e1ac
c6e1ad
c7e1ad
c8e1ae
c9e1ae
cae1af
cbe1af
cce1b0
cde1b0
cee1b1
cfe1b1
d0e1b2
d1e1b2
d2e1b3
d3e1b3
d4e1b4
d5e1b4
d6e1b5
d7e1b5
d8e1b6
d9e1b6
dae1b7
dbe1b7
dce1b8
dde1b8
dee1b9
dfe1b9
e0e1ba
e1e1ba
e2e1bb
e3e1bb
e4e1bc
e5e1bc
e6e1bd
e7e1bd
e8e1be
e9e1be
eae1bf
ebe1bf
ece1c0
ede1c0
eee1c1
efe1c1
f0e1c2
f1e1c2
f2e1c3
f3e1c3
f4e1c4
f5e1c4
f6e1c5
f7e1c5
f8e1c6
f9e1c6
fae1c7
fbe1c7
fce1c8
fde1c8
eee1c9
afe1c9
50e1ca
11e1ca
02e1cb
03e1cb
04e1cc
05e1cc
06e1cd
07e1cd
08e1ce
09e1ce
0ae1cf
0be1cf
0ce1d0
0de1d0
0ee1d1
0fe1d1
10e1d2
11e1d2
12e1d3
13e1d3
14e1d4
15e1d4
16e1d5
17e1d5
18e1d6
19e1d6
1ae1d7
1be1d7
1ce1d8
1de1d8
1ee1d9
1fe1d9
20e1da
21e1da
22e1db
23e1db
24e1dc
25e1dc
26e1dd
27e1dd
28e1de
29e1de
2ae1df
2be1df
2ce1e0
2de1e0
2ee1e1
2fe1e1
30e1e2
31e1e2
32e1e3
33e1e3
34e1e4
35e1e4
36e1e5
37e1e5
38e1e6
39e1e6
3ae1e7
3be1e7
3ce1e8
3de1e8
000000
000000
000000
000000
02e24b
03e24c
04e24c
05e24d
06e24d
07e24e
08e24e
09e24f
0ae24f
0be250
0ce250
0de251
0ee251
0fe252
10e252
11e253
12e253
13e254
14e254
15e255
16e255
17e256
18e256
19e257
1ae257
1be258
1ce258
1de259
1ee259
1fe25a
20e25a
21e25b
22e25b
23e25c
24e25c
25e25d
26e25d
27e25e
28e25e
29e25f
2ae25f
2be260
2ce260
2de261
2ee261
2fe262
30e262
31e263
32e263
33e264
34e264
35e265
36e265
37e266
38e266
39e267
3ae267
3be268
3ce268
3de269
3ee269
3fe26a
40e26a
41e26b
42e26b
43e26c
44e26c
45e26d
46e26d
47e26e
48e26e
49e26f
4ae26f
4be270
4ce270
4de271
4ee271
4fe272
50e272
51e273
52e273
53e274
54e274
55e275
56e275
57e276
58e276
59e277
5ae277
5be278
5ce278
5de279
5ee279
5fe27a
60e27a
61e27b
62e27b
63e27c
64e27c
65e27d
66e27d
67e27e
68e27e
69e27f
6ae27f
6be280
6ce280
6de281
6ee281
6fe282
70e282
71e283
72e283
73e284
74e284
75e285
76e285
77e286
78e286
79e287
7ae287
7be288
7ce288
7de289
7ee289
7fe28a
80e28a
81e28b
82e28b
83e28c
84e28c
85e28d
86e28d
87e28e
88e28e
89e28f
8ae28f
8be290
8ce290
8de291
8ee291
8fe292
90e292
91e293
92e293
93e294
94e294
95e295
96e295
97e296
98e296
99e297
9ae297
9be298
9ce298
9de299
9ee299
9fe29a
a0e29a
a1e29b
a2e29b
a3e29c
a4e29c
a5e29d
a6e29d
a7e29e
a8e29e
a9e29f
aae29f
abe2a0
ace2a0
ade2a1
aee2a1
afe2a2
b0e2a2
b1e2a3
b2e2a3
b3e2a4
b4e2a4
b5e2a5
b6e2a5
b7e2a6
b8e2a6
b9e2a7
bae2a7
bbe2a8
bce2a8
bde2a9
bee2a9
bfe2aa
c0e2aa
c1e2ab
c2e2ab
c3e2ac
c4e2ac
c5e2ad
c6e2ad
c7e2ae
c8e2ae
c9e2af
cae2af
cbe2b0
cce2b0
cde2b1
cee2b1
cfe2b2
d0e2b2
d1e2b3
d2e2b3
d3e2b4
d4e2b4
d5e2b5
d6e2b5
d7e2b6
d8e2b6
d9e2b7
dae2b7
dbe2b8
dce2b8
dde2b9
dee2b9
dfe2ba
e0e2ba
e1e2bb
e2e2bb
e3e2bc
e4e2bc
e5e2bd
e6e2bd
e7e2be
e8e2be
e9e2bf
eae2bf
ebe2c0
ece2c0
ede2c1
eee2c1
efe2c2
f0e2c2
f1e2c3
f2e2c3
f3e2c4
f4e2c4
f5e2c5
f6e2c5
f7e2c6
f8e2c6
f9e2c7
fae2c7
fbe2c8
fce2c8
fde2c9
eee2c9
afe2ca
50e2ca
11e2cb
02e2cb
03e2cc
04e2cc
05e2cd
06e2cd
07e2ce
08e2ce
09e2cf
0ae2cf
0be2d0
0ce2d0
0de2d1
0ee2d1
0fe2d2
10e2d2
11e2d3
12e2d3
13e2d4
14e2d4
15e2d5
16e2d5
17e2d6
18e2d6
19e2d7
1ae2d7
1be2d8
1ce2d8
1de2d9
1ee2d9
1fe2da
20e2da
21e2db
22e2db
23e2dc
24e2dc
25e2dd
26e2dd
27e2de
28e2de
29e2df
2ae2df
2be2e0
2ce2e0
2de2e1
2ee2e1
2fe2e2
30e2e2
31e2e3
32e2e3
33e2e4
34e2e4
35e2e5
36e2e5
37e2e6
38e2e6
39e2e7
3ae2e7
3be2e8
3ce2e8
3de2e9
000000
000000
000000
000000
02e34c
03e34c
04e34d
05e34d
06e34e
07e34e
08e34f
09e34f
0ae350
0be350
0ce351
0de351
0ee352
0fe352
10e353
11e353
12e354
13e354
14e355
15e355
16e356
17e356
18e357
19e357
1ae358
1be358
1ce359
1de359
1ee35a
1fe35a
20e35b
21e35b
22e35c
23e35c
24e35d
25e35d
26e35e
27e35e
28e35f
29e35f
2ae360
2be360
2ce361
2de361
2ee362
2fe362
30e363
31e363
32e364
33e364
34e365
35e365
36e366
37e366
38e367
39e367
3ae368
3be368
3ce369
3de369
3ee36a
3fe36a
40e36b
41e36b
42e36c
43e36c
44e36d
45e36d
46e36e
47e36e
48e36f
49e36f
4ae370
4be370
4ce371
4de371
4ee372
4fe372
50e373
51e373
52e374
53e374
54e375
55e375
56e376
57e376
58e377
59e377
5ae378
5be378
5ce379
5de379
5ee37a
5fe37a
60e37b
61e37b
62e37c
63e37c
64e37d
65e37d
66e37e
67e37e
68e37f
69e37f
6ae380
6be380
6ce381
6de381
6ee382
6fe382
70e383
71e383
72e384
73e384
74e385
75e385
76e386
77e386
78e387
79e387
7ae388
7be388
7ce389
7de389
7ee38a
7fe38a
80e38b
81e38b
82e38c
83e38c
84e38d
85e38d
86e38e
87e38e
88e38f
89e38f
8ae390
8be390
8ce391
8de391
8ee392
8fe392
90e393
91e393
92e394
93e394
94e395
95e395
96e396
97e396
98e397
99e397
9ae398
9be398
9ce399
9de399
9ee39a
9fe39a
a0e39b
a1e39b
a2e39c
a3e39c
a4e39d
a5e39d
a6e39e
a7e39e
a8e39f
a9e39f
aae3a0
abe3a0
ace3a1
ade3a1
aee3a2
afe3a2
b0e3a3
b1e3a3
b2e3a4
b3e3a4
b4e3a5
b5e3a5
b6e3a6
b7e3a6
b8e3a7
b9e3a7
bae3a8
bbe3a8
bce3a9
bde3a9
bee3aa
bfe3aa
c0e3ab
c1e3ab
c2e3ac
c3e3ac
c4e3ad
c5e3ad
c6e3ae
c7e3ae
c8e3af
c9e3af
cae3b0
cbe3b0
cce3b1
cde3b1
cee3b2
cfe3b2
d0e3b3
d1e3b3
d2e3b4
d3e3b4
d4e3b5
d5e3b5
d6e3b6
d7e3b6
d8e3b7
d9e3b7
dae3b8
dbe3b8
dce3b9
dde3b9
dee3ba
dfe3ba
e0e3bb
e1e3bb
e2e3bc
e3e3bc
e4e3bd
e5e3bd
e6e3be
e7e3be
e8e3bf
e9e3bf
eae3c0
ebe3c0
ece3c1
ede3c1
eee3c2
efe3c2
f0e3c3
f1e3c3
f2e3c4
f3e3c4
f4e3c5
f5e3c5
f6e3c6
f7e3c6
f8e3c7
f9e3c7
fae3c8
fbe3c8
fce3c9
fde3c9
eee3ca
afe3ca
50e3cb
11e3cb
02e3cc
03e3cc
04e3cd
05e3cd
06e3ce
07e3ce
08e3cf
09e3cf
0ae3d0
0be3d0
0ce3d1
0de3d1
0ee3d2
0fe3d2
10e3d3
11e3d3
12e3d4
13e3d4
14e3d5
15e3d5
16e3d6
17e3d6
18e3d7
19e3d7
1ae3d8
1be3d8
1ce3d9
1de3d9
1ee3da
1fe3da
20e3db
21e3db
22e3dc
23e3dc
24e3dd
25e3dd
26e3de
27e3de
28e3df
29e3df
2ae3e0
2be3e0
2ce3e1
2de3e1
2ee3e2
2fe3e2
30e3e3
31e3e3
32e3e4
33e3e4
34e3e5
35e3e5
36e3e6
37e3e6
38e3e7
39e3e7
3ae3e8
3be3e8
3ce3e9
3de3e9
000000
000000
000000
000000
02e44c
03e44c
04e44d
05e44d
06e44e
07e44e
08e44f
09e44f
0ae450
0be450
0ce451
0de451
0ee452
0fe452
10e453
11e453
12e454
13e454
14e455
15e455
16e456
17e456
18e457
19e457
1ae458
1be458
1ce459
1de459
1ee45a
1fe45a
20e45b
21e45b
22e45c
23e45c
24e45d
25e45d
26e45e
27e45e
28e45f
29e45f
2ae460
2be460
2ce461
2de461
2ee462
2fe462
30e463
31e463
32e464
33e464
34e465
35e465
36e466
37e466
38e467
39e467
3ae468
3be468
3ce469
3de469
3ee46a
3fe46a
40e46b
41e46b
42e46c
43e46c
44e46d
45e46d
46e46e
47e46e
48e46f
49e46f
4ae470
4be470
4ce471
4de471
4ee472
4fe472
50e473
51e473
52e474
53e474
54e475
55e475
56e476
57e476
58e477
59e477
5ae478
5be478
5ce479
5de479
5ee47a
5fe47a
60e47b
61e47b
62e47c
63e47c
64e47d
65e47d
66e47e
67e47e
68e47f
69e47f
6ae480
6be480
6ce481
6de481
6ee482
6fe482
70e483
71e483
72e484
73e484
74e485
75e485
76e486
77e486
78e487
79e487
7ae488
7be488
7ce489
7de489
7ee48a
7fe48a
80e48b
81e48b
82e48c
83e48c
84e48d
85e48d
86e48e
87e48e
88e48f
89e48f
8ae490
8be490
8ce491
8de491
8ee492
8fe492
90e493
91e493
92e494
93e494
94e495
95e495
96e496
97e496
98e497
99e497
9ae498
9be498
9ce499
9de499
9ee49a
9fe49a
a0e49b
a1e49b
a2e49c
a3e49c
a4e49d
a5e49d
a6e49e
a7e49e
a8e49f
a9e49f
aae4a0
abe4a0
ace4a1
ade4a1
aee4a2
afe4a2
b0e4a3
b1e4a3
b2e4a4
b3e4a4
b4e4a5
b5e4a5
b6e4a6
b7e4a6
b8e4a7
b9e4a7
bae4a8
bbe4a8
bce4a9
bde4a9
bee4aa
bfe4aa
c0e4ab
c1e4ab
c2e4ac
c3e4ac
c4e4ad
c5e4ad
c6e4ae
c7e4ae
c8e4af
c9e4af
cae4b0
cbe4b0
cce4b1
cde4b1
cee4b2
cfe4b2
d0e4b3
d1e4b3
d2e4b4
d3e4b4
d4e4b5
d5e4b5
d6e4b6
d7e4b6
d8e4b7
d9e4b7
dae4b8
dbe4b8
dce4b9
dde4b9
dee4ba
dfe4ba
e0e4bb
e1e4bb
e2e4bc
e3e4bc
e4e4bd
e5e4bd
e6e4be
e7e4be
e8e4bf
e9e4bf
eae4c0
ebe4c0
ece4c1
ede4c1
eee4c2
efe4c2
f0e4c3
f1e4c3
f2e4c4
f3e4c4
f4e4c5
f5e4c5
f6e4c6
f7e4c6
f8e4c7
f9e4c7
fae4c8
fbe4c8
fce4c9
fde4c9
eee4ca
afe4ca
50e4cb
11e4cb
02e4cc
03e4cc
04e4cd
05e4cd
06e4ce
07e4ce
08e4cf
09e4cf
0ae4d0
0be4d0
0ce4d1
0de4d1
0ee4d2
0fe4d2
10e4d3
11e4d3
12e4d4
13e4d4
14e4d5
15e4d5
16e4d6
17e4d6
18e4d7
19e4d7
1ae4d8
1be4d8
1ce4d9
1de4d9
1ee4da
1fe4da
20e4db
21e4db
22e4dc
23e4dc
24e4dd
25e4dd
26e4de
27e4de
28e4df
29e4df
2ae4e0
2be4e0
2ce4e1
2de4e1
2ee4e2
2fe4e2
30e4e3
31e4e3
32e4e4
33e4e4
34e4e5
35e4e5
36e4e6
37e4e6
38e4e7
39e4e7
3ae4e8
3be4e8
3ce4e9
3de4e9
000000
000000
000000
000000
02e54c
03e54d
04e54d
05e54e
06e54e
07e54f
08e54f
09e550
0ae550
0be551
0ce551
0de552
0ee552
0fe553
10e553
11e554
12e554
13e555
14e555
15e556
16e556
17e557
18e557
19e558
1ae558
1be559
1ce559
1de55a
1ee55a
1fe55b
20e55b
21e55c
22e55c
23e55d
24e55d
25e55e
26e55e
27e55f
28e55f
29e560
2ae560
2be561
2ce561
2de562
2ee562
2fe563
30e563
31e564
32e564
33e565
34e565
35e566
36e566
37e567
38e567
39e568
3ae568
3be569
3ce569
3de56a
3ee56a
3fe56b
40e56b
41e56c
42e56c
43e56d
44e56d
45e56e
46e56e
47e56f
48e56f
49e570
4ae570
4be571
4ce571
4de572
4ee572
4fe573
50e573
51e574
52e574
53e575
54e575
55e576
56e576
57e577
58e577
59e578
5ae578
5be579
5ce579
5de57a
5ee57a
5fe57b
60e57b
61e57c
62e57c
63e57d
64e57d
65e57e
66e57e
67e57f
68e57f
69e580
6ae580
6be581
6ce581
6de582
6ee582
6fe583
70e583
71e584
72e584
73e585
74e585
75e586
76e586
77e587
78e587
79e588
7ae588
7be589
7ce589
7de58a
7ee58a
7fe58b
80e58b
81e58c
82e58c
83e58d
84e58d
85e58e
86e58e
87e58f
88e58f
89e590
8ae590
8be591
8ce591
8de592
8ee592
8fe593
90e593
91e594
92e594
93e595
94e595
95e596
96e596
97e597
98e597
99e598
9ae598
9be599
9ce599
9de59a
9ee59a
9fe59b
a0e59b
a1e59c
a2e59c
a3e59d
a4e59d
a5e59e
a6e59e
a7e59f
a8e59f
a9e5a0
aae5a0
abe5a1
ace5a1
ade5a2
aee5a2
afe5a3
b0e5a3
b1e5a4
b2e5a4
b3e5a5
b4e5a5
b5e5a6
b6e5a6
b7e5a7
b8e5a7
b9e5a8
bae5a8
bbe5a9
bce5a9
bde5aa
bee5aa
bfe5ab
c0e5ab
c1e5ac
c2e5ac
c3e5ad
c4e5ad
c5e5ae
c6e5ae
c7e5af
c8e5af
c9e5b0
cae5b0
cbe5b1
cce5b1
cde5b2
cee5b2
cfe5b3
d0e5b3
d1e5b4
d2e5b4
d3e5b5
d4e5b5
d5e5b6
d6e5b6
d7e5b7
d8e5b7
d9e5b8
dae5b8
dbe5b9
dce5b9
dde5ba
dee5ba
dfe5bb
e0e5bb
e1e5bc
e2e5bc
e3e5bd
e4e5bd
e5e5be
e6e5be
e7e5bf
e8e5bf
e9e5c0
eae5c0
ebe5c1
ece5c1
ede5c2
eee5c2
efe5c3
f0e5c3
f1e5c4
f2e5c4
f3e5c5
f4e5c5
f5e5c6
f6e5c6
f7e5c7
f8e5c7
f9e5c8
fae5c8
fbe5c9
fce5c9
fde5ca
eee5ca
afe5cb
50e5cb
11e5cc
02e5cc
03e5cd
04e5cd
05e5ce
06e5ce
07e5cf
08e5cf
09e5d0
0ae5d0
0be5d1
0ce5d1
0de5d2
0ee5d2
0fe5d3
10e5d3
11e5d4
12e5d4
13e5d5
14e5d5
15e5d6
16e5d6
17e5d7
18e5d7
19e5d8
1ae5d8
1be5d9
1ce5d9
1de5da
1ee5da
1fe5db
20e5db
21e5dc
22e5dc
23e5dd
24e5dd
25e5de
26e5de
27e5df
28e5df
29e5e0
2ae5e0
2be5e1
2ce5e1
2de5e2
2ee5e2
2fe5e3
30e5e3
31e5e4
32e5e4
33e5e5
34e5e5
35e5e6
36e5e6
37e5e7
38e5e7
39e5e8
3ae5e8
3be5e9
3ce5e9
3de5ea
000000
000000
000000
000000
02e64d
03e64d
04e64e
05e64e
06e64f
07e64f
08e650
09e650
0ae651
0be651
0ce652
0de652
0ee653
0fe653
10e654
11e654
12e655
13e655
14e656
15e656
16e657
17e657
18e658
19e658
1ae659
1be659
1ce65a
1de65a
1ee65b
1fe65b
20e65c
21e65c
22e65d
23e65d
24e65e
25e65e
26e65f
27e65f
28e660
29e660
2ae661
2be661
2ce662
2de662
2ee663
2fe663
30e664
31e664
32e665
33e665
34e666
35e666
36e667
37e667
38e668
39e668
3ae669
3be669
3ce66a
3de66a
3ee66b
3fe66b
40e66c
41e66c
42e66d
43e66d
44e66e
45e66e
46e66f
47e66f
48e670
49e670
4ae671
4be671
4ce672
4de672
4ee673
4fe673
50e674
51e674
52e675
53e675
54e676
55e676
56e677
57e677
58e678
59e678
5ae679
5be679
5ce67a
5de67a
5ee67b
5fe67b
60e67c
61e67c
62e67d
63e67d
64e67e
65e67e
66e67f
67e67f
68e680
69e680
6ae681
6be681
6ce682
6de682
6ee683
6fe683
70e684
71e684
72e685
73e685
74e686
75e686
76e687
77e687
78e688
79e688
7ae689
7be689
7ce68a
7de68a
7ee68b
7fe68b
80e68c
81e68c
82e68d
83e68d
84e68e
85e68e
86e68f
87e68f
88e690
89e690
8ae691
8be691
8ce692
8de692
8ee693
8fe693
90e694
91e694
92e695
93e695
94e696
95e696
96e697
97e697
98e698
99e698
9ae699
9be699
9ce69a
9de69a
9ee69b
9fe69b
a0e69c
a1e69c
a2e69d
a3e69d
a4e69e
a5e69e
a6e69f
a7e69f
a8e6a0
a9e6a0
aae6a1
abe6a1
ace6a2
ade6a2
aee6a3
afe6a3
b0e6a4
b1e6a4
b2e6a5
b3e6a5
b4e6a6
b5e6a6
b6e6a7
b7e6a7
b8e6a8
b9e6a8
bae6a9
bbe6a9
bce6aa
bde6aa
bee6ab
bfe6ab
c0e6ac
c1e6ac
c2e6ad
c3e6ad
c4e6ae
c5e6ae
c6e6af
c7e6af
c8e6b0
c9e6b0
cae6b1
cbe6b1
cce6b2
cde6b2
cee6b3
cfe6b3
d0e6b4
d1e6b4
d2e6b5
d3e6b5
d4e6b6
d5e6b6
d6e6b7
d7e6b7
d8e6b8
d9e6b8
dae6b9
dbe6b9
dce6ba
dde6ba
dee6bb
dfe6bb
e0e6bc
e1e6bc
e2e6bd
e3e6bd
e4e6be
e5e6be
e6e6bf
e7e6bf
e8e6c0
e9e6c0
eae6c1
ebe6c1
ece6c2
ede6c2
eee6c3
efe6c3
f0e6c4
f1e6c4
f2e6c5
f3e6c5
f4e6c6
f5e6c6
f6e6c7
f7e6c7
f8e6c8
f9e6c8
fae6c9
fbe6c9
fce6ca
fde6ca
eee6cb
afe6cb
50e6cc
11e6cc
02e6cd
03e6cd
04e6ce
05e6ce
06e6cf
07e6cf
08e6d0
09e6d0
0ae6d1
0be6d1
0ce6d2
0de6d2
0ee6d3
0fe6d3
10e6d4
11e6d4
12e6d5
13e6d5
14e6d6
15e6d6
16e6d7
17e6d7
18e6d8
19e6d8
1ae6d9
1be6d9
1ce6da
1de6da
1ee6db
1fe6db
20e6dc
21e6dc
22e6dd
23e6dd
24e6de
25e6de
26e6df
27e6df
28e6e0
29e6e0
2ae6e1
2be6e1
2ce6e2
2de6e2
2ee6e3
2fe6e3
30e6e4
31e6e4
32e6e5
33e6e5
34e6e6
35e6e6
36e6e7
37e6e7
38e6e8
39e6e8
3ae6e9
3be6e9
3ce6ea
3de6ea
000000
000000
000000
000000
02e74d
03e74d
04e74e
05e74e
06e74f
07e74f
08e750
09e750
0ae751
0be751
0ce752
0de752
0ee753
0fe753
10e754
11e754
12e755
13e755
14e756
15e756
16e757
17e757
18e758
19e758
1ae759
1be759
1ce75a
1de75a
1ee75b
1fe75b
20e75c
21e75c
22e75d
23e75d
24e75e
25e75e
26e75f
27e75f
28e760
29e760
2ae761
2be761
2ce762
2de762
2ee763
2fe763
30e764
31e764
32e765
33e765
34e766
35e766
36e767
37e767
38e768
39e768
3ae769
3be769
3ce76a
3de76a
3ee76b
3fe76b
40e76c
41e76c
42e76d
43e76d
44e76e
45e76e
46e76f
47e76f
48e770
49e770
4ae771
4be771
4ce772
4de772
4ee773
4fe773
50e774
51e774
52e775
53e775
54e776
55e776
56e777
57e777
58e778
59e778
5ae779
5be779
5ce77a
5de77a
5ee77b
5fe77b
60e77c
61e77c
62e77d
63e77d
64e77e
65e77e
66e77f
67e77f
68e780
69e780
6ae781
6be781
6ce782
6de782
6ee783
6fe783
70e784
71e784
72e785
73e785
74e786
75e786
76e787
77e787
78e788
79e788
7ae789
7be789
7ce78a
7de78a
7ee78b
7fe78b
80e78c
81e78c
82e78d
83e78d
84e78e
85e78e
86e78f
87e78f
88e790
89e790
8ae791
8be791
8ce792
8de792
8ee793
8fe793
90e794
91e794
92e795
93e795
94e796
95e796
96e797
97e797
98e798
99e798
9ae799
9be799
9ce79a
9de79a
9ee79b
9fe79b
a0e79c
a1e79c
a2e79d
a3e79d
a4e79e
a5e79e
a6e79f
a7e79f
a8e7a0
a9e7a0
aae7a1
abe7a1
ace7a2
ade7a2
aee7a3
afe7a3
b0e7a4
b1e7a4
b2e7a5
b3e7a5
b4e7a6
b5e7a6
b6e7a7
b7e7a7
b8e7a8
b9e7a8
bae7a9
bbe7a9
bce7aa
bde7aa
bee7ab
bfe7ab
c0e7ac
c1e7ac
c2e7ad
c3e7ad
c4e7ae
c5e7ae
c6e7af
c7e7af
c8e7b0
c9e7b0
cae7b1
cbe7b1
cce7b2
cde7b2
cee7b3
cfe7b3
d0e7b4
d1e7b4
d2e7b5
d3e7b5
d4e7b6
d5e7b6
d6e7b7
d7e7b7
d8e7b8
d9e7b8
dae7b9
dbe7b9
dce7ba
dde7ba
dee7bb
dfe7bb
e0e7bc
e1e7bc
e2e7bd
e3e7bd
e4e7be
e5e7be
e6e7bf
e7e7bf
e8e7c0
e9e7c0
eae7c1
ebe7c1
ece7c2
ede7c2
eee7c3
efe7c3
f0e7c4
f1e7c4
f2e7c5
f3e7c5
f4e7c6
f5e7c6
f6e7c7
f7e7c7
f8e7c8
f9e7c8
fae7c9
fbe7c9
fce7ca
fde7ca
eee7cb
afe7cb
50e7cc
11e7cc
02e7cd
03e7cd
04e7ce
05e7ce
06e7cf
07e7cf
08e7d0
09e7d0
0ae7d1
0be7d1
0ce7d2
0de7d2
0ee7d3
0fe7d3
10e7d4
11e7d4
12e7d5
13e7d5
14e7d6
15e7d6
16e7d7
17e7d7
18e7d8
19e7d8
1ae7d9
1be7d9
1ce7da
1de7da
1ee7db
1fe7db
20e7dc
21e7dc
22e7dd
23e7dd
24e7de
25e7de
26e7df
27e7df
28e7e0
29e7e0
2ae7e1
2be7e1
2ce7e2
2de7e2
2ee7e3
2fe7e3
30e7e4
31e7e4
32e7e5
33e7e5
34e7e6
35e7e6
36e7e7
37e7e7
38e7e8
39e7e8
3ae7e9
3be7e9
3ce7ea
3de7ea
000000
000000
000000
000000
02e84d
03e84e
04e84e
05e84f
06e84f
07e850
08e850
09e851
0ae851
0be852
0ce852
0de853
0ee853
0fe854
10e854
11e855
12e855
13e856
14e856
15e857
16e857
17e858
18e858
19e859
1ae859
1be85a
1ce85a
1de85b
1ee85b
1fe85c
20e85c
21e85d
22e85d
23e85e
24e85e
25e85f
26e85f
27e860
28e860
29e861
2ae861
2be862
2ce862
2de863
2ee863
2fe864
30e864
31e865
32e865
33e866
34e866
35e867
36e867
37e868
38e868
39e869
3ae869
3be86a
3ce86a
3de86b
3ee86b
3fe86c
40e86c
41e86d
42e86d
43e86e
44e86e
45e86f
46e86f
47e870
48e870
49e871
4ae871
4be872
4ce872
4de873
4ee873
4fe874
50e874
51e875
52e875
53e876
54e876
55e877
56e877
57e878
58e878
59e879
5ae879
5be87a
5ce87a
5de87b
5ee87b
5fe87c
60e87c
61e87d
62e87d
63e87e
64e87e
65e87f
66e87f
67e880
68e880
69e881
6ae881
6be882
6ce882
6de883
6ee883
6fe884
70e884
71e885
72e885
73e886
74e886
75e887
76e887
77e888
78e888
79e889
7ae889
7be88a
7ce88a
7de88b
7ee88b
7fe88c
80e88c
81e88d
82e88d
83e88e
84e88e
85e88f
86e88f
87e890
88e890
89e891
8ae891
8be892
8ce892
8de893
8ee893
8fe894
90e894
91e895
92e895
93e896
94e896
95e897
96e897
97e898
98e898
99e899
9ae899
9be89a
9ce89a
9de89b
9ee89b
9fe89c
a0e89c
a1e89d
a2e89d
a3e89e
a4e89e
a5e89f
a6e89f
a7e8a0
a8e8a0
a9e8a1
aae8a1
abe8a2
ace8a2
ade8a3
aee8a3
afe8a4
b0e8a4
b1e8a5
b2e8a5
b3e8a6
b4e8a6
b5e8a7
b6e8a7
b7e8a8
b8e8a8
b9e8a9
bae8a9
bbe8aa
bce8aa
bde8ab
bee8ab
bfe8ac
c0e8ac
c1e8ad
c2e8ad
c3e8ae
c4e8ae
c5e8af
c6e8af
c7e8b0
c8e8b0
c9e8b1
cae8b1
cbe8b2
cce8b2
cde8b3
cee8b3
cfe8b4
d0e8b4
d1e8b5
d2e8b5
d3e8b6
d4e8b6
d5e8b7
d6e8b7
d7e8b8
d8e8b8
d9e8b9
dae8b9
dbe8ba
dce8ba
dde8bb
dee8bb
dfe8bc
e0e8bc
e1e8bd
e2e8bd
e3e8be
e4e8be
e5e8bf
e6e8bf
e7e8c0
e8e8c0
e9e8c1
eae8c1
ebe8c2
ece8c2
ede8c3
eee8c3
efe8c4
f0e8c4
f1e8c5
f2e8c5
f3e8c6
f4e8c6
f5e8c7
f6e8c7
f7e8c8
f8e8c8
f9e8c9
fae8c9
fbe8ca
fce8ca
fde8cb
eee8cb
afe8cc
50e8cc
11e8cd
02e8cd
03e8ce
04e8ce
05e8cf
06e8cf
07e8d0
08e8d0
09e8d1
0ae8d1
0be8d2
0ce8d2
0de8d3
0ee8d3
0fe8d4
10e8d4
11e8d5
12e8d5
13e8d6
14e8d6
15e8d7
16e8d7
17e8d8
18e8d8
19e8d9
1ae8d9
1be8da
1ce8da
1de8db
1ee8db
1fe8dc
20e8dc
21e8dd
22e8dd
23e8de
24e8de
25e8df
26e8df
27e8e0
28e8e0
29e8e1
2ae8e1
2be8e2
2ce8e2
2de8e3
2ee8e3
2fe8e4
30e8e4
31e8e5
32e8e5
33e8e6
34e8e6
35e8e7
36e8e7
37e8e8
38e8e8
39e8e9
3ae8e9
3be8ea
3ce8ea
3de8eb
000000
000000
000000
000000
02e94e
03e94e
04e94f
05e94f
06e950
07e950
08e951
09e951
0ae952
0be952
0ce953
0de953
0ee954
0fe954
10e955
11e955
12e956
13e956
14e957
15e957
16e958
17e958
18e959
19e959
1ae95a
1be95a
1ce95b
1de95b
1ee95c
1fe95c
20e95d
21e95d
22e95e
23e95e
24e95f
25e95f
26e960
27e960
28e961
29e961
2ae962
2be962
2ce963
2de963
2ee964
2fe964
30e965
31e965
32e966
33e966
34e967
35e967
36e968
37e968
38e969
39e969
3ae96a
3be96a
3ce96b
3de96b
3ee96c
3fe96c
40e96d
41e96d
42e96e
43e96e
44e96f
45e96f
46e970
47e970
48e971
49e971
4ae972
4be972
4ce973
4de973
4ee974
4fe974
50e975
51e975
52e976
53e976
54e977
55e977
56e978
57e978
58e979
59e979
5ae97a
5be97a
5ce97b
5de97b
5ee97c
5fe97c
60e97d
61e97d
62e97e
63e97e
64e97f
65e97f
66e980
67e980
68e981
69e981
6ae982
6be982
6ce983
6de983
6ee984
6fe984
70e985
71e985
72e986
73e986
74e987
75e987
76e988
77e988
78e989
79e989
7ae98a
7be98a
7ce98b
7de98b
7ee98c
7fe98c
80e98d
81e98d
82e98e
83e98e
84e98f
85e98f
86e990
87e990
88e991
89e991
8ae992
8be992
8ce993
8de993
8ee994
8fe994
90e995
91e995
92e996
93e996
94e997
95e997
96e998
97e998
98e999
99e999
9ae99a
9be99a
9ce99b
9de99b
9ee99c
9fe99c
a0e99d
a1e99d
a2e99e
a3e99e
a4e99f
a5e99f
a6e9a0
a7e9a0
a8e9a1
a9e9a1
aae9a2
abe9a2
ace9a3
ade9a3
aee9a4
afe9a4
b0e9a5
b1e9a5
b2e9a6
b3e9a6
b4e9a7
b5e9a7
b6e9a8
b7e9a8
b8e9a9
b9e9a9
bae9aa
bbe9aa
bce9ab
bde9ab
bee9ac
bfe9ac
c0e9ad
c1e9ad
c2e9ae
c3e9ae
c4e9af
c5e9af
c6e9b0
c7e9b0
c8e9b1
c9e9b1
cae9b2
cbe9b2
cce9b3
cde9b3
cee9b4
cfe9b4
d0e9b5
d1e9b5
d2e9b6
d3e9b6
d4e9b7
d5e9b7
d6e9b8
d7e9b8
d8e9b9
d9e9b9
dae9ba
dbe9ba
dce9bb
dde9bb
dee9bc
dfe9bc
e0e9bd
e1e9bd
e2e9be
e3e9be
e4e9bf
e5e9bf
e6e9c0
e7e9c0
e8e9c1
e9e9c1
eae9c2
ebe9c2
ece9c3
ede9c3
eee9c4
efe9c4
f0e9c5
f1e9c5
f2e9c6
f3e9c6
f4e9c7
f5e9c7
f6e9c8
f7e9c8
f8e9c9
f9e9c9
fae9ca
fbe9ca
fce9cb
fde9cb
eee9cc
afe9cc
50e9cd
11e9cd
02e9ce
03e9ce
04e9cf
05e9cf
06e9d0
07e9d0
08e9d1
09e9d1
0ae9d2
0be9d2
0ce9d3
0de9d3
0ee9d4
0fe9d4
10e9d5
11e9d5
12e9d6
13e9d6
14e9d7
15e9d7
16e9d8
17e9d8
18e9d9
19e9d9
1ae9da
1be9da
1ce9db
1de9db
1ee9dc
1fe9dc
20e9dd
21e9dd
22e9de
23e9de
24e9df
25e9df
26e9e0
27e9e0
28e9e1
29e9e1
2ae9e2
2be9e2
2ce9e3
2de9e3
2ee9e4
2fe9e4
30e9e5
31e9e5
32e9e6
33e9e6
34e9e7
35e9e7
36e9e8
37e9e8
38e9e9
39e9e9
3ae9ea
3be9ea
3ce9eb
3de9eb
000000
000000
000000
000000
02ea4e
03ea4e
04ea4f
05ea4f
06ea50
07ea50
08ea51
09ea51
0aea52
0bea52
0cea53
0dea53
0eea54
0fea54
10ea55
11ea55
12ea56
13ea56
14ea57
15ea57
16ea58
17ea58
18ea59
19ea59
1aea5a
1bea5a
1cea5b
1dea5b
1eea5c
1fea5c
20ea5d
21ea5d
22ea5e
23ea5e
24ea5f
25ea5f
26ea60
27ea60
28ea61
29ea61
2aea62
2bea62
2cea63
2dea63
2eea64
2fea64
30ea65
31ea65
32ea66
33ea66
34ea67
35ea67
36ea68
37ea68
38ea69
39ea69
3aea6a
3bea6a
3cea6b
3dea6b
3eea6c
3fea6c
40ea6d
41ea6d
42ea6e
43ea6e
44ea6f
45ea6f
46ea70
47ea70
48ea71
49ea71
4aea72
4bea72
4cea73
4dea73
4eea74
4fea74
50ea75
51ea75
52ea76
53ea76
54ea77
55ea77
56ea78
57ea78
58ea79
59ea79
5aea7a
5bea7a
5cea7b
5dea7b
5eea7c
5fea7c
60ea7d
61ea7d
62ea7e
63ea7e
64ea7f
65ea7f
66ea80
67ea80
68ea81
69ea81
6aea82
6bea82
6cea83
6dea83
6eea84
6fea84
70ea85
71ea85
72ea86
73ea86
74ea87
75ea87
76ea88
77ea88
78ea89
79ea89
7aea8a
7bea8a
7cea8b
7dea8b
7eea8c
7fea8c
80ea8d
81ea8d
82ea8e
83ea8e
84ea8f
85ea8f
86ea90
87ea90
88ea91
89ea91
8aea92
8bea92
8cea93
8dea93
8eea94
8fea94
90ea95
91ea95
92ea96
93ea96
94ea97
95ea97
96ea98
97ea98
98ea99
99ea99
9aea9a
9bea9a
9cea9b
9dea9b
9eea9c
9fea9c
a0ea9d
a1ea9d
a2ea9e
a3ea9e
a4ea9f
a5ea9f
a6eaa0
a7eaa0
a8eaa1
a9eaa1
aaeaa2
abeaa2
aceaa3
adeaa3
aeeaa4
afeaa4
b0eaa5
b1eaa5
b2eaa6
b3eaa6
b4eaa7
b5eaa7
b6eaa8
b7eaa8
b8eaa9
b9eaa9
baeaaa
bbeaaa
bceaab
bdeaab
beeaac
bfeaac
c0eaad
c1eaad
c2eaae
c3eaae
c4eaaf
c5eaaf
c6eab0
c7eab0
c8eab1
c9eab1
caeab2
cbeab2
cceab3
cdeab3
ceeab4
cfeab4
d0eab5
d1eab5
d2eab6
d3eab6
d4eab7
d5eab7
d6eab8
d7eab8
d8eab9
d9eab9
daeaba
dbeaba
dceabb
ddeabb
deeabc
dfeabc
e0eabd
e1eabd
e2eabe
e3eabe
e4eabf
e5eabf
e6eac0
e7eac0
e8eac1
e9eac1
eaeac2
ebeac2
eceac3
edeac3
eeeac4
efeac4
f0eac5
f1eac5
f2eac6
f3eac6
f4eac7
f5eac7
f6eac8
f7eac8
f8eac9
f9eac9
faeaca
fbeaca
fceacb
fdeacb
eeeacc
afeacc
50eacd
11eacd
02eace
03eace
04eacf
05eacf
06ead0
07ead0
08ead1
09ead1
0aead2
0bead2
0cead3
0dead3
0eead4
0fead4
10ead5
11ead5
12ead6
13ead6
14ead7
15ead7
16ead8
17ead8
18ead9
19ead9
1aeada
1beada
1ceadb
1deadb
1eeadc
1feadc
20eadd
21eadd
22eade
23eade
24eadf
25eadf
26eae0
27eae0
28eae1
29eae1
2aeae2
2beae2
2ceae3
2deae3
2eeae4
2feae4
30eae5
31eae5
32eae6
33eae6
34eae7
35eae7
36eae8
37eae8
38eae9
39eae9
3aeaea
3beaea
3ceaeb
3deaeb
000000
000000
000000
000000
02eb4e
03eb4f
04eb4f
05eb50
06eb50
07eb51
08eb51
09eb52
0aeb52
0beb53
0ceb53
0deb54
0eeb54
0feb55
10eb55
11eb56
12eb56
13eb57
14eb57
15eb58
16eb58
17eb59
18eb59
19eb5a
1aeb5a
1beb5b
1ceb5b
1deb5c
1eeb5c
1feb5d
20eb5d
21eb5e
22eb5e
23eb5f
24eb5f
25eb60
26eb60
27eb61
28eb61
29eb62
2aeb62
2beb63
2ceb63
2deb64
2eeb64
2feb65
30eb65
31eb66
32eb66
33eb67
34eb67
35eb68
36eb68
37eb69
38eb69
39eb6a
3aeb6a
3beb6b
3ceb6b
3deb6c
3eeb6c
3feb6d
40eb6d
41eb6e
42eb6e
43eb6f
44eb6f
45eb70
46eb70
47eb71
48eb71
49eb72
4aeb72
4beb73
4ceb73
4deb74
4eeb74
4feb75
50eb75
51eb76
52eb76
53eb77
54eb77
55eb78
56eb78
57eb79
58eb79
59eb7a
5aeb7a
5beb7b
5ceb7b
5deb7c
5eeb7c
5feb7d
60eb7d
61eb7e
62eb7e
63eb7f
64eb7f
65eb80
66eb80
67eb81
68eb81
69eb82
6aeb82
6beb83
6ceb83
6deb84
6eeb84
6feb85
70eb85
71eb86
72eb86
73eb87
74eb87
75eb88
76eb88
77eb89
78eb89
79eb8a
7aeb8a
7beb8b
7ceb8b
7deb8c
7eeb8c
7feb8d
80eb8d
81eb8e
82eb8e
83eb8f
84eb8f
85eb90
86eb90
87eb91
88eb91
89eb92
8aeb92
8beb93
8ceb93
8deb94
8eeb94
8feb95
90eb95
91eb96
92eb96
93eb97
94eb97
95eb98
96eb98
97eb99
98eb99
99eb9a
9aeb9a
9beb9b
9ceb9b
9deb9c
9eeb9c
9feb9d
a0eb9d
a1eb9e
a2eb9e
a3eb9f
a4eb9f
a5eba0
a6eba0
a7eba1
a8eba1
a9eba2
aaeba2
abeba3
aceba3
adeba4
aeeba4
afeba5
b0eba5
b1eba6
b2eba6
b3eba7
b4eba7
b5eba8
b6eba8
b7eba9
b8eba9
b9ebaa
baebaa
bbebab
bcebab
bdebac
beebac
bfebad
c0ebad
c1ebae
c2ebae
c3ebaf
c4ebaf
c5ebb0
c6ebb0
c7ebb1
c8ebb1
c9ebb2
caebb2
cbebb3
ccebb3
cdebb4
ceebb4
cfebb5
d0ebb5
d1ebb6
d2ebb6
d3ebb7
d4ebb7
d5ebb8
d6ebb8
d7ebb9
d8ebb9
d9ebba
daebba
dbebbb
dcebbb
ddebbc
deebbc
dfebbd
e0ebbd
e1ebbe
e2ebbe
e3ebbf
e4ebbf
e5ebc0
e6ebc0
e7ebc1
e8ebc1
e9ebc2
eaebc2
ebebc3
ecebc3
edebc4
eeebc4
efebc5
f0ebc5
f1ebc6
f2ebc6
f3ebc7
f4ebc7
f5ebc8
f6ebc8
f7ebc9
f8ebc9
f9ebca
faebca
fbebcb
fcebcb
fdebcc
eeebcc
afebcd
50ebcd
11ebce
02ebce
03ebcf
04ebcf
05ebd0
06ebd0
07ebd1
08ebd1
09ebd2
0aebd2
0bebd3
0cebd3
0debd4
0eebd4
0febd5
10ebd5
11ebd6
12ebd6
13ebd7
14ebd7
15ebd8
16ebd8
17ebd9
18ebd9
19ebda
1aebda
1bebdb
1cebdb
1debdc
1eebdc
1febdd
20ebdd
21ebde
22ebde
23ebdf
24ebdf
25ebe0
26ebe0
27ebe1
28ebe1
29ebe2
2aebe2
2bebe3
2cebe3
2debe4
2eebe4
2febe5
30ebe5
31ebe6
32ebe6
33ebe7
34ebe7
35ebe8
36ebe8
37ebe9
38ebe9
39ebea
3aebea
3bebeb
3cebeb
3debec
000000
000000
000000
000000
02ec4f
03ec4f
04ec50
05ec50
06ec51
07ec51
08ec52
09ec52
0aec53
0bec53
0cec54
0dec54
0eec55
0fec55
10ec56
11ec56
12ec57
13ec57
14ec58
15ec58
16ec59
17ec59
18ec5a
19ec5a
1aec5b
1bec5b
1cec5c
1dec5c
1eec5d
1fec5d
20ec5e
21ec5e
22ec5f
23ec5f
24ec60
25ec60
26ec61
27ec61
28ec62
29ec62
2aec63
2bec63
2cec64
2dec64
2eec65
2fec65
30ec66
31ec66
32ec67
33ec67
34ec68
35ec68
36ec69
37ec69
38ec6a
39ec6a
3aec6b
3bec6b
3cec6c
3dec6c
3eec6d
3fec6d
40ec6e
41ec6e
42ec6f
43ec6f
44ec70
45ec70
46ec71
47ec71
48ec72
49ec72
4aec73
4bec73
4cec74
4dec74
4eec75
4fec75
50ec76
51ec76
52ec77
53ec77
54ec78
55ec78
56ec79
57ec79
58ec7a
59ec7a
5aec7b
5bec7b
5cec7c
5dec7c
5eec7d
5fec7d
60ec7e
61ec7e
62ec7f
63ec7f
64ec80
65ec80
66ec81
67ec81
68ec82
69ec82
6aec83
6bec83
6cec84
6dec84
6eec85
6fec85
70ec86
71ec86
72ec87
73ec87
74ec88
75ec88
76ec89
77ec89
78ec8a
79ec8a
7aec8b
7bec8b
7cec8c
7dec8c
7eec8d
7fec8d
80ec8e
81ec8e
82ec8f
83ec8f
84ec90
85ec90
86ec91
87ec91
88ec92
89ec92
8aec93
8bec93
8cec94
8dec94
8eec95
8fec95
90ec96
91ec96
92ec97
93ec97
94ec98
95ec98
96ec99
97ec99
98ec9a
99ec9a
9aec9b
9bec9b
9cec9c
9dec9c
9eec9d
9fec9d
a0ec9e
a1ec9e
a2ec9f
a3ec9f
a4eca0
a5eca0
a6eca1
a7eca1
a8eca2
a9eca2
aaeca3
abeca3
aceca4
adeca4
aeeca5
afeca5
b0eca6
b1eca6
b2eca7
b3eca7
b4eca8
b5eca8
b6eca9
b7eca9
b8ecaa
b9ecaa
baecab
bbecab
bcecac
bdecac
beecad
bfecad
c0ecae
c1ecae
c2ecaf
c3ecaf
c4ecb0
c5ecb0
c6ecb1
c7ecb1
c8ecb2
c9ecb2
caecb3
cbecb3
ccecb4
cdecb4
ceecb5
cfecb5
d0ecb6
d1ecb6
d2ecb7
d3ecb7
d4ecb8
d5ecb8
d6ecb9
d7ecb9
d8ecba
d9ecba
daecbb
dbecbb
dcecbc
ddecbc
deecbd
dfecbd
e0ecbe
e1ecbe
e2ecbf
e3ecbf
e4ecc0
e5ecc0
e6ecc1
e7ecc1
e8ecc2
e9ecc2
eaecc3
ebecc3
ececc4
edecc4
eeecc5
efecc5
f0ecc6
f1ecc6
f2ecc7
f3ecc7
f4ecc8
f5ecc8
f6ecc9
f7ecc9
f8ecca
f9ecca
faeccb
fbeccb
fceccc
fdeccc
eeeccd
afeccd
50ecce
11ecce
02eccf
03eccf
04ecd0
05ecd0
06ecd1
07ecd1
08ecd2
09ecd2
0aecd3
0becd3
0cecd4
0decd4
0eecd5
0fecd5
10ecd6
11ecd6
12ecd7
13ecd7
14ecd8
15ecd8
16ecd9
17ecd9
18ecda
19ecda
1aecdb
1becdb
1cecdc
1decdc
1eecdd
1fecdd
20ecde
21ecde
22ecdf
23ecdf
24ece0
25ece0
26ece1
27ece1
28ece2
29ece2
2aece3
2bece3
2cece4
2dece4
2eece5
2fece5
30ece6
31ece6
32ece7
33ece7
34ece8
35ece8
36ece9
37ece9
38ecea
39ecea
3aeceb
3beceb
3cecec
3decec
000000
000000
000000
000000
02ed4f
03ed4f
04ed50
05ed50
06ed51
07ed51
08ed52
09ed52
0aed53
0bed53
0ced54
0ded54
0eed55
0fed55
10ed56
11ed56
12ed57
13ed57
14ed58
15ed58
16ed59
17ed59
18ed5a
19ed5a
1aed5b
1bed5b
1ced5c
1ded5c
1eed5d
1fed5d
20ed5e
21ed5e
22ed5f
23ed5f
24ed60
25ed60
26ed61
27ed61
28ed62
29ed62
2aed63
2bed63
2ced64
2ded64
2eed65
2fed65
30ed66
31ed66
32ed67
33ed67
34ed68
35ed68
36ed69
37ed69
38ed6a
39ed6a
3aed6b
3bed6b
3ced6c
3ded6c
3eed6d
3fed6d
40ed6e
41ed6e
42ed6f
43ed6f
44ed70
45ed70
46ed71
47ed71
48ed72
49ed72
4aed73
4bed73
4ced74
4ded74
4eed75
4fed75
50ed76
51ed76
52ed77
53ed77
54ed78
55ed78
56ed79
57ed79
58ed7a
59ed7a
5aed7b
5bed7b
5ced7c
5ded7c
5eed7d
5fed7d
60ed7e
61ed7e
62ed7f
63ed7f
64ed80
65ed80
66ed81
67ed81
68ed82
69ed82
6aed83
6bed83
6ced84
6ded84
6eed85
6fed85
70ed86
71ed86
72ed87
73ed87
74ed88
75ed88
76ed89
77ed89
78ed8a
79ed8a
7aed8b
7bed8b
7ced8c
7ded8c
7eed8d
7fed8d
80ed8e
81ed8e
82ed8f
83ed8f
84ed90
85ed90
86ed91
87ed91
88ed92
89ed92
8aed93
8bed93
8ced94
8ded94
8eed95
8fed95
90ed96
91ed96
92ed97
93ed97
94ed98
95ed98
96ed99
97ed99
98ed9a
99ed9a
9aed9b
9bed9b
9ced9c
9ded9c
9eed9d
9fed9d
a0ed9e
a1ed9e
a2ed9f
a3ed9f
a4eda0
a5eda0
a6eda1
a7eda1
a8eda2
a9eda2
aaeda3
abeda3
aceda4
adeda4
aeeda5
afeda5
b0eda6
b1eda6
b2eda7
b3eda7
b4eda8
b5eda8
b6eda9
b7eda9
b8edaa
b9edaa
baedab
bbedab
bcedac
bdedac
beedad
bfedad
c0edae
c1edae
c2edaf
c3edaf
c4edb0
c5edb0
c6edb1
c7edb1
c8edb2
c9edb2
caedb3
cbedb3
ccedb4
cdedb4
ceedb5
cfedb5
d0edb6
d1edb6
d2edb7
d3edb7
d4edb8
d5edb8
d6edb9
d7edb9
d8edba
d9edba
daedbb
dbedbb
dcedbc
ddedbc
deedbd
dfedbd
e0edbe
e1edbe
e2edbf
e3edbf
e4edc0
e5edc0
e6edc1
e7edc1
e8edc2
e9edc2
eaedc3
ebedc3
ecedc4
ededc4
eeedc5
efedc5
f0edc6
f1edc6
f2edc7
f3edc7
f4edc8
f5edc8
f6edc9
f7edc9
f8edca
f9edca
faedcb
fbedcb
fcedcc
fdedcc
eeedcd
afedcd
50edce
11edce
02edcf
03edcf
04edd0
05edd0
06edd1
07edd1
08edd2
09edd2
0aedd3
0bedd3
0cedd4
0dedd4
0eedd5
0fedd5
10edd6
11edd6
12edd7
13edd7
14edd8
15edd8
16edd9
17edd9
18edda
19edda
1aeddb
1beddb
1ceddc
1deddc
1eeddd
1feddd
20edde
21edde
22eddf
23eddf
24ede0
25ede0
26ede1
27ede1
28ede2
29ede2
2aede3
2bede3
2cede4
2dede4
2eede5
2fede5
30ede6
31ede6
32ede7
33ede7
34ede8
35ede8
36ede9
37ede9
38edea
39edea
3aedeb
3bedeb
3cedec
3dedec
